customerID,tenure,PhoneService,Contract,PaymentMethod,MonthlyCharges,TotalCharges,charge_per_tenure,Churn
7590-VHVEG,1,0,0,0,29.85,29.85,29.85,0
5575-GNVDE,34,1,1,1,56.95,1889.5,55.5735294117647,0
3668-QPYBK,2,1,0,1,53.85,108.15,54.075,1
7795-CFOCW,45,0,1,2,42.3,1840.75,40.90555555555556,0
9237-HQITU,2,1,0,0,70.7,151.65,75.825,1
9305-CDSKC,8,1,0,0,99.65,820.5,102.5625,1
1452-KIOVK,22,1,0,3,89.1,1949.4,88.60909090909091,0
6713-OKOMC,10,0,0,1,29.75,301.9,30.189999999999998,0
7892-POOKP,28,1,0,0,104.8,3046.05,108.78750000000001,1
6388-TABGU,62,1,1,2,56.15,3487.95,56.25725806451613,0
9763-GRSKD,13,1,0,1,49.95,587.45,45.18846153846154,0
7469-LKBCI,16,1,2,3,18.95,326.8,20.425,0
8091-TTVAX,58,1,1,3,100.35,5681.1,97.95,0
0280-XJGEX,49,1,0,2,103.7,5036.3,102.78163265306122,1
5129-JLPIS,25,1,0,0,105.5,2686.05,107.44200000000001,0
3655-SNQYZ,69,1,2,3,113.25,7895.15,114.42246376811593,0
8191-XWSZG,52,1,1,1,20.65,1022.95,19.672115384615385,0
9959-WOFKT,71,1,2,2,106.7,7382.25,103.97535211267606,0
4190-MFLUW,10,1,0,3,55.2,528.35,52.835,1
4183-MYFRB,21,1,0,0,90.05,1862.9,88.70952380952382,0
8779-QRDMV,1,0,0,0,39.65,39.65,39.65,1
1680-VDCWW,12,1,1,2,19.8,202.25,16.854166666666668,0
1066-JKSGK,1,1,0,1,20.15,20.15,20.15,1
3638-WEABW,58,1,2,3,59.9,3505.1,60.432758620689654,0
6322-HRPFA,49,1,0,3,59.6,2970.3,60.61836734693878,0
6865-JZNKO,30,1,0,2,55.3,1530.6,51.019999999999996,0
6467-CHFZW,47,1,0,0,99.35,4749.15,101.04574468085106,1
8665-UTDHZ,1,0,0,0,30.2,30.2,30.2,1
5248-YGIJN,72,1,2,3,90.25,6369.45,88.46458333333334,0
8773-HHUOZ,17,1,0,1,64.7,1093.1,64.3,1
3841-NFECX,71,1,2,3,96.35,6766.95,95.30915492957746,0
4929-XIHVW,2,1,0,3,95.5,181.65,90.825,0
6827-IEAUQ,27,1,1,1,66.15,1874.45,69.42407407407407,0
7310-EGVHZ,1,1,0,2,20.2,20.2,20.2,0
3413-BMNZE,1,1,0,2,45.25,45.25,45.25,0
6234-RAAPL,72,1,2,2,99.9,7251.7,100.71805555555555,0
6047-YHPVI,5,1,0,0,69.7,316.9,63.379999999999995,1
6572-ADKRS,46,1,0,3,74.8,3548.3,77.13695652173914,0
5380-WJKOV,34,1,0,0,106.35,3549.25,104.38970588235294,1
8168-UQWWF,11,1,0,2,97.85,1105.4,100.4909090909091,1
8865-TNMNX,10,1,1,1,49.55,475.7,47.57,0
9489-DEDVP,70,1,2,3,69.2,4872.35,69.605,0
9867-JCZSP,17,1,1,1,20.75,418.25,24.602941176470587,0
4671-VJLCL,63,1,2,3,79.85,4861.45,77.16587301587302,0
4080-IIARD,13,1,0,0,76.2,981.45,75.49615384615385,0
3714-NTNFO,49,1,0,0,84.5,3906.7,79.72857142857143,0
5948-UJZLF,2,1,0,1,49.25,97.0,48.5,0
7760-OYPDY,2,1,0,0,80.65,144.15,72.075,1
7639-LIAYI,52,1,2,3,79.75,4217.8,81.11153846153846,0
2954-PIBKO,69,1,2,3,64.15,4254.1,61.6536231884058,0
8012-SOUDQ,43,1,0,0,90.25,3838.75,89.27325581395348,0
9420-LOJKX,15,1,0,3,99.1,1426.4,95.09333333333333,1
6575-SUVOI,25,1,0,3,69.5,1752.65,70.10600000000001,0
7495-OOKFY,8,1,0,3,80.65,633.3,79.1625,1
4667-QONEA,60,1,1,3,74.85,4456.35,74.27250000000001,0
1658-BYGOY,18,1,0,0,95.45,1752.55,97.36388888888888,1
8769-KKTPH,63,1,1,3,99.65,6311.2,100.17777777777778,0
5067-XJQFU,66,1,1,0,108.45,7076.35,107.21742424242424,0
3957-SQXML,34,1,2,3,24.95,894.3,26.302941176470586,0
5954-BDFSG,72,1,2,3,107.5,7853.7,109.07916666666667,0
0434-CSFON,47,1,0,0,100.5,4707.1,100.15106382978725,0
1215-FIGMP,60,1,0,2,89.9,5450.7,90.845,0
0526-SXDJP,72,0,2,2,42.1,2962.0,41.138888888888886,0
0557-ASKVU,18,1,1,3,54.4,957.1,53.172222222222224,0
5698-BQJOH,9,1,0,0,94.4,857.25,95.25,1
5122-CYFXA,3,1,0,0,75.3,244.1,81.36666666666666,0
8627-ZYGSZ,47,1,1,0,78.9,3650.35,77.66702127659575,0
3410-YOQBQ,31,1,2,1,79.2,2497.2,80.55483870967741,0
3170-NMYVV,50,1,2,2,20.15,930.9,18.618,0
7410-OIEDU,10,1,0,1,79.85,887.35,88.735,0
2273-QCKXA,1,1,0,1,49.05,49.05,49.05,0
0731-EBJQB,52,1,1,0,20.4,1090.65,20.974038461538463,0
1891-QRQSA,64,1,2,2,111.6,7099.0,110.921875,0
8028-PNXHQ,62,1,2,2,24.25,1424.6,22.97741935483871,0
5630-AHZIL,3,1,0,2,64.5,177.4,59.13333333333333,0
2673-CXQEU,56,1,1,0,110.5,6139.5,109.63392857142857,0
6416-JNVRK,46,1,1,3,55.65,2688.85,58.45326086956521,0
5590-ZSKRV,8,1,0,1,54.65,482.25,60.28125,0
0191-ZHSKZ,30,1,0,0,74.75,2111.3,70.37666666666668,0
3887-PBQAO,45,1,1,3,25.9,1216.6,27.035555555555554,0
5919-TMRGD,1,1,0,0,79.35,79.35,79.35,1
8108-UXRQN,11,0,0,0,50.55,565.35,51.39545454545455,0
9191-MYQKX,7,1,0,2,75.15,496.9,70.98571428571428,1
9919-YLNNG,42,1,0,2,103.8,4327.5,103.03571428571429,0
0318-ZOPWS,49,1,2,2,20.15,973.35,19.864285714285714,0
4445-ZJNMU,9,1,0,3,99.3,918.75,102.08333333333333,0
4808-YNLEU,35,1,1,2,62.15,2215.45,63.29857142857142,0
1862-QRWPE,48,1,2,2,20.65,1057.0,22.020833333333332,0
2796-NNUFI,46,1,2,1,19.95,927.1,20.15434782608696,0
3016-KSVCP,29,0,0,1,33.75,1009.25,34.80172413793103,0
4767-HZZHQ,30,1,0,2,82.05,2570.2,85.67333333333333,0
2424-WVHPL,1,1,0,0,74.7,74.7,74.7,0
7233-PAHHL,66,1,2,1,84.0,5714.25,86.57954545454545,0
6067-NGCEU,65,1,0,3,111.05,7107.0,109.33846153846154,0
9848-JQJTX,72,1,2,2,100.9,7459.05,103.59791666666666,0
8637-XJIVR,12,1,0,0,78.95,927.35,77.27916666666667,1
9803-FTJCG,71,1,1,3,66.85,4748.7,66.8830985915493,0
0278-YXOOG,5,1,0,1,21.05,113.85,22.77,1
3212-KXOCR,52,1,2,2,21.0,1107.2,21.292307692307695,0
4598-XLKNJ,25,1,0,0,98.5,2514.5,100.58,1
6380-ARCEH,1,1,0,1,20.2,20.2,20.2,0
3679-XASPY,1,1,0,0,19.45,19.45,19.45,0
7123-WQUHX,38,1,1,2,95.0,3605.6,94.88421052631578,0
5386-THSLQ,66,0,1,2,45.55,3027.25,45.86742424242424,0
3192-NQECA,68,1,2,2,110.0,7611.85,111.93897058823529,1
6180-YBIQI,5,0,0,1,24.3,100.2,20.04,0
6728-DKUCO,72,1,1,0,104.15,7303.05,101.43125,0
9750-BOOHV,32,0,1,1,30.15,927.65,28.9890625,0
8597-CWYHH,43,1,1,1,94.35,3921.3,91.19302325581396,0
2848-YXSMW,72,1,2,3,19.4,1363.25,18.93402777777778,0
0486-HECZI,55,1,0,0,96.75,5238.9,95.25272727272727,1
4549-ZDQYY,52,1,1,3,57.95,3042.25,58.50480769230769,0
5712-AHQNN,43,1,0,0,91.65,3954.1,91.95581395348837,0
4846-WHAFZ,37,1,0,0,76.5,2868.15,77.51756756756757,1
5256-SKJGO,64,0,2,0,54.6,3423.5,53.4921875,0
3071-VBYPO,3,1,0,0,89.85,248.4,82.8,0
9560-BBZXK,36,0,2,2,31.05,1126.35,31.287499999999998,0
5299-RULOA,10,1,0,0,100.25,1064.65,106.465,1
8402-OOOHJ,41,1,2,1,20.65,835.15,20.36951219512195,0
9445-ZUEQE,27,1,0,3,85.2,2151.6,79.68888888888888,0
1091-SOZGA,56,1,1,3,99.8,5515.45,98.49017857142857,0
2928-HLDBA,6,1,0,1,20.7,112.75,18.791666666666668,0
0404-SWRVG,3,1,0,0,74.4,229.55,76.51666666666667,1
6497-TILVL,7,1,0,1,50.7,350.35,50.050000000000004,0
7219-TLZHO,4,1,0,1,20.85,62.9,15.725,0
4622-YNKIJ,33,1,2,0,88.95,3027.65,91.7469696969697,0
4412-YLTKF,27,1,0,0,78.05,2135.5,79.0925925925926,1
6734-PSBAW,72,1,2,2,23.55,1723.95,23.94375,0
3930-ZGWVE,1,1,0,1,19.75,19.75,19.75,0
2639-UGMAZ,71,0,1,0,56.45,3985.35,56.131690140845066,0
2876-GZYZC,13,1,0,0,85.95,1215.65,93.51153846153846,0
6207-WIOLX,25,0,0,3,58.6,1502.65,60.106,1
8587-XYZSF,67,1,2,2,50.55,3260.1,48.65820895522388,0
3091-FYHKI,1,0,0,0,35.45,35.45,35.45,1
2372-HWUHI,2,1,0,0,44.35,81.25,40.625,1
7799-LGRDP,43,1,2,3,25.7,1188.2,27.632558139534886,0
7850-VWJUU,23,1,0,2,75.0,1778.5,77.32608695652173,0
3774-VBNXY,64,1,2,1,20.2,1277.75,19.96484375,0
6217-KDYWC,57,1,2,1,19.6,1170.55,20.5359649122807,0
0390-DCFDQ,1,1,0,1,70.45,70.45,70.45,1
3146-MSEGF,72,1,2,3,88.05,6425.65,89.24513888888889,0
4080-OGPJL,8,1,0,0,71.15,563.65,70.45625,1
1095-WGNGG,61,1,2,2,101.05,5971.25,97.88934426229508,0
2636-SJDOU,64,1,1,3,84.3,5289.05,82.64140625,0
1131-QQZEB,71,1,2,2,23.95,1756.2,24.735211267605635,0
5716-EZXZN,65,1,2,3,99.05,6416.7,98.71846153846154,0
6837-BJYDQ,3,1,1,1,19.6,61.35,20.45,0
2135-RXIHG,1,1,0,0,45.65,45.65,45.65,1
6440-DKQGE,30,1,1,3,64.5,1929.95,64.33166666666666,0
3466-BYAVD,15,1,0,1,69.5,1071.4,71.42666666666668,0
3780-YVMFA,8,1,0,0,68.55,564.35,70.54375,0
3874-EQOEP,7,1,0,1,95.0,655.5,93.64285714285714,1
1679-JRFBR,70,1,1,3,108.15,7930.55,113.29357142857143,0
9073-ZZIAY,62,1,2,0,86.1,5215.25,84.11693548387096,0
3077-RSNTJ,6,1,0,1,19.7,113.5,18.916666666666668,0
6551-GNYDG,14,1,0,2,80.9,1152.8,82.34285714285714,0
9167-APMXZ,22,1,0,2,84.15,1821.95,82.81590909090909,0
2749-CTKAJ,22,1,1,1,20.15,419.9,19.086363636363636,0
6371-NZYEG,16,1,2,1,64.25,1024.0,64.0,0
7554-NEWDD,10,1,2,2,25.7,251.6,25.16,0
8992-VONJD,13,1,0,0,56.0,764.55,58.81153846153846,0
0867-MKZVY,20,1,0,0,82.4,1592.35,79.61749999999999,1
4482-EWFMI,2,1,0,0,69.7,135.2,67.6,0
4648-YPBTM,53,1,2,2,73.9,3958.25,74.68396226415095,0
2907-ILJBN,11,1,1,1,20.6,233.9,21.263636363636365,0
6345-FZOQH,69,1,2,1,19.9,1363.45,19.76014492753623,0
3376-BMGFE,4,1,0,2,70.9,273.0,68.25,1
5997-OPVFA,72,1,2,2,89.05,6254.45,86.86736111111111,0
3445-HXXGF,58,0,0,0,45.3,2651.2,45.710344827586205,1
1159-WFSGR,16,1,0,0,20.4,321.4,20.0875,0
7654-YWJUF,43,1,1,2,84.25,3539.25,82.30813953488372,0
1875-QIVME,2,1,0,0,104.4,242.8,121.4,1
6727-IOTLZ,14,1,2,1,81.95,1181.75,84.41071428571429,0
0691-JVSYA,53,1,1,2,94.85,5000.2,94.3433962264151,1
5918-VUKWP,32,1,1,2,20.55,654.55,20.4546875,0
1744-JHKYS,34,1,0,0,24.7,780.2,22.947058823529414,0
2656-FMOKZ,15,1,0,1,74.45,1145.7,76.38000000000001,1
2070-FNEXE,7,1,0,2,76.45,503.6,71.94285714285715,1
5947-SGKCL,15,1,0,2,105.35,1559.25,103.95,0
3712-PKXZA,61,1,1,3,20.55,1252.0,20.524590163934427,0
6317-YPKDH,1,0,0,2,29.95,29.95,29.95,1
6582-OIVSP,1,1,0,1,45.3,45.3,45.3,0
9367-WXLCH,8,1,0,2,84.5,662.65,82.83125,1
5524-KHNJP,33,1,1,3,74.75,2453.3,74.34242424242424,0
1918-ZBFQJ,13,1,0,0,79.25,1111.65,85.51153846153846,1
1024-GUALD,1,0,0,0,24.8,24.8,24.8,1
4827-USJHP,20,1,0,1,51.8,1023.85,51.1925,0
8167-GJLRN,3,0,0,0,30.4,82.15,27.383333333333336,0
0956-SYCWG,13,1,1,0,19.65,244.8,18.83076923076923,0
8017-UVSZU,40,1,0,3,56.6,2379.1,59.4775,0
7100-FQPRV,43,1,1,3,71.9,3173.35,73.79883720930232,0
2472-OVKUP,6,1,0,0,91.0,531.0,88.5,1
2984-RGEYA,69,1,2,2,19.75,1375.4,19.933333333333334,0
9680-NIAUV,72,1,2,3,109.7,8129.3,112.90694444444445,0
2146-EGVDT,59,1,2,3,19.3,1192.7,20.215254237288136,0
2604-IJPDU,20,1,0,0,96.55,1901.65,95.08250000000001,0
9178-JHUVJ,24,1,2,2,24.1,587.4,24.474999999999998,0
6168-YBYNP,59,1,0,0,111.35,6519.75,110.5042372881356,0
7255-SSFBC,72,1,2,2,112.25,8041.65,111.68958333333333,0
3645-DEYGF,1,1,0,1,20.75,20.75,20.75,0
9323-HGFWY,27,1,1,3,101.9,2681.15,99.30185185185185,0
8544-GOQSH,14,1,0,3,80.05,1112.3,79.45,0
3363-DTIVD,71,1,2,0,105.55,7405.5,104.30281690140845,0
7018-WBJNK,13,1,0,3,78.3,1033.95,79.53461538461539,0
9142-KZXOP,44,1,0,3,68.85,2958.95,67.24886363636364,0
7674-YTAFD,33,1,1,2,79.95,2684.85,81.35909090909091,0
6348-SNFUS,72,0,2,3,55.45,4179.2,58.044444444444444,0
1285-OKIPP,1,1,0,0,79.9,79.9,79.9,1
7825-ECJRF,19,1,0,0,106.6,1934.45,101.81315789473685,1
1347-KTTTA,64,1,1,3,102.45,6654.1,103.9703125,0
7841-TZDMQ,2,1,0,3,46.0,84.5,42.25,1
4195-NZGTA,1,0,0,0,25.25,25.25,25.25,0
7157-SMCFK,61,1,2,1,19.75,1124.2,18.42950819672131,0
4709-LKHYG,29,1,1,0,20.0,540.05,18.622413793103448,0
2504-DSHIH,23,1,0,0,86.8,1975.85,85.90652173913043,0
0699-NDKJM,57,0,0,2,58.75,3437.45,60.30614035087719,0
9286-BHDQG,72,0,2,3,45.25,3139.8,43.608333333333334,0
0230-WEQUW,66,0,2,2,56.6,3789.2,57.41212121212121,0
2040-LDIWQ,65,1,2,2,84.2,5324.5,81.91538461538461,0
6496-JDSSB,8,1,0,2,80.0,624.6,78.075,0
9408-SSNVZ,4,1,0,0,70.15,268.35,67.0875,1
4443-EMBNA,71,1,2,2,24.75,1836.9,25.871830985915494,0
6469-MRVET,1,1,1,0,20.2,20.2,20.2,0
0742-MOABM,4,1,0,1,50.05,179.35,44.8375,1
5961-VUSRV,12,1,1,2,19.35,219.35,18.279166666666665,0
6778-JFCMK,24,0,1,1,50.6,1288.75,53.697916666666664,0
6341-JVQGF,31,1,1,1,81.15,2545.75,82.12096774193549,0
2232-DMLXU,1,1,0,1,55.2,55.2,55.2,1
4811-JBUVU,30,1,0,3,89.9,2723.15,90.77166666666668,0
0945-TSONX,47,1,2,3,85.3,4107.25,87.38829787234043,0
2651-ZCBXV,54,1,2,3,108.0,5760.65,106.6787037037037,0
3316-UWXUY,50,1,0,3,93.5,4747.5,94.95,0
8937-RDTHP,1,1,0,1,84.6,84.6,84.6,1
7083-MIOPC,72,1,2,3,20.25,1566.9,21.762500000000003,0
1984-GPTEH,29,1,0,0,25.15,702.0,24.20689655172414,0
1251-KRREG,2,1,0,1,54.4,114.1,57.05,1
0621-JFHOL,10,0,2,1,29.6,299.05,29.905,0
9903-LYSAB,18,1,0,0,73.15,1305.95,72.55277777777778,0
0094-OIFMO,11,1,0,0,95.0,1120.3,101.84545454545454,1
9227-UAQFT,16,1,2,1,19.75,284.35,17.771875,0
7301-ABVAD,72,1,2,2,86.6,6350.5,88.20138888888889,0
6614-FHDBO,72,1,2,2,109.2,7878.3,109.42083333333333,0
7576-ASEJU,41,1,1,3,74.7,3187.65,77.74756097560976,0
9058-HRZSV,65,1,0,0,94.4,6126.15,94.24846153846153,0
4522-AKYLR,13,1,0,0,54.8,731.3,56.25384615384615,0
0221-WMXNQ,4,1,0,0,75.35,273.4,68.35,0
0303-UNCIP,41,1,1,1,65.0,2531.8,61.75121951219513,0
9947-OTFQU,15,1,0,0,74.4,1074.3,71.61999999999999,1
0322-YINQP,1,1,0,1,48.55,48.55,48.55,1
0959-WHOKV,42,1,1,0,99.0,4298.45,102.34404761904761,0
4075-JFPGR,51,1,1,0,93.5,4619.55,90.57941176470588,0
4629-NRXKX,2,1,0,0,70.4,147.15,73.575,1
9514-JDSKI,1,0,0,0,40.2,40.2,40.2,1
3282-ZISZV,32,1,1,3,83.7,2633.3,82.290625,0
3675-YDUPJ,10,1,0,1,19.85,193.05,19.305,0
4111-BNXIF,67,0,2,0,59.55,4103.9,61.252238805970144,0
7017-VFHAY,61,1,2,3,115.1,7008.15,114.88770491803278,0
6655-LHBYW,50,1,1,3,114.35,5791.1,115.822,0
4959-JOSRX,2,1,0,3,44.6,80.55,40.275,1
5046-NUHWD,29,0,0,0,45.0,1228.65,42.36724137931035,0
7273-TEFQD,3,0,0,0,41.15,132.2,44.06666666666666,1
3606-TWKGI,13,1,0,0,106.9,1364.3,104.94615384615385,1
7529-ZDFXI,57,1,0,0,89.85,4925.35,86.40964912280702,0
7605-BDWDC,31,0,2,2,49.85,1520.1,49.03548387096774,0
1950-KSVVJ,45,1,1,1,113.3,5032.25,111.82777777777778,0
0123-CRBRT,61,1,2,1,88.1,5526.75,90.60245901639344,0
6292-TOSSS,50,1,2,2,24.9,1195.25,23.905,0
3197-ARFOY,19,1,0,1,105.0,2007.25,105.64473684210526,0
6323-AYBRX,59,1,2,1,19.35,1099.6,18.63728813559322,1
7014-ZZXAW,71,1,2,3,24.25,1732.95,24.40774647887324,0
4385-GZQXV,16,1,0,0,94.45,1511.2,94.45,1
7633-MVPUY,57,1,2,0,59.75,3450.15,60.52894736842106,0
6366-ZGQGL,1,0,0,2,24.8,24.8,24.8,1
4716-HHKQH,20,1,0,0,107.05,2172.05,108.6025,0
5940-AHUHD,1,1,0,1,70.6,70.6,70.6,1
6432-TWQLB,5,1,0,0,85.4,401.1,80.22,1
4484-GLZOU,52,1,0,0,105.05,5624.85,108.17019230769232,1
3179-GBRWV,21,1,0,2,64.95,1339.8,63.8,0
8645-KWHJO,14,0,0,0,55.0,771.95,55.13928571428572,0
4130-MZLCC,5,1,0,2,50.55,244.75,48.95,0
0314-TKOSI,6,1,0,1,55.15,322.9,53.81666666666666,0
8229-MYEJZ,10,1,0,0,51.2,498.25,49.825,0
2080-SRCDE,1,1,0,1,25.4,25.4,25.4,0
9577-WJVCQ,68,1,0,1,54.45,3687.75,54.231617647058826,0
9512-UIBFX,18,1,0,1,95.15,1779.95,98.88611111111112,1
6202-DYYFX,22,1,1,3,76.0,1783.6,81.07272727272726,0
3808-HFKDE,20,1,0,0,44.35,927.15,46.3575,0
5583-SXDAG,1,1,0,0,70.0,70.0,70.0,1
3488-PGMQJ,8,1,0,0,74.5,606.55,75.81875,1
3580-REOAC,10,1,0,3,44.85,435.4,43.54,1
7534-BFESC,24,1,0,0,76.1,1712.7,71.3625,1
3727-OWVYD,35,1,1,1,61.2,2021.2,57.74857142857143,0
2294-SALNE,23,1,1,1,86.8,1940.8,84.38260869565217,0
4847-TAJYI,6,1,0,0,89.35,567.8,94.63333333333333,0
1563-IWQEX,12,1,0,1,19.7,220.35,18.3625,0
8203-XJZRC,1,1,0,1,20.25,20.25,20.25,0
6556-DBKZF,71,1,2,0,76.05,5436.45,76.56971830985916,0
6851-WEFYX,35,1,0,0,100.8,3437.5,98.21428571428571,0
2985-JUUBZ,40,1,0,0,74.55,3015.75,75.39375,0
6390-DSAZX,1,1,0,1,73.6,73.6,73.6,1
0895-LMRSF,23,1,1,2,64.9,1509.8,65.64347826086956,0
8098-LLAZX,4,1,0,0,95.45,396.1,99.025,1
8266-VBFQL,4,1,0,0,90.4,356.65,89.1625,0
8181-YHCMF,68,0,2,3,60.3,4109.0,60.4264705882353,0
2240-HSJQD,38,1,0,1,81.85,3141.7,82.67631578947368,0
1248-DYXUB,52,1,2,1,24.8,1229.1,23.63653846153846,0
0265-EDXBD,32,1,0,0,74.9,2303.35,71.9796875,1
4115-BNPJY,29,1,2,1,75.55,2054.4,70.84137931034483,0
3167-SNQPL,38,1,0,0,101.15,3741.85,98.46973684210526,0
4091-TVOCN,48,1,1,3,78.75,3682.45,76.71770833333333,0
1098-TDVUQ,1,1,0,2,19.25,19.25,19.25,0
7277-OZCGZ,22,1,0,0,89.05,1886.25,85.73863636363636,0
1557-EMYVT,43,1,2,3,115.05,4895.1,113.83953488372094,0
2799-ARNLO,5,1,0,0,69.35,341.6,68.32000000000001,0
7563-BIUPC,5,1,0,0,80.6,415.55,83.11,1
5027-YOCXN,51,1,1,3,110.05,5686.4,111.49803921568626,0
3973-SKMLN,71,1,2,3,19.9,1355.1,19.085915492957746,0
2321-OMBXY,38,1,1,3,80.3,3058.65,80.49078947368422,1
2840-XANRC,24,1,0,0,93.15,2231.05,92.96041666666667,1
6745-JEFZB,35,1,0,3,91.5,3236.35,92.46714285714286,0
5020-ZSTTY,54,1,1,2,82.45,4350.1,80.55740740740741,1
9880-TDQAC,72,0,2,0,60.0,4264.0,59.22222222222222,0
8705-WZCYL,1,1,0,0,44.8,44.8,44.8,0
7102-JJVTX,9,1,1,1,48.6,422.3,46.922222222222224,0
8626-PTQGE,69,0,2,2,60.05,4176.7,60.53188405797101,0
4983-CLMLV,52,1,0,3,102.7,5138.1,98.8096153846154,0
5701-YVSVF,11,1,0,0,82.9,880.05,80.00454545454545,0
5804-LEPIM,2,1,0,0,70.35,139.05,69.525,1
5697-GOMBF,28,0,0,0,35.9,973.65,34.77321428571428,0
2739-CACDQ,17,1,0,3,82.65,1470.05,86.4735294117647,0
9385-EHGDO,35,1,2,1,19.85,739.35,21.124285714285715,0
9498-FIMXL,8,1,1,1,19.2,161.95,20.24375,0
2379-GYFLQ,46,1,1,3,94.9,4422.95,96.15108695652174,0
0122-OAHPZ,7,1,0,0,73.85,511.25,73.03571428571429,1
2868-SNELZ,2,1,0,1,80.6,155.8,77.9,1
4322-RCYMT,68,1,1,2,75.8,5293.95,77.85220588235293,1
6680-NENYN,43,1,2,0,104.6,4759.85,110.69418604651163,1
2088-IEBAU,68,1,2,0,88.15,6148.45,90.41838235294118,0
7982-VCELR,36,1,0,3,94.8,3565.65,99.04583333333333,0
1343-EHPYB,63,1,0,0,103.4,6603.0,104.80952380952381,1
6035-BXTTY,32,1,0,2,54.65,1830.1,57.190625,0
6885-PKOAM,71,1,2,3,85.75,6223.8,87.65915492957747,0
7520-HQWJU,66,1,0,2,67.45,4508.65,68.31287878787879,0
9639-BUJXT,63,1,1,1,20.5,1328.15,21.081746031746032,0
5924-SNGKP,41,1,1,3,20.25,865.0,21.097560975609756,0
0021-IKXGC,1,1,0,0,72.1,72.1,72.1,0
2034-GDRCN,2,1,0,0,90.4,168.2,84.1,1
8966-SNIZF,70,1,2,2,19.45,1303.5,18.62142857142857,0
6243-OZGFH,23,0,0,0,44.95,996.85,43.34130434782609,0
4654-DLAMQ,64,1,1,2,97.0,6430.9,100.4828125,0
0513-RBGPE,37,1,2,3,62.8,2278.75,61.58783783783784,0
5160-UXJED,17,1,1,1,44.6,681.4,40.08235294117647,0
4115-NZRKS,7,1,0,0,89.15,574.35,82.05,0
0219-YTZUE,4,1,0,2,84.8,371.9,92.975,1
0623-IIHUG,21,0,0,0,41.9,840.1,40.00476190476191,1
4572-DVCGN,10,1,0,2,80.25,846.0,84.6,1
3351-NGXYI,16,1,0,0,54.1,889.0,55.5625,0
8984-EYLLL,64,1,2,0,105.25,6823.4,106.615625,0
9057-MSWCO,27,0,0,3,30.75,805.1,29.81851851851852,1
9833-TGFHX,42,1,1,0,97.1,4016.75,95.63690476190476,0
9294-TDIPC,5,1,0,1,20.2,83.75,16.75,0
5229-DTFYB,41,1,2,2,98.8,3959.15,96.56463414634146,0
0104-PPXDV,58,1,1,3,50.3,2878.55,49.630172413793105,0
5176-LMJXE,47,1,2,1,20.55,945.7,20.121276595744682,0
3583-KRKMD,18,1,0,2,75.9,1373.05,76.28055555555555,0
1010-DIAUQ,5,1,0,2,96.5,492.55,98.51,1
9069-LGEUL,23,1,0,2,59.95,1406.0,61.130434782608695,0
7302-ZHMHP,1,1,0,1,19.15,19.15,19.15,0
9571-EDEBV,71,1,1,3,98.65,6962.85,98.06830985915494,0
3520-FJGCV,72,1,2,3,112.6,8126.65,112.87013888888889,0
6563-VRERX,33,1,1,1,20.6,690.25,20.916666666666668,0
0259-GBZSH,2,1,0,0,85.65,181.5,90.75,1
6122-EFVKN,24,0,2,1,35.75,830.8,34.61666666666667,0
2805-EDJPQ,56,1,1,3,99.75,5608.4,100.14999999999999,0
6862-CQUMB,37,1,0,3,96.1,3646.8,98.56216216216217,0
7156-MXBJE,43,1,1,3,85.1,3662.25,85.1686046511628,0
6158-HDPXZ,1,0,0,1,25.35,25.35,25.35,0
9601-BRXPO,25,1,0,2,104.95,2566.5,102.66,1
2863-IMQDR,61,1,2,0,89.65,5308.7,87.02786885245901,0
5686-CMAWK,17,1,1,0,86.75,1410.25,82.95588235294117,0
5651-CRHKQ,41,1,1,2,86.2,3339.05,81.44024390243902,0
6905-NIQIN,1,1,0,1,50.65,50.65,50.65,1
8204-YJCLA,72,0,2,2,64.8,4732.35,65.72708333333334,0
5167-ZFFMM,1,1,0,3,90.85,90.85,90.85,1
6583-SZVGP,48,1,2,2,108.1,5067.45,105.57187499999999,0
4895-TMWIR,11,1,0,1,19.95,214.75,19.522727272727273,1
0533-BNWKF,55,1,0,0,85.45,4874.7,88.63090909090909,1
1708-PBBOA,42,0,1,0,54.75,2348.45,55.915476190476184,0
8782-LKFPK,44,1,0,1,90.4,4063.0,92.3409090909091,0
5522-JBWMO,1,1,0,0,44.0,44.0,44.0,0
3597-MVHJT,27,1,0,2,95.6,2595.25,96.12037037037037,0
9774-NRNAU,27,1,0,2,84.8,2309.55,85.53888888888889,0
0224-RLWWD,2,1,0,0,44.3,89.3,44.65,0
9967-ATRFS,19,1,0,1,19.9,367.55,19.344736842105263,0
3951-NJCVI,42,1,0,0,95.05,3944.5,93.91666666666667,0
2977-CEBSX,66,1,2,3,90.05,5965.95,90.39318181818182,0
0177-PXBAT,33,1,0,2,109.9,3694.7,111.96060606060605,0
6599-CEBNN,34,1,0,3,73.95,2524.45,74.24852941176471,1
2519-ERQOJ,33,0,0,0,54.6,1803.7,54.657575757575756,0
5876-QMYLD,23,1,1,1,20.05,415.1,18.047826086956523,0
2277-AXSDC,32,1,1,2,19.75,624.15,19.5046875,0
9442-JTWDL,11,1,1,3,20.05,237.7,21.60909090909091,0
0979-PHULV,69,1,0,3,99.45,7007.6,101.55942028985508,1
3067-SVMTC,68,1,1,2,55.9,3848.8,56.6,0
5495-GPSRW,20,1,2,1,19.7,419.4,20.97,0
7606-BPHHN,72,1,2,3,19.8,1468.75,20.399305555555557,0
4742-DRORA,60,1,1,2,95.4,5812.0,96.86666666666666,0
0111-KLBQG,32,1,0,1,93.95,2861.45,89.4203125,0
4800-VHZKI,1,1,0,1,19.9,19.9,19.9,1
7989-CHGTL,1,1,0,1,19.6,19.6,19.6,1
0334-GDDSO,3,1,0,0,81.35,233.7,77.89999999999999,1
4163-NCJAK,46,1,1,2,24.45,1066.15,23.17717391304348,0
5233-AOZUF,29,1,0,0,74.95,2149.05,74.10517241379311,0
5973-EJGDP,51,1,0,0,87.35,4473.0,87.70588235294117,0
1996-DBMUS,48,1,0,2,70.65,3545.05,73.85520833333334,0
7916-VCCPB,16,1,0,2,73.25,1195.75,74.734375,0
4686-GEFRM,70,1,2,2,98.7,6858.9,97.9842857142857,0
5249-QYHEX,40,1,2,1,24.8,1024.7,25.6175,0
0578-SKVMF,22,1,0,0,83.3,1845.9,83.90454545454546,1
5564-NEMQO,1,1,0,2,75.3,75.3,75.3,1
2233-FAGXV,5,1,0,1,24.3,132.25,26.45,0
5605-IYGFG,7,1,0,2,69.85,515.45,73.63571428571429,0
7663-ZTEGJ,29,1,1,3,100.55,2830.45,97.60172413793103,0
3935-TBRZZ,44,1,1,1,25.7,1110.5,25.238636363636363,0
8111-BKVDS,10,0,0,2,40.7,449.3,44.93,0
2055-SIFSS,55,1,0,2,51.65,2838.55,51.61000000000001,0
2806-MLNTI,52,1,1,2,105.1,5376.4,103.39230769230768,0
8734-DKSTZ,10,1,0,0,85.95,858.6,85.86,0
4360-PNRQB,18,1,0,2,75.6,1395.05,77.50277777777778,0
6152-ONASV,68,1,1,2,58.25,3975.7,58.46617647058823,0
9063-ZGTUY,61,1,0,1,19.4,1182.55,19.38606557377049,1
7781-HVGMK,72,0,2,3,65.2,4784.45,66.45069444444444,0
2181-UAESM,2,1,0,0,53.45,119.5,59.75,0
2957-LOLHO,12,1,0,2,45.4,518.9,43.24166666666667,1
6048-NJXHX,41,1,2,0,19.75,899.45,21.93780487804878,0
2320-SLKMB,26,0,0,3,44.45,1183.8,45.53076923076923,0
4980-URKXC,36,1,1,2,20.85,720.05,20.001388888888886,0
4376-KFVRS,72,1,2,3,114.05,8468.2,117.6138888888889,0
5886-VLQVU,35,1,0,2,89.85,3161.2,90.32,0
3577-AMVUX,1,1,0,1,55.05,55.05,55.05,0
0771-WLCLA,16,1,0,0,112.95,1882.55,117.659375,0
5628-RKIFK,49,1,0,3,101.55,5070.4,103.47755102040816,0
0206-TBWLC,54,1,1,1,114.65,6049.5,112.02777777777777,0
2937-FTHUR,18,1,0,0,64.8,1166.7,64.81666666666666,0
1910-FMXJM,36,1,0,0,80.4,2937.65,81.60138888888889,0
7752-XUSCI,60,1,0,0,105.9,6396.45,106.6075,1
4110-PFEUZ,1,1,0,1,69.55,69.55,69.55,1
0732-OCQOC,52,1,2,2,25.05,1270.25,24.427884615384617,0
5168-MSWXT,8,1,0,0,94.75,759.55,94.94375,0
1090-ESELR,72,1,2,2,105.5,7611.55,105.71597222222222,0
8592-PLTMQ,64,1,1,1,24.7,1642.75,25.66796875,0
5760-WRAHC,22,1,0,1,69.75,1545.4,70.24545454545455,0
8847-GEOOQ,60,0,0,2,60.2,3582.4,59.70666666666667,0
0256-LTHVJ,28,1,0,0,81.05,2227.1,79.53928571428571,1
4785-FCIFB,61,1,2,1,24.4,1417.9,23.24426229508197,0
8313-NDOIA,24,1,0,0,104.15,2494.65,103.94375000000001,0
5149-CUZUJ,28,1,1,2,92.9,2768.35,98.86964285714285,0
0942-KOWSM,30,1,2,2,80.8,2369.3,78.97666666666667,0
4237-CLSMM,2,1,0,1,20.0,38.0,19.0,0
1452-VOQCH,1,1,0,0,75.1,75.1,75.1,0
4719-UMSIY,6,1,0,1,19.65,100.9,16.816666666666666,0
6614-VBEGU,24,1,0,2,69.45,1614.05,67.25208333333333,0
0880-TKATG,4,1,0,0,101.15,385.9,96.475,1
3811-VBYBZ,7,1,0,0,99.8,673.25,96.17857142857143,1
1480-BKXGA,72,1,2,2,116.05,8404.9,116.73472222222222,0
2996-XAUVF,70,0,2,1,40.05,2799.75,39.996428571428574,0
9076-AXYIK,64,1,2,0,102.1,6538.45,102.16328125,0
5968-XQIVE,72,1,1,0,89.7,6588.95,91.51319444444444,0
8896-RAZCR,44,1,2,1,19.9,868.1,19.729545454545455,0
4640-UHDOS,13,1,0,0,55.95,734.35,56.48846153846154,1
4933-IKULF,17,1,1,1,20.65,330.6,19.447058823529414,0
3583-EKAPL,1,1,0,0,55.0,55.0,55.0,1
1304-BCCFO,9,1,0,1,70.05,564.4,62.71111111111111,0
4104-PVRPS,24,1,0,1,53.6,1315.35,54.80625,0
9399-APLBT,1,1,0,0,74.7,74.7,74.7,1
2359-KMGLI,24,1,0,0,80.25,1861.5,77.5625,1
3780-DDGSE,35,1,0,0,76.05,2747.2,78.49142857142857,0
4431-EDMIQ,7,1,0,0,75.7,554.05,79.14999999999999,0
0306-JAELE,5,1,0,0,96.1,453.4,90.67999999999999,1
6227-HWPWX,15,1,0,2,69.0,994.8,66.32,1
0486-LGCCH,11,1,2,1,19.65,225.75,20.522727272727273,0
0447-BEMNG,48,0,0,2,45.3,2145.0,44.6875,1
4612-SSVHJ,20,1,0,0,81.45,1671.6,83.58,0
5168-MQQCA,72,1,1,2,108.5,8003.8,111.16388888888889,0
5949-XIKAE,8,1,0,0,83.55,680.05,85.00625,1
7971-HLVXI,72,1,2,3,84.5,6130.85,85.15069444444445,0
9094-AZPHK,15,1,0,0,100.15,1415.0,94.33333333333333,0
3649-JPUGY,72,1,2,2,88.6,6201.95,86.13819444444444,0
8372-JUXUI,1,1,0,0,74.35,74.35,74.35,1
3552-CTCYF,63,1,2,2,104.8,6597.25,104.71825396825396,0
6778-YSNIH,2,1,0,0,59.0,114.15,57.075,0
0388-EOPEX,2,1,0,0,74.4,139.4,69.7,1
5756-OZRIO,61,1,1,2,64.05,3902.6,63.97704918032787,0
6579-JPICP,1,1,0,1,20.4,20.4,20.4,0
8205-OTCHB,22,0,1,2,43.75,903.6,41.07272727272727,1
4134-BSXLX,28,1,0,1,60.9,1785.65,63.77321428571429,0
0505-SPOOW,70,1,2,2,19.8,1397.65,19.966428571428573,0
6235-VDHOM,5,0,0,0,28.45,131.05,26.21,1
7783-YKGDV,12,1,0,2,99.7,1238.45,103.20416666666667,1
4374-YMUSQ,34,1,1,3,116.25,3899.05,114.6779411764706,0
4513-CXYIX,71,1,2,3,80.7,5676.0,79.94366197183099,0
3957-HHLMR,70,1,1,2,65.2,4543.15,64.90214285714285,0
7803-XOCCZ,52,1,0,2,84.05,4326.8,83.20769230769231,0
5736-YEJAX,69,1,2,3,79.45,5502.55,79.74710144927536,0
5609-CEBID,20,1,0,0,94.1,1782.4,89.12,1
8981-FJGLA,11,1,0,1,78.0,851.8,77.43636363636364,0
7218-HKQFK,2,1,0,0,94.2,167.5,83.75,1
4636-QRJKY,6,1,0,0,80.5,502.85,83.80833333333334,1
1135-LMECX,1,1,0,1,19.85,19.85,19.85,0
4332-MUOEZ,20,1,1,3,94.3,1818.3,90.91499999999999,0
8535-SFUTN,61,1,0,0,106.45,6300.15,103.2811475409836,0
5956-VKDTT,5,1,0,0,74.35,334.8,66.96000000000001,1
8677-HDZEE,56,1,0,2,105.45,5916.95,105.65982142857142,0
2475-MROZF,30,1,0,3,95.0,2852.4,95.08,0
9412-GHEEC,40,1,0,2,104.8,4131.95,103.29875,1
3482-ABPKK,28,1,1,1,54.3,1546.3,55.225,0
6705-LXORM,5,1,0,0,70.05,302.6,60.52,0
0257-ZESQC,27,1,0,2,75.2,1929.35,71.4574074074074,1
7531-GQHME,12,1,0,3,20.05,265.45,22.120833333333334,0
5174-ITUMV,67,1,1,0,105.4,6989.45,104.32014925373134,0
4109-CYRBD,29,1,0,0,51.6,1442.0,49.724137931034484,0
0913-XWSCN,55,1,0,2,85.5,4713.4,85.69818181818181,0
6825-UYPFK,23,1,0,2,75.6,1758.6,76.4608695652174,1
8397-MVTAZ,34,1,0,0,100.05,3480.0,102.3529411764706,1
0750-EBAIU,52,1,1,0,91.25,4738.3,91.12115384615385,0
8606-CIQUL,72,1,2,3,115.75,8399.15,116.6548611111111,0
3571-DPYUH,58,1,1,3,94.7,5430.35,93.62672413793103,0
7601-GNDYK,35,1,2,1,19.6,686.95,19.627142857142857,0
0356-OBMAC,56,1,2,2,99.9,5706.3,101.89821428571429,0
8067-NIOYM,24,1,2,3,21.1,490.65,20.443749999999998,0
1403-GYAFU,70,1,2,3,20.05,1360.25,19.432142857142857,0
4234-XTNEA,2,1,0,0,79.95,174.45,87.225,0
1297-VQDRP,68,1,1,3,107.15,7379.8,108.5264705882353,0
9282-IZGQK,1,1,0,0,85.0,85.0,85.0,1
5348-CAGXB,12,1,0,0,89.55,1021.75,85.14583333333333,0
0621-HJWXJ,63,1,0,2,81.55,5029.05,79.82619047619048,0
5844-QVTAT,33,1,1,1,58.45,1955.4,59.25454545454546,0
8905-IAZPF,69,1,1,3,95.65,6744.2,97.74202898550725,0
5394-MEITZ,60,1,2,2,80.6,4946.7,82.445,0
6859-QNXIQ,72,1,2,2,113.1,8248.5,114.5625,0
2782-LFZVW,11,1,0,1,58.95,601.6,54.690909090909095,0
2866-IKBTM,1,1,0,1,19.55,19.55,19.55,0
1342-JPNKI,10,1,0,2,86.05,834.1,83.41,1
2817-NTQDO,13,0,0,3,45.55,597.0,45.92307692307692,1
7129-AZJDE,34,1,1,2,78.95,2647.2,77.85882352941177,0
6986-IJDHX,39,1,0,1,86.3,3266.0,83.74358974358974,1
2560-PPCHE,65,1,1,2,105.05,6744.25,103.75769230769231,0
4676-MQUEA,50,1,1,2,101.9,5265.5,105.31,0
8138-EALND,15,1,0,1,19.75,311.6,20.773333333333333,0
3580-HYCSP,72,1,2,2,110.3,7966.9,110.65138888888889,0
1352-HNSAW,72,1,2,2,115.6,8220.4,114.17222222222222,0
2075-PUEPR,55,1,2,2,19.35,1153.25,20.96818181818182,0
1982-FEBTD,23,1,2,3,25.6,514.75,22.380434782608695,0
5301-GAUUY,32,1,0,2,80.35,2596.15,81.1296875,1
5791-KAJFD,56,1,1,2,68.75,3808.0,68.0,0
2654-VBVPB,1,1,0,2,19.9,19.9,19.9,0
1154-HYWWO,38,1,1,1,70.6,2708.2,71.26842105263158,0
2501-XWWTZ,11,1,0,0,70.2,760.05,69.09545454545454,0
3716-UVSPD,1,1,0,0,49.3,49.3,49.3,0
6815-ABQFQ,56,1,1,0,107.25,6033.3,107.7375,0
7343-EOBEU,3,1,0,1,23.6,89.05,29.683333333333334,0
3701-SFMUH,7,1,0,3,69.7,516.15,73.73571428571428,0
6103-LIANB,59,1,2,3,99.5,5861.75,99.35169491525424,0
7319-VENRZ,7,1,0,2,64.3,445.95,63.707142857142856,0
5846-NEQVZ,71,1,2,3,70.85,4973.4,70.04788732394366,0
6967-QIQRV,15,1,1,0,101.9,1667.25,111.15,0
5781-RFZRP,71,1,2,3,73.5,5357.75,75.46126760563381,0
0939-YAPAF,35,1,0,0,100.25,3527.6,100.78857142857143,1
0308-IVGOK,11,0,1,3,40.4,422.6,38.41818181818182,0
7293-LSCDV,60,1,2,3,19.25,1103.25,18.3875,0
7025-WCBNE,47,1,2,2,59.6,2754.0,58.59574468085106,0
5756-JYOJT,11,1,1,3,64.9,697.25,63.38636363636363,0
4710-FDUIZ,56,1,1,3,100.3,5614.45,100.25803571428571,1
6030-REHUX,28,1,0,0,110.85,3204.4,114.44285714285715,0
9548-LIGTA,61,1,2,1,81.05,4747.65,77.83032786885245,0
5150-LJNSR,31,1,1,2,98.05,3082.1,99.42258064516129,0
8270-RKSAP,9,1,0,0,70.5,597.9,66.43333333333334,0
6522-YRBXD,35,1,0,0,94.55,3365.4,96.15428571428572,0
2640-LYMOV,2,1,0,1,19.65,38.8,19.4,0
1218-VKFPE,12,1,0,1,19.0,233.55,19.462500000000002,1
3627-FHKBK,1,1,0,1,75.3,75.3,75.3,1
2865-TCHJW,4,1,0,0,89.2,346.2,86.55,1
1423-BMPBQ,1,1,0,1,19.0,19.0,19.0,0
2393-DIVAI,3,1,0,1,20.0,61.7,20.566666666666666,0
5192-EBGOV,1,1,0,0,85.7,85.7,85.7,1
4568-KNYWR,52,1,2,3,63.25,3342.45,64.27788461538461,0
8752-IMQOS,5,1,1,1,20.1,85.1,17.02,0
0742-LAFQK,72,1,2,0,99.15,7422.1,103.08472222222223,0
0795-LAFGP,71,1,2,0,90.4,6668.05,93.91619718309859,0
0619-OLYUR,72,1,2,3,111.9,8071.05,112.09791666666666,0
5512-IDZEI,46,1,1,0,24.9,1174.8,25.539130434782606,0
0459-SPZHJ,63,1,2,3,83.5,5435.0,86.26984126984127,0
0215-BQKGS,30,1,0,3,84.3,2438.6,81.28666666666666,0
9244-ZVAPM,1,1,0,1,45.6,45.6,45.6,0
0719-SYFRB,12,1,0,1,61.65,713.75,59.479166666666664,1
8208-EUMTE,16,0,2,1,54.85,916.15,57.259375,0
5172-MIGPM,4,1,0,1,65.55,237.2,59.3,0
1710-RCXUS,51,1,1,3,90.35,4614.55,90.48137254901961,0
0374-FIUCA,65,1,2,3,20.4,1414.45,21.76076923076923,0
5839-SUYVZ,16,1,0,3,74.55,1170.5,73.15625,0
5173-ZXXXL,2,1,1,1,19.95,47.7,23.85,0
1096-ADRUX,66,1,1,2,74.25,4859.25,73.625,0
2001-MCUUW,46,1,2,0,108.65,4903.2,106.59130434782608,0
2731-GJRDG,32,1,1,2,109.55,3608.0,112.75,0
4723-BEGSG,72,1,2,3,86.65,6094.25,84.64236111111111,0
6516-NKQBO,38,1,2,3,81.0,3084.9,81.18157894736842,0
8672-OAUPW,51,1,1,3,47.85,2356.75,46.21078431372549,0
8207-DMRVL,72,1,2,2,114.55,8306.05,115.36180555555555,0
3419-SNJJD,65,1,0,2,105.25,6786.4,104.40615384615384,1
6543-CPZMK,9,0,0,0,29.95,248.95,27.66111111111111,1
4765-OXPPD,9,1,0,1,65.0,663.05,73.67222222222222,1
2804-ETQDK,66,1,2,1,20.55,1357.1,20.562121212121212,0
6689-VRRTK,44,1,1,3,109.8,4860.35,110.4625,0
7138-GIRSH,50,1,2,2,69.5,3418.2,68.36399999999999,0
9396-ZSFLL,15,1,0,1,48.85,631.4,42.093333333333334,0
6464-KEXXH,8,0,0,3,25.25,186.3,23.2875,0
7134-MJPDY,66,1,1,3,102.85,6976.75,105.70833333333333,0
5240-CAOYT,57,1,0,2,87.55,4884.85,85.69912280701755,0
4059-IIEBK,7,1,0,2,78.55,522.95,74.70714285714287,0
4881-JVQOD,10,0,0,2,34.55,362.6,36.260000000000005,0
0516-UXRMT,62,1,1,0,92.05,5755.8,92.83548387096775,0
4851-BQDNX,40,1,1,0,85.05,3355.65,83.89125,0
5148-HKFIR,20,1,2,1,19.7,406.95,20.3475,0
1009-IRMNA,7,1,0,2,20.0,137.6,19.657142857142855,1
3003-CMDUU,25,1,0,0,95.15,2395.7,95.82799999999999,0
5016-IBERQ,23,1,0,0,84.25,1968.1,85.5695652173913,0
6797-UCJHZ,66,1,1,3,104.6,6819.45,103.325,0
2469-DTSGX,72,1,2,0,111.65,7943.45,110.32569444444444,0
4554-YGZIH,49,1,0,3,90.05,4547.25,92.80102040816327,1
5099-BAILX,43,1,0,2,110.75,4687.9,109.02093023255813,1
9931-KGHOA,46,1,0,2,55.0,2473.95,53.78152173913043,0
1775-KWJKQ,72,1,2,3,89.85,6562.9,91.15138888888889,0
7665-VIGUD,10,1,1,1,20.35,176.3,17.630000000000003,0
9411-TPQQV,40,0,1,2,54.55,2236.2,55.904999999999994,0
7207-RMRDB,65,1,0,0,105.5,6985.65,107.47153846153846,1
7954-MLBUN,31,1,2,2,99.45,3109.9,100.31935483870969,0
2077-DDHJK,68,1,2,3,70.9,4911.35,72.22573529411765,0
4913-EHYUI,56,1,1,2,104.55,5794.65,103.47589285714285,1
0195-IESCP,10,1,0,0,85.25,855.3,85.53,1
9574-BOSMD,68,1,2,2,25.4,1620.2,23.826470588235296,0
4580-TMHJU,43,1,0,0,56.15,2499.3,58.12325581395349,1
0970-ETWGE,1,1,0,0,89.55,89.55,89.55,1
4908-XAXAY,49,1,1,2,89.85,4287.2,87.4938775510204,0
8404-VLQFB,15,1,0,0,25.25,394.85,26.323333333333334,0
1626-ERCMM,20,1,0,0,94.55,1899.65,94.9825,1
0887-HJGAR,1,1,0,1,45.7,45.7,45.7,1
2391-IPLOP,50,1,1,0,69.65,3442.15,68.843,0
5644-PDMZC,2,1,0,0,89.5,161.5,80.75,1
3509-GWQGF,24,1,0,3,70.0,1732.6,72.19166666666666,0
9576-ANLXO,3,1,0,2,69.55,222.3,74.10000000000001,1
2024-BASKD,1,1,0,1,74.6,74.6,74.6,1
5845-BZZIB,35,1,2,1,20.1,655.3,18.72285714285714,0
1140-UKVZG,17,1,0,1,24.8,475.25,27.955882352941178,0
4160-AMJTL,8,1,0,0,19.65,164.3,20.5375,1
5183-SNMJQ,10,1,0,3,95.1,865.1,86.51,0
8100-PNJMH,68,1,2,3,88.85,6132.7,90.18676470588235,0
7838-LAZFO,45,1,1,2,78.8,3597.5,79.94444444444444,0
4464-JCOLN,2,1,1,1,19.85,35.9,17.95,1
2085-JVGAD,37,1,0,2,20.35,697.65,18.855405405405406,0
5650-VDUDS,4,0,0,1,24.25,96.05,24.0125,1
8095-WANWK,10,1,0,1,45.25,428.7,42.87,0
3030-ZKIWL,1,1,0,1,20.05,20.05,20.05,0
9565-FLVCG,65,1,2,1,69.55,4459.15,68.60230769230769,0
8755-OGKNA,57,1,2,2,19.5,1167.6,20.48421052631579,0
2800-VEQXM,3,1,0,1,74.75,238.1,79.36666666666666,0
7538-GWHML,2,1,0,0,69.65,145.15,72.575,1
5533-RJFTJ,49,0,0,2,30.2,1453.1,29.655102040816324,0
3859-CVCET,4,1,0,1,45.65,191.05,47.7625,1
0214-JHPFW,70,0,2,2,57.8,4039.3,57.70428571428572,0
5642-MHDQT,53,1,1,2,19.85,1039.45,19.612264150943396,0
3088-FVYWK,53,1,2,3,25.55,1336.1,25.20943396226415,0
3276-HDUEG,1,1,0,1,75.05,75.05,75.05,1
9092-GDZKO,22,1,0,3,24.85,493.4,22.427272727272726,0
0823-HSCDJ,52,0,0,0,49.15,2550.9,49.05576923076923,1
3729-OWRVL,65,1,2,0,110.35,7246.15,111.47923076923077,0
2324-AALNO,48,1,1,2,24.55,1203.95,25.082291666666666,0
0822-GAVAP,2,0,0,0,34.7,62.25,31.125,1
5760-IFJOZ,3,1,0,1,107.95,313.6,104.53333333333335,0
2826-UWHIS,45,1,0,2,81.4,3775.85,83.90777777777778,0
1448-PWKYE,1,1,0,0,80.0,80.0,80.0,1
7501-IWUNG,61,1,2,2,73.8,4616.05,75.67295081967214,0
4957-TREIR,3,1,0,3,64.4,195.65,65.21666666666667,0
7251-LJBQN,40,1,1,3,103.75,4188.4,104.71,0
8040-MNRTF,1,1,0,1,71.1,71.1,71.1,0
1536-HBSWP,1,1,0,0,49.9,49.9,49.9,0
5313-FPXWG,51,1,1,2,24.6,1266.4,24.83137254901961,0
0067-DKWBL,2,1,0,0,49.25,91.1,45.55,1
0946-FKYTX,52,0,1,1,30.1,1623.4,31.21923076923077,0
5076-YVXCM,51,1,0,2,83.4,4149.45,81.36176470588235,0
8262-COGGB,1,1,0,1,20.45,20.45,20.45,0
6663-JOCQO,31,1,1,2,75.25,2344.5,75.62903225806451,0
9620-QJREV,47,1,1,3,20.55,1013.05,21.554255319148936,0
2276-YDAVZ,3,1,0,3,75.1,270.7,90.23333333333333,1
2682-KEVRP,22,1,1,1,20.05,417.0,18.954545454545453,0
2480-JZOSN,1,1,0,1,20.65,20.65,20.65,0
0078-XZMHT,72,1,2,2,85.15,6316.2,87.725,0
5896-NPFWW,3,1,0,0,50.15,168.15,56.050000000000004,1
9978-HYCIN,47,1,1,2,84.95,4018.05,85.4904255319149,0
8338-QIUNR,72,1,2,3,66.5,4811.6,66.82777777777778,0
1525-LNLOJ,66,1,2,2,63.3,4189.7,63.48030303030303,0
9450-TRJUU,35,1,0,0,83.15,2848.45,81.38428571428571,0
1766-GKNMI,29,1,0,0,84.9,2516.2,86.7655172413793,0
6942-LBFDP,2,1,0,1,20.55,33.6,16.8,0
1456-TWCGB,4,1,0,1,49.25,208.45,52.1125,0
7133-VBDCG,25,1,0,2,79.85,2015.35,80.61399999999999,1
7596-ZYWBB,65,1,2,1,59.6,3739.8,57.535384615384615,0
8329-UTMVM,27,1,1,2,104.65,2964.0,109.77777777777777,0
3014-WJKSM,29,1,0,3,75.3,2263.4,78.04827586206896,0
3347-YJZZE,29,1,0,3,80.1,2211.8,76.26896551724138,0
1029-QFBEN,1,1,0,1,19.55,19.55,19.55,1
7929-DMBCV,20,1,0,1,81.0,1683.7,84.185,0
9661-JALZV,58,1,2,3,24.7,1519.0,26.189655172413794,0
5433-KYGHE,14,1,0,1,86.0,1164.05,83.14642857142857,0
4312-KFRXN,72,1,2,1,25.4,1710.9,23.762500000000003,0
5575-TPIZQ,46,1,0,3,89.15,4245.55,92.29456521739131,0
0114-IGABW,71,0,2,2,58.25,4145.9,58.39295774647887,0
9944-AEXBM,32,1,0,2,85.65,2664.3,83.259375,0
1853-ARAAQ,26,0,0,3,50.35,1277.5,49.13461538461539,0
6952-OMNWB,68,1,0,3,80.35,5589.3,82.19558823529412,0
4697-LUPSU,2,1,1,1,20.2,34.75,17.375,0
8434-VGEQQ,61,1,2,3,20.55,1305.95,21.409016393442624,0
4952-YSOGZ,4,1,0,0,85.95,381.3,95.325,1
1589-AGTLK,3,1,0,0,45.35,141.5,47.166666666666664,1
5244-IRFIH,33,1,0,0,94.5,3105.55,94.10757575757576,1
6549-YMFAW,9,1,0,1,21.25,204.55,22.727777777777778,0
4950-HKQTE,22,1,2,1,26.25,605.9,27.54090909090909,0
6786-OBWQR,5,1,0,0,80.85,356.1,71.22,0
2684-EIWEO,30,1,0,3,91.7,2758.15,91.93833333333333,1
2753-JMMCV,65,1,2,3,74.2,4805.65,73.93307692307691,0
6439-GTPCA,45,1,0,0,87.25,3941.7,87.59333333333333,1
6621-YOBKI,5,1,0,1,20.35,92.75,18.55,0
1216-JWVUX,25,1,0,0,75.5,1901.05,76.042,0
7564-GHCVB,72,1,2,2,79.05,5730.7,79.59305555555555,0
1173-NOEYG,27,1,0,2,90.15,2423.4,89.75555555555556,0
7595-EHCDL,32,0,0,3,50.6,1653.45,51.6703125,0
6647-ZEDXT,30,1,1,3,110.45,3327.05,110.90166666666667,0
2521-NPUZR,70,1,2,3,101.0,7085.5,101.22142857142858,0
1307-TVUFB,42,1,0,2,79.35,3344.1,79.62142857142857,0
7503-MIOGA,72,1,2,2,89.85,6697.35,93.01875000000001,0
4381-MHQDC,47,1,2,1,65.0,2879.9,61.274468085106385,0
6923-JHPMP,2,1,0,0,80.45,137.1,68.55,0
5138-WVKYJ,10,1,0,0,98.55,1008.55,100.85499999999999,1
4018-PPNDW,61,1,2,1,24.1,1551.6,25.43606557377049,0
1635-FJFCC,5,1,0,3,44.05,202.15,40.43,0
2499-AJYUA,72,1,2,3,110.8,7882.25,109.47569444444444,0
6919-ELBGL,72,1,2,2,114.95,8196.4,113.83888888888889,0
3966-HRMZA,3,1,0,1,75.05,202.9,67.63333333333334,0
6425-JWTDV,48,1,2,1,19.25,855.1,17.814583333333335,0
8405-IGQFX,63,1,1,3,90.05,5817.0,92.33333333333333,0
8224-IVVPA,27,1,0,1,56.7,1652.95,61.220370370370375,0
9477-LGWQI,70,1,2,3,80.15,5600.15,80.00214285714286,0
1410-RSCMR,7,1,0,3,71.35,515.75,73.67857142857143,0
0139-IVFJG,2,1,0,0,90.35,190.5,95.25,0
6683-VLCTZ,20,1,0,0,98.55,1842.8,92.14,1
5730-DBDSI,66,1,2,2,19.7,1253.8,18.996969696969696,0
0030-FNXPP,3,1,0,1,19.85,57.2,19.066666666666666,0
2189-WWOEW,15,1,0,2,85.9,1269.55,84.63666666666667,1
5684-FJVYR,72,1,2,2,90.35,6563.4,91.15833333333333,0
4013-GUXND,1,1,0,1,20.8,20.8,20.8,0
1894-IGFSG,22,1,0,0,89.25,1907.85,86.72045454545454,1
7379-POKDZ,3,1,0,0,70.3,208.85,69.61666666666666,1
1266-NZYUI,72,1,2,2,66.85,4758.8,66.09444444444445,0
7969-FFOWG,65,1,2,1,19.9,1292.6,19.886153846153846,0
4718-DHSMV,11,0,0,1,35.8,363.15,33.01363636363636,0
5175-WLYXL,22,1,0,1,78.85,1600.25,72.73863636363636,0
7817-OMJNA,14,1,1,2,20.4,275.7,19.692857142857143,0
8728-SKJLR,41,1,0,0,74.25,3089.1,75.34390243902439,0
3137-NYQQI,17,1,1,1,64.8,1175.6,69.15294117647058,0
7706-DZNKK,11,1,0,3,20.45,237.3,21.572727272727274,0
0236-HFWSV,15,1,0,0,93.35,1444.65,96.31,1
3900-AQPHZ,1,1,0,1,19.9,19.9,19.9,1
5842-POCOP,5,1,0,1,88.9,454.15,90.83,1
2037-XJFUP,33,1,1,0,95.8,3036.75,92.02272727272727,1
8823-RLPWL,72,1,2,3,110.65,8065.65,112.02291666666666,0
9505-SQFSW,3,0,0,1,40.3,92.5,30.833333333333332,0
7314-OXENN,2,1,0,0,82.0,184.65,92.325,1
3758-CKOQL,59,1,1,3,107.0,6152.3,104.27627118644068,0
0322-CHQRU,2,1,0,0,45.35,89.5,44.75,1
5676-CFLYY,71,1,2,3,73.35,5154.5,72.59859154929578,0
7521-AFHAB,5,1,0,1,44.8,220.45,44.089999999999996,0
0285-INHLN,27,1,0,3,54.75,1510.3,55.93703703703704,0
4678-DVQEO,1,1,0,0,52.2,52.2,52.2,1
5125-CNDSP,63,0,1,2,40.6,2588.95,41.09444444444444,0
0691-IFBQW,46,1,1,0,110.0,4874.8,105.97391304347826,1
4992-LTJNE,72,1,2,2,55.3,3983.6,55.327777777777776,0
2202-OUTMO,34,1,0,2,60.85,2003.6,58.92941176470588,0
0810-BDHAW,24,1,1,0,78.4,1832.4,76.35000000000001,0
0229-LFJAF,72,1,2,2,69.65,4908.25,68.17013888888889,0
7131-ZQZNK,60,0,2,3,59.85,3590.2,59.836666666666666,0
3442-ZHHCC,68,1,1,3,76.9,5023.0,73.86764705882354,0
5726-CVNYA,8,1,2,1,19.85,146.6,18.325,0
9871-ELEYA,34,1,2,3,67.65,2339.3,68.8029411764706,0
4257-GAESD,6,0,0,3,45.0,298.7,49.78333333333333,0
5173-WXOQV,2,1,0,1,64.2,143.65,71.825,0
2040-OBMLJ,31,1,1,3,81.7,2548.65,82.21451612903226,0
6286-ZHAOK,20,1,0,2,25.55,507.4,25.369999999999997,0
3807-XHCJH,1,1,0,0,20.0,20.0,20.0,0
3009-JWMPU,62,1,1,0,96.75,6125.4,98.79677419354839,1
5671-RQRLP,70,1,2,3,75.65,5411.4,77.30571428571427,0
1450-GALXR,10,1,0,0,98.5,1058.25,105.825,1
8859-AXJZP,39,1,2,1,23.8,903.8,23.174358974358974,0
3174-AKMAS,46,1,2,3,64.2,3009.5,65.42391304347827,0
3138-BKYAV,6,1,0,0,85.35,489.45,81.575,1
9926-PJHDQ,72,1,2,2,76.8,5468.45,75.95069444444444,0
7382-DFJTU,18,1,0,3,55.2,1058.1,58.78333333333333,0
2798-NYLMZ,71,1,2,3,108.55,7616.0,107.26760563380282,0
4289-DTDKW,40,1,0,0,101.3,4113.1,102.82750000000001,1
1820-TQVEV,1,1,0,0,69.55,69.55,69.55,1
2239-JALAW,58,1,1,2,103.25,6017.65,103.75258620689655,1
4853-RULSV,70,1,2,3,104.0,7250.15,103.57357142857143,1
8098-TDCBU,42,1,2,0,25.25,1108.2,26.385714285714286,0
3551-GAEGL,34,0,1,2,30.4,938.65,27.60735294117647,0
4785-NKHCX,5,1,0,2,20.05,94.15,18.830000000000002,0
3196-NVXLZ,25,1,0,1,84.6,2088.05,83.522,0
6275-YDUVO,2,1,0,1,86.2,178.7,89.35,1
0036-IHMOT,55,1,1,2,103.7,5656.75,102.85,0
0115-TFERT,21,1,0,0,111.2,2317.1,110.33809523809524,1
4178-EGMON,70,1,2,3,88.0,5986.45,85.52071428571428,0
4220-TINQT,61,1,0,0,106.35,6751.35,110.67786885245903,0
5318-YKDPV,43,1,2,3,79.15,3566.6,82.94418604651163,0
7975-TZMLR,47,1,1,0,103.1,4889.3,104.02765957446809,0
0295-QVKPB,5,1,0,3,63.95,318.1,63.620000000000005,0
4335-BSMJS,62,1,2,3,25.8,1563.95,25.225,0
2311-QYMUQ,16,1,0,3,89.45,1430.25,89.390625,1
3643-AHCFP,7,1,0,2,95.6,644.35,92.05,1
9146-JRIOX,14,1,0,1,25.55,372.45,26.603571428571428,0
3104-OWCGK,60,1,1,0,90.95,5453.4,90.89,1
5337-IIWKZ,34,0,0,0,44.85,1442.6,42.42941176470588,0
9101-BWFSS,50,1,1,0,108.55,5610.7,112.214,1
9650-VBUOG,38,1,2,3,25.05,963.95,25.367105263157896,0
3487-EARAT,70,1,1,3,74.1,5222.3,74.60428571428572,0
2672-TGEFF,37,1,0,0,88.8,3340.55,90.28513513513514,0
9231-ZJYAM,4,1,0,0,78.85,292.8,73.2,1
4250-WAROZ,60,1,0,0,93.25,5774.55,96.2425,0
8184-WMOFI,62,1,1,3,71.4,4487.3,72.3758064516129,0
6982-SSHFK,1,1,0,1,44.4,44.4,44.4,1
6092-QZVPP,36,1,0,3,79.2,2854.95,79.30416666666666,0
4625-LAMOB,44,1,2,3,20.4,905.55,20.580681818181816,0
0727-BMPLR,55,1,1,0,100.0,5509.3,100.16909090909091,1
0392-BZIUW,72,1,2,3,105.0,7589.8,105.41388888888889,0
1038-ZAGBI,12,1,1,2,19.8,229.6,19.133333333333333,1
6549-NNDYT,13,0,0,2,30.85,394.1,30.315384615384616,0
3027-ZTDHO,1,1,0,0,89.9,89.9,89.9,1
0422-OHQHQ,15,1,1,1,20.55,295.95,19.73,0
6916-HIJSE,65,1,2,2,84.85,5459.2,83.9876923076923,0
2316-ESMLS,12,0,1,3,33.15,444.75,37.0625,0
9778-OGKQZ,72,1,2,3,92.0,6782.15,94.19652777777777,0
7408-OFWXJ,72,1,2,3,89.8,6510.45,90.42291666666667,0
6007-TCTST,72,1,2,2,115.8,8476.5,117.72916666666667,0
2252-NKNSI,52,1,2,1,85.15,4461.85,85.8048076923077,0
8713-IGZSO,2,1,0,1,24.85,62.0,31.0,0
7905-TVXTA,5,1,0,0,64.35,352.65,70.53,0
7695-PKLCZ,68,1,2,3,20.5,1424.9,20.954411764705885,0
2382-BCKQJ,62,1,1,0,100.15,6413.65,103.44596774193548,1
8374-UULRV,72,1,2,3,86.05,6309.65,87.63402777777777,0
2207-NHRJK,1,1,0,0,50.8,50.8,50.8,1
3224-DFQNQ,66,1,1,0,89.0,5898.6,89.37272727272727,0
5275-PMFUT,72,0,2,3,64.8,4719.75,65.55208333333333,0
4795-UXVCJ,26,1,1,3,19.8,457.3,17.588461538461537,0
9777-IQHWP,64,1,2,2,93.4,5822.3,90.9734375,0
0947-MUGVO,20,1,0,0,73.65,1463.5,73.175,1
9944-HKVVB,3,1,0,0,95.1,307.4,102.46666666666665,1
4124-MMETB,22,1,0,3,94.65,2104.55,95.66136363636365,1
3671-SHRSP,4,1,0,1,80.6,319.15,79.7875,1
0979-MOZQI,62,0,2,2,39.0,2337.45,37.7008064516129,0
2732-ISEZX,5,1,0,1,20.5,104.3,20.86,0
3313-QKNKB,59,1,1,0,85.55,5084.65,86.18050847457627,1
0323-XWWTN,3,1,2,1,26.4,121.25,40.416666666666664,0
1937-OTUKY,72,1,2,2,98.2,7015.9,97.44305555555555,0
1573-LGXBA,57,1,1,3,97.55,5598.0,98.21052631578948,0
1764-VUUMT,66,1,2,3,19.95,1269.1,19.228787878787877,0
5073-WXOYN,60,0,0,0,50.8,3027.4,50.45666666666667,1
4713-ZBURT,45,1,2,2,99.7,4634.35,102.98555555555556,0
3050-GBUSH,3,0,0,3,34.8,113.95,37.983333333333334,0
0207-MDKNV,15,1,0,0,105.1,1582.75,105.51666666666667,1
7876-AEHIG,51,0,1,2,60.15,3077.0,60.333333333333336,0
7945-HLKEA,60,1,1,0,64.75,4039.5,67.325,0
9342-VNIMQ,33,1,0,2,54.65,1665.2,50.46060606060606,0
9851-KIELU,10,1,0,0,110.1,1043.3,104.33,1
3523-BRGUW,26,1,1,3,19.3,504.2,19.392307692307693,0
3908-BLSYF,6,1,0,0,83.9,497.55,82.925,1
3199-NPKCN,67,1,1,0,111.25,7511.65,112.1141791044776,0
5170-PTRKA,49,0,1,3,35.8,1782.0,36.36734693877551,0
4661-NJEUX,1,1,0,1,20.05,20.05,20.05,0
2123-AGEEN,7,1,0,0,84.35,609.65,87.09285714285714,0
1258-YMZNM,27,1,1,2,110.5,2857.6,105.83703703703704,0
0048-LUMLS,37,1,1,3,91.2,3247.55,87.77162162162162,0
7549-MYGPK,63,1,0,0,100.55,6215.35,98.65634920634922,1
5898-IGSLP,31,1,0,0,89.3,2823.0,91.06451612903226,0
3804-RVTGV,50,1,0,2,103.85,5017.9,100.35799999999999,1
6259-WJQLC,32,1,0,3,81.1,2619.25,81.8515625,0
9227-LUNBG,1,0,0,0,24.6,24.6,24.6,1
7997-EASSD,63,1,1,3,81.2,4965.1,78.81111111111112,0
0730-KOAVE,30,1,0,3,94.3,2679.7,89.32333333333332,0
8975-SKGRX,71,1,2,2,116.1,8310.55,117.04999999999998,0
0678-RLHVP,53,1,2,0,105.55,5682.25,107.2122641509434,0
4315-MURBD,12,1,0,2,98.9,1120.95,93.41250000000001,1
2267-FPIMA,50,1,0,3,94.4,4914.9,98.29799999999999,0
1051-GEJLJ,2,1,0,1,19.5,27.55,13.775,0
9734-YWGEX,9,1,0,3,98.3,923.5,102.61111111111111,1
2719-BDAQO,17,1,0,0,93.85,1625.65,95.62647058823529,1
5285-MVEHD,56,1,1,3,105.6,6068.65,108.36874999999999,0
0379-DJQHR,67,1,2,3,81.35,5398.6,80.57611940298509,0
0781-LKXBR,9,1,0,0,100.5,918.6,102.06666666666666,1
5543-QDCRY,4,1,0,0,56.4,234.85,58.7125,0
0297-RBCSG,19,1,1,2,65.35,1231.85,64.83421052631579,0
4694-PHWFW,8,1,0,1,19.95,170.9,21.3625,0
0835-JKADZ,71,1,2,0,111.25,7984.15,112.45281690140844,0
1907-UBQFC,10,1,0,0,72.85,688.65,68.865,1
7508-SMHXL,15,1,0,3,89.0,1288.3,85.88666666666667,0
3865-YIOTT,72,1,1,2,106.1,7848.5,109.00694444444444,0
5993-BQHEA,12,1,1,3,20.05,267.0,22.25,0
6024-RUGGH,72,1,2,2,25.2,1798.9,24.984722222222224,0
6513-EECDB,1,1,0,0,73.55,73.55,73.55,1
3956-CJUST,23,1,0,2,75.4,1643.55,71.45869565217392,0
4079-WWQQQ,72,0,2,2,65.55,4807.45,66.77013888888888,0
6103-BOCOU,26,1,0,0,80.7,2193.0,84.34615384615384,0
5149-TGWDZ,21,1,1,1,104.55,2239.4,106.63809523809525,0
7471-WNSUF,60,1,1,2,24.15,1505.9,25.098333333333336,0
8942-DBMHZ,12,1,0,1,20.45,255.35,21.279166666666665,0
4301-VVZKA,16,1,0,0,75.4,1189.4,74.3375,0
9199-PWQVC,63,1,1,3,79.7,4786.15,75.97063492063492,0
4824-GUCBY,22,1,0,0,81.7,1820.9,82.76818181818182,0
5393-HJZSM,32,1,0,2,76.3,2404.15,75.1296875,0
7074-IEVOJ,3,1,0,0,79.4,205.05,68.35000000000001,1
9625-QSTYE,13,1,0,0,81.15,952.3,73.25384615384615,1
0862-PRCBS,68,1,2,3,103.75,7039.45,103.52132352941176,0
8812-ZRHFP,30,1,1,0,86.45,2538.05,84.60166666666667,0
5146-CBVOE,16,1,0,2,75.1,1212.85,75.803125,0
0454-OKRCT,33,1,2,2,80.6,2651.1,80.33636363636363,0
5787-KXGIY,72,1,2,3,19.3,1304.8,18.12222222222222,0
4750-ZRXIU,4,1,0,0,84.6,360.1,90.025,1
4198-VFOEA,12,0,1,1,33.6,435.45,36.2875,0
6630-UJZMY,4,1,0,0,83.25,308.05,77.0125,0
6400-BWQKW,6,1,0,0,79.05,434.5,72.41666666666667,1
2692-AQCPF,65,1,1,3,108.05,7118.9,109.52153846153846,0
0347-UBKUZ,15,1,0,1,19.9,320.45,21.363333333333333,0
0835-DUUIQ,24,1,1,2,21.05,531.55,22.147916666666664,0
0811-GSDTP,13,0,0,0,30.15,382.2,29.4,0
7567-ECMCM,24,1,0,3,79.85,2001.0,83.375,0
6115-ZTBFQ,72,0,2,2,65.5,4919.7,68.32916666666667,0
6353-BRMMA,54,1,0,2,104.1,5645.8,104.55185185185185,0
6680-WKXRZ,3,1,0,2,74.4,215.8,71.93333333333334,1
6231-WFGFH,4,1,0,1,20.5,77.6,19.4,0
9904-EHEVJ,32,1,0,1,91.35,2896.55,90.5171875,0
7028-DVOIQ,35,1,0,0,99.05,3395.8,97.02285714285715,1
6169-PPETC,35,1,2,2,20.5,759.35,21.695714285714285,0
4208-UFFGW,2,1,0,1,44.95,85.15,42.575,1
8584-KMVXD,8,1,0,0,75.6,535.55,66.94375,0
8467-WYNSR,22,1,0,1,55.1,1253.15,56.96136363636364,0
0851-DFJKB,15,1,0,0,58.95,955.15,63.67666666666666,0
5382-SOYZL,22,1,0,0,95.1,2162.6,98.3,0
9448-REEVD,1,1,0,3,44.7,44.7,44.7,1
3261-CQXOL,71,1,2,2,25.45,1813.35,25.54014084507042,0
8388-FYNPZ,4,1,0,0,56.75,245.15,61.2875,0
4002-BQWPQ,25,1,0,2,81.75,2028.8,81.152,0
5651-YLPRD,32,1,0,0,86.1,2723.75,85.1171875,0
2826-DXLQO,7,0,0,2,29.8,220.45,31.49285714285714,0
4378-BZYFP,17,1,1,1,20.5,365.8,21.51764705882353,0
9489-UTFKA,8,1,0,2,60.9,551.95,68.99375,0
4849-PYRLQ,56,1,2,2,73.25,4054.2,72.39642857142857,0
9117-SHLZX,1,1,0,1,45.7,45.7,45.7,1
9889-TMAHG,8,1,0,3,100.3,832.35,104.04375,1
4541-RMRLG,7,1,0,0,19.25,112.3,16.04285714285714,1
7764-BDPEE,3,1,0,1,20.85,60.65,20.216666666666665,0
3429-IFLEM,71,1,2,3,77.35,5550.1,78.17042253521127,0
3158-MOERK,2,1,0,0,96.0,174.8,87.4,1
7294-TMAOP,1,1,0,0,90.55,90.55,90.55,1
5002-GCQFH,49,1,0,2,93.85,4733.1,96.59387755102041,0
0556-FJEGU,58,1,2,2,70.1,4048.95,69.80948275862069,0
8919-FYFQZ,44,0,0,0,30.35,1359.7,30.902272727272727,1
0604-THJFP,59,1,2,3,75.95,4542.35,76.98898305084747,0
2834-JRTUA,71,1,2,0,108.05,7532.15,106.08661971830985,1
5875-YPQFJ,1,1,0,0,69.9,69.9,69.9,1
5879-SESNB,11,1,0,0,75.25,888.65,80.78636363636363,0
6646-QVXLR,62,1,1,0,103.75,6383.35,102.95725806451614,1
6461-PPAXN,35,1,1,2,54.95,1916.0,54.74285714285714,0
3318-ISQFQ,20,1,0,2,19.5,413.0,20.65,0
1106-HRLKZ,40,1,2,1,19.6,808.95,20.223750000000003,0
2483-XSSMZ,39,1,1,0,47.85,1886.4,48.369230769230775,0
8603-IJWDN,1,1,0,0,86.6,86.6,86.6,1
8165-ZJRNM,72,1,2,2,23.75,1679.25,23.322916666666668,0
9369-XFEHK,33,1,0,2,80.6,2656.5,80.5,1
2604-XVDAM,12,1,0,2,43.8,540.95,45.07916666666667,0
3717-OFRTN,1,1,0,2,19.75,19.75,19.75,0
9046-JBFWA,27,1,0,1,19.15,537.35,19.901851851851852,0
3280-NMUVX,34,1,1,3,19.6,678.8,19.96470588235294,0
1206-EHBDD,56,1,2,2,80.3,4513.65,80.60089285714285,0
8361-LBRDI,58,1,2,3,24.35,1423.85,24.54913793103448,0
4883-KCPZJ,22,1,2,3,25.25,555.4,25.245454545454546,0
9108-EQPNQ,10,1,2,3,26.1,225.55,22.555,0
7277-KAMWT,13,1,2,3,20.0,268.45,20.65,0
3842-IYKUE,35,1,0,3,85.3,2917.5,83.35714285714286,1
6641-XRPSU,34,1,0,3,70.0,2416.1,71.06176470588235,1
1374-DMZUI,4,1,0,0,94.3,424.45,106.1125,1
2545-LXYVJ,72,1,2,2,20.7,1492.1,20.72361111111111,0
3234-VKACU,2,1,0,0,70.3,132.4,66.2,0
8357-EQXFO,7,1,0,0,95.35,660.9,94.41428571428571,1
1989-PRJHP,27,1,0,0,75.5,1893.95,70.1462962962963,1
8120-JDCAM,4,1,0,1,69.55,284.9,71.225,0
8917-FAEMR,37,1,2,1,19.85,784.25,21.195945945945947,0
7047-YXDMZ,21,1,0,1,20.0,417.7,19.89047619047619,0
2858-EIMXH,53,1,1,3,95.85,5016.25,94.64622641509433,0
9524-EGPJC,18,1,0,0,90.1,1612.75,89.59722222222223,1
6993-OHLXR,2,1,0,0,68.95,119.75,59.875,1
8818-XYFCQ,32,1,0,3,99.55,3204.65,100.1453125,1
6419-ZTTLE,23,1,1,0,20.75,485.2,21.09565217391304,0
0929-HYQEW,3,1,0,1,50.15,160.85,53.61666666666667,0
6614-YOLAC,71,0,2,1,58.65,4145.25,58.38380281690141,0
7426-RHZGU,9,1,0,2,95.9,827.45,91.9388888888889,0
4065-JJAVA,1,1,0,0,49.5,49.5,49.5,0
4695-VADHF,18,1,0,0,57.45,990.85,55.047222222222224,1
3863-IUBJR,12,1,1,3,53.65,696.35,58.02916666666667,1
7649-SIJJF,71,1,2,1,80.1,5585.4,78.66760563380281,0
9361-YNQWJ,64,1,1,2,24.4,1601.2,25.01875,0
3748-FVMZZ,4,0,0,0,40.05,162.45,40.6125,0
9391-TTOYH,23,1,0,1,19.5,470.2,20.443478260869565,0
1452-XRSJV,39,1,0,3,51.05,2066.0,52.97435897435897,0
3422-WJOYD,28,1,1,1,54.35,1426.45,50.94464285714286,0
8242-SOQUO,5,1,0,0,84.7,392.5,78.5,0
7460-ITWWP,45,1,0,0,86.1,3861.45,85.81,0
7147-AYBAA,37,1,0,1,70.35,2552.9,68.9972972972973,0
7868-TMWMZ,60,1,2,2,110.0,6668.35,111.13916666666667,0
4822-RVYBB,8,1,0,0,100.6,819.4,102.425,1
6732-FZUGP,47,1,1,3,94.9,4615.25,98.19680851063829,0
8436-BJUMM,26,1,0,0,83.75,2070.6,79.63846153846154,1
4184-TJFAN,3,1,0,1,88.3,273.75,91.25,1
8329-GWVPJ,50,1,0,2,69.75,3557.7,71.154,0
1352-VHKAJ,27,1,0,2,71.6,1957.1,72.48518518518519,0
4145-UQXUQ,8,1,0,0,92.1,729.95,91.24375,1
2632-TACXW,62,1,2,2,23.65,1416.75,22.850806451612904,0
8146-QQKZH,71,1,2,2,81.85,5924.4,83.44225352112676,0
1767-CJKBA,66,1,2,1,25.1,1697.7,25.722727272727273,0
6445-TNRXS,68,1,2,2,114.7,7849.85,115.43897058823529,0
4581-LNWUM,13,0,0,0,49.15,649.4,49.95384615384615,0
4869-EPIUS,56,1,1,0,80.9,4557.5,81.38392857142857,0
9948-YPTDG,38,1,0,0,79.45,3013.05,79.29078947368421,1
1236-WFCDV,14,1,0,3,90.45,1266.1,90.43571428571428,1
1915-OAKWD,16,1,1,2,19.3,360.35,22.521875,0
7296-PIXQY,14,1,0,0,70.2,1046.5,74.75,0
4883-QICIH,32,1,0,2,69.75,2347.9,73.371875,1
3354-OADJP,8,1,1,2,54.25,447.75,55.96875,0
3524-WQDSG,43,1,0,2,99.3,4209.95,97.90581395348836,0
0810-DHDBD,52,1,1,3,74.0,3877.65,74.57019230769231,0
4026-SKKHW,3,1,0,1,50.25,152.3,50.76666666666667,0
2829-HYVZP,29,1,1,1,19.8,572.2,19.731034482758623,0
8329-IBCTI,1,1,0,1,19.65,19.65,19.65,1
1271-SJBGZ,12,0,0,0,43.65,526.95,43.9125,1
3845-JHAMY,16,0,0,3,35.5,552.7,34.54375,0
7013-PSXHK,40,1,1,1,80.75,3208.65,80.21625,0
5669-SRAIP,5,0,0,0,39.5,210.75,42.15,1
5981-ITEMU,40,1,0,2,97.1,3706.95,92.67375,1
3486-NPGST,36,1,1,1,19.55,620.75,17.243055555555557,0
6941-PMGEP,5,1,0,0,80.0,412.5,82.5,1
1624-WOIWJ,10,1,0,1,84.7,832.05,83.205,1
2074-GKOWZ,2,1,0,2,89.55,185.55,92.775,1
0376-YMCJC,23,1,0,0,90.6,1943.2,84.48695652173913,1
6100-FJZDG,26,1,1,2,20.05,505.9,19.457692307692305,0
4829-ZLJTK,72,1,2,0,112.4,8046.85,111.76180555555555,0
1730-VFMWO,34,1,0,2,50.2,1815.3,53.391176470588235,0
7143-BQIBA,10,1,0,2,62.25,612.95,61.295,0
3800-LYTRK,14,1,1,1,55.7,795.15,56.79642857142857,0
0634-SZPQA,23,1,0,2,90.05,2169.8,94.33913043478262,1
9646-NMHXE,47,1,2,1,19.65,973.1,20.70425531914894,0
7030-NJVDP,24,1,0,0,89.25,2210.2,92.09166666666665,0
5536-RTPWK,49,1,0,2,99.05,4853.75,99.0561224489796,1
8883-GRDWQ,20,1,1,1,54.0,1055.9,52.795,0
6166-ILMNY,2,1,0,2,69.75,144.55,72.275,1
3097-NNSPB,2,1,0,3,49.05,91.1,45.55,1
7771-ZONAT,22,0,2,2,56.75,1304.85,59.31136363636363,0
0655-RBDUG,7,1,0,2,98.05,713.0,101.85714285714286,1
2111-DWYHN,1,1,0,1,21.1,21.1,21.1,0
4194-WHFCB,59,1,0,2,96.65,5580.8,94.58983050847458,0
4121-AGSIN,58,1,1,3,24.5,1497.9,25.82586206896552,0
4361-BKAXE,41,1,0,2,114.5,4527.45,110.42560975609756,1
9845-PEEKO,59,1,2,3,79.2,4590.35,77.80254237288136,0
0455-XFASS,3,1,0,0,69.55,200.2,66.73333333333333,0
0301-KOBTQ,32,1,2,2,20.05,614.45,19.2015625,0
1751-NCDLI,46,1,0,0,98.85,4564.9,99.23695652173912,0
9878-TNQGW,2,1,0,0,80.95,171.15,85.575,1
9170-ARBTB,52,1,1,3,19.6,1012.4,19.46923076923077,0
4441-NIHPT,13,1,0,0,74.3,940.35,72.33461538461539,1
8999-BOHSE,11,1,0,2,89.7,1047.7,95.24545454545455,1
7241-AJHFS,32,1,0,2,87.65,2766.4,86.45,0
7029-RPUAV,17,1,0,3,100.45,1622.45,95.43823529411765,1
4546-FOKWR,16,1,0,3,74.75,1129.35,70.584375,0
9036-CSKBW,51,1,1,2,107.45,5680.9,111.39019607843136,0
5832-TRLPB,29,1,1,2,75.35,2243.9,77.37586206896552,0
8590-YFFQO,70,1,2,3,64.95,4523.25,64.61785714285715,0
8659-IOOPU,71,1,2,0,100.45,7159.7,100.84084507042253,0
1338-CECEE,41,1,1,2,68.5,2839.95,69.2670731707317,0
7439-DKZTW,1,1,0,0,80.55,80.55,80.55,0
4646-QZXTF,7,1,0,2,81.25,580.1,82.87142857142858,0
4607-CHPCA,25,1,1,0,90.4,2178.6,87.14399999999999,1
9742-XOKTS,67,1,1,0,89.55,6038.55,90.12761194029851,0
6921-OZMFH,5,1,0,1,55.7,259.4,51.879999999999995,0
9578-FOMUK,15,1,0,0,24.8,324.15,21.61,0
4712-UYOOI,20,1,0,0,20.0,417.65,20.8825,0
8824-RWFXJ,3,1,0,1,56.15,168.15,56.050000000000004,1
7722-CVFXN,54,1,1,0,105.2,5637.85,104.40462962962964,0
8717-VCTXJ,42,1,1,1,19.55,839.4,19.985714285714284,0
7363-QTBIW,9,1,0,0,79.75,769.1,85.45555555555556,0
4159-NAAIX,63,1,2,2,97.45,6253.0,99.25396825396825,0
0971-QIFJK,69,1,2,2,24.25,1641.8,23.794202898550726,0
9397-TZSHA,69,1,2,3,24.6,1678.05,24.319565217391304,0
3391-JSQEW,40,1,0,1,50.15,2058.5,51.4625,0
0343-QLUZP,60,0,2,2,39.6,2424.5,40.40833333333333,0
9763-PDTKK,4,1,0,2,94.4,387.2,96.8,1
2176-LVPNX,71,1,2,1,89.85,6293.45,88.64014084507042,0
7627-JKIAZ,37,1,0,3,78.95,2839.65,76.7472972972973,1
3312-UUMZW,32,1,0,3,98.85,3145.9,98.309375,0
1271-UODNO,39,1,2,3,53.85,2200.7,56.42820512820512,0
8461-EFQYM,38,1,1,0,24.25,914.4,24.063157894736843,0
6900-RBKER,52,1,2,3,89.45,4577.75,88.03365384615384,0
6891-JPYFF,48,1,0,3,105.25,4997.5,104.11458333333333,0
1459-QNFQT,70,0,2,2,59.5,4144.8,59.21142857142858,0
1047-NNCBF,20,1,0,3,70.55,1493.55,74.6775,0
3696-XRIEN,50,1,1,3,82.5,4179.1,83.58200000000001,0
4081-DYXAV,19,0,1,3,44.85,893.55,47.02894736842105,1
0074-HDKDG,25,1,1,2,61.6,1611.0,64.44,0
8791-GFXLZ,12,1,0,2,49.05,593.05,49.42083333333333,0
8111-SLLHI,39,1,0,0,105.65,4284.8,109.86666666666667,1
0927-LCSMG,7,1,0,1,74.65,544.55,77.79285714285713,1
9330-DHBFL,23,1,1,1,66.25,1533.8,66.68695652173913,0
0098-BOWSO,27,1,0,0,19.4,529.8,19.62222222222222,0
3452-ABWRL,47,1,0,3,86.05,3865.6,82.2468085106383,0
5859-HZYLF,26,1,2,3,19.15,515.75,19.83653846153846,0
8257-RZAHR,14,1,0,2,64.7,941.0,67.21428571428571,1
5293-WXJAK,11,1,0,2,104.05,1133.65,103.05909090909091,1
3156-QLHBO,2,1,0,1,19.25,48.35,24.175,0
2208-NQBCT,26,1,0,0,81.95,2070.05,79.6173076923077,0
1779-PWPMG,72,1,2,2,114.65,8333.95,115.74930555555557,0
6621-NRZAK,63,1,2,3,20.0,1209.25,19.194444444444443,0
0831-JNISG,71,1,2,1,19.8,1396.25,19.66549295774648,0
0774-IFUVM,11,1,0,2,65.15,723.35,65.75909090909092,0
3082-WQRVY,14,1,1,1,19.65,228.65,16.33214285714286,0
9553-DLCLU,13,1,2,3,88.95,1161.75,89.36538461538461,0
1641-BYBTK,6,1,0,1,20.2,98.35,16.391666666666666,0
2460-NGXBJ,11,1,0,3,75.2,775.3,70.48181818181818,0
2446-ZKVAF,18,1,0,3,56.8,1074.65,59.70277777777778,0
0841-NULXI,1,0,0,0,35.55,35.55,35.55,1
3522-CDKHF,32,1,0,2,75.5,2324.7,72.646875,0
1430-SFQSA,29,0,1,1,35.6,1072.6,36.98620689655172,0
0411-EZJZE,3,1,0,0,60.25,170.5,56.833333333333336,0
7851-WZEKY,2,1,0,0,95.15,196.9,98.45,1
8844-TONUD,13,1,0,1,96.65,1162.85,89.44999999999999,1
8807-ARQET,41,0,0,0,40.35,1677.85,40.923170731707316,0
8992-CEUEN,1,1,0,0,18.85,18.85,18.85,0
4320-QMLLA,7,1,0,1,54.85,370.4,52.91428571428571,0
8777-PVYGU,52,1,1,1,64.3,3410.6,65.58846153846153,0
8292-ITGYJ,45,1,2,2,24.65,1138.8,25.306666666666665,0
6870-ZWMNX,70,1,2,3,76.1,5264.25,75.20357142857142,0
0621-CXBKL,53,1,2,1,18.7,1005.7,18.975471698113207,0
5268-DSMNQ,62,1,1,3,97.95,5936.55,95.7508064516129,0
5334-JLAXU,60,1,0,3,94.1,5475.9,91.265,0
4086-YQSNZ,3,1,0,0,80.4,224.05,74.68333333333334,1
6242-MBHPK,23,1,0,0,95.1,2326.05,101.13260869565218,0
5868-CZJDR,1,0,0,1,31.35,31.35,31.35,1
9359-UGBTK,67,1,1,2,72.35,4991.5,74.5,0
0135-NMXAP,12,1,0,2,89.75,1052.4,87.7,1
4782-OSFXZ,71,1,2,2,82.7,5831.2,82.12957746478872,0
6479-OAUSD,25,1,1,3,19.9,510.8,20.432000000000002,0
7129-ACFOG,5,1,0,0,53.8,283.95,56.79,0
4189-NAKJS,26,1,1,3,51.55,1295.4,49.823076923076925,0
5562-BETPV,1,1,1,1,19.65,19.65,19.65,0
1282-IHQAC,70,0,1,3,44.05,3011.65,43.02357142857143,0
9127-FHJBZ,72,1,2,0,114.0,8093.15,112.4048611111111,0
6270-OMFIW,60,1,1,0,94.4,5610.25,93.50416666666666,1
1641-RQDAY,32,1,0,0,100.4,3217.65,100.5515625,0
0107-WESLM,1,1,0,0,19.85,19.85,19.85,1
6994-ORCWG,14,1,1,1,54.25,773.2,55.228571428571435,0
1346-UFHAX,13,1,0,3,80.0,1029.35,79.18076923076923,0
3992-YWPKO,6,1,0,3,109.9,669.45,111.575,1
2933-XEUJM,46,1,2,1,79.2,3593.8,78.12608695652175,0
0125-LZQXK,15,1,0,0,101.35,1553.95,103.59666666666666,1
5461-QKNTN,43,1,0,0,94.3,3953.15,91.93372093023255,0
4835-YSJMR,39,1,2,2,49.8,1971.15,50.542307692307695,0
8399-YNDCH,21,1,0,2,60.05,1236.15,58.86428571428572,1
3164-YAXFY,57,0,0,0,53.75,3196.0,56.07017543859649,0
0887-WBJVH,53,1,1,0,93.45,4872.2,91.92830188679245,0
4660-IRIBM,18,1,0,1,87.9,1500.5,83.36111111111111,0
5673-FSSMF,1,1,0,0,60.15,60.15,60.15,1
7670-ZBPOQ,58,1,1,2,61.05,3478.75,59.97844827586207,0
8089-UZWLX,71,1,2,2,104.05,7413.55,104.41619718309859,0
0080-OROZO,35,1,1,0,99.25,3532.0,100.91428571428571,0
3916-NRPAP,3,1,0,3,85.7,256.75,85.58333333333333,0
6807-SIWJI,38,1,1,0,104.85,3887.25,102.29605263157895,0
8221-HVAYI,35,1,2,3,69.15,2490.15,71.14714285714285,0
1579-KLYDT,7,1,0,0,90.45,593.45,84.77857142857144,1
5232-NXPAY,47,1,2,1,74.45,3510.3,74.6872340425532,0
8967-SZQAS,14,1,0,0,50.45,765.45,54.675000000000004,0
4468-KAZHE,20,1,0,0,60.0,1259.35,62.967499999999994,0
0455-ENTCR,66,1,2,0,85.25,5538.35,83.91439393939395,0
8944-AILEF,15,1,0,3,19.45,340.85,22.723333333333336,0
5542-NKVRU,42,1,2,2,20.75,844.45,20.10595238095238,0
7126-RBHSD,17,1,0,0,78.9,1348.95,79.35000000000001,0
5370-IIVVL,37,1,1,3,104.5,3778.0,102.10810810810811,0
6789-HJBWG,12,1,0,0,49.4,611.65,50.97083333333333,0
3927-NLNRY,53,1,1,2,94.25,4867.95,91.84811320754717,1
9087-EYCPR,60,1,2,1,25.0,1505.05,25.084166666666665,0
6791-YBNAK,18,0,0,3,25.55,467.85,25.991666666666667,0
6358-LYNGM,1,1,0,0,74.9,74.9,74.9,1
6077-BDPXA,3,1,0,0,70.15,194.2,64.73333333333333,0
0013-MHZWF,9,1,0,3,69.4,571.45,63.49444444444445,0
5494-HECPR,1,1,0,0,80.25,80.25,80.25,1
8268-YDIXR,56,1,1,0,93.15,5253.95,93.82053571428571,0
9824-BEMCV,17,1,0,0,69.0,1149.65,67.62647058823529,1
1373-ORVIZ,11,1,0,0,66.35,740.8,67.34545454545454,1
4291-SHSBH,7,1,0,0,69.55,521.35,74.47857142857143,0
6980-IMXXE,69,1,2,2,20.2,1412.65,20.473188405797103,0
9866-QEVEE,19,1,0,2,86.0,1532.45,80.65526315789474,1
9897-KXHCM,3,1,0,0,80.3,250.05,83.35000000000001,1
0040-HALCW,54,1,2,3,20.4,1090.6,20.196296296296296,0
0784-GTUUK,62,1,1,3,23.75,1446.8,23.335483870967742,0
7979-CORPM,24,1,0,3,90.55,2282.55,95.10625,1
2294-DMMUS,62,1,0,3,70.45,4300.45,69.36209677419355,0
0872-JCPIB,17,1,0,2,65.75,1111.2,65.36470588235295,0
3055-MJDSB,9,0,0,1,24.6,190.1,21.12222222222222,0
9091-WTUUY,64,1,2,1,69.25,4447.75,69.49609375,0
1618-CFHME,2,1,0,0,75.9,143.35,71.675,1
3165-HDOEW,1,1,0,1,45.85,45.85,45.85,1
6581-NQCBA,16,0,0,0,49.95,810.2,50.6375,1
7115-IRDHS,72,1,2,2,24.65,1830.05,25.41736111111111,0
8496-DMZUK,30,1,1,2,90.4,2820.65,94.02166666666668,0
2040-VZIKE,49,1,0,1,100.85,4847.35,98.92551020408165,0
9068-VPWQQ,61,1,2,3,75.35,4729.3,77.52950819672131,0
0178-SZBHO,47,1,0,0,87.2,4017.45,85.47765957446808,0
0384-RVBPI,20,1,0,3,64.4,1398.6,69.92999999999999,0
1689-MRZQR,34,1,0,0,78.3,2564.3,75.42058823529412,1
1299-AURJA,70,1,2,2,24.7,1685.9,24.084285714285716,0
4525-VZCZG,54,1,1,0,105.85,5826.65,107.90092592592592,0
1543-LLLFT,61,1,1,1,98.3,6066.55,99.4516393442623,0
5835-BEQEU,3,1,0,0,76.95,228.4,76.13333333333334,1
2788-CJQAQ,13,1,1,1,19.45,270.2,20.784615384615385,0
5565-FILXA,16,1,0,0,96.15,1529.2,95.575,1
0319-QZTCO,3,1,0,3,58.7,168.6,56.199999999999996,0
2120-SMPEX,25,1,0,1,20.15,536.35,21.454,0
0096-FCPUF,30,1,0,1,64.5,1888.45,62.94833333333334,0
0668-OGMHD,21,0,0,0,28.5,629.35,29.969047619047622,0
5552-ZNFSJ,1,1,0,0,45.3,45.3,45.3,1
2223-KAGMX,15,1,0,2,19.4,289.3,19.28666666666667,1
6507-ZJSUR,23,1,0,0,90.45,2117.25,92.05434782608695,0
9408-HRXRK,45,1,0,0,105.15,4730.9,105.1311111111111,0
5593-SUAOO,24,1,1,2,83.15,2033.05,84.71041666666666,0
7321-PKUYW,11,1,0,0,90.15,987.95,89.81363636363636,1
2833-SLKDQ,1,1,0,1,45.05,45.05,45.05,1
6766-HFKLA,56,1,2,2,103.2,5744.35,102.57767857142858,0
7595-EUIVN,1,1,0,0,75.8,75.8,75.8,1
7617-EYGLW,1,1,0,0,19.45,19.45,19.45,0
2026-TGDHM,7,1,0,0,79.3,523.15,74.73571428571428,1
9220-ZNKJI,55,1,2,3,88.8,4805.3,87.36909090909091,0
4030-VPZBD,2,0,0,0,30.9,59.05,29.525,1
2226-ICFDO,72,1,2,3,85.9,6110.75,84.87152777777777,0
0723-VSOBE,45,0,1,0,34.2,1596.6,35.48,0
5529-GIBVH,47,1,2,1,20.15,1046.2,22.25957446808511,0
4187-CINZD,46,1,1,3,95.25,4424.2,96.17826086956521,1
9992-UJOEL,2,1,0,1,50.3,92.75,46.375,0
4741-WWJQZ,2,1,0,0,80.15,194.55,97.275,0
6625-UTXEW,12,1,0,0,51.25,612.1,51.00833333333333,0
6818-WOBHJ,68,1,0,2,89.6,6127.6,90.11176470588236,1
6244-BESBM,69,1,2,3,95.2,6671.7,96.69130434782609,0
1004-NOZNR,56,1,1,3,94.8,5264.3,94.00535714285715,0
1251-STYSZ,4,1,0,0,80.25,303.7,75.925,0
2612-PHGOX,64,1,2,2,76.1,4818.8,75.29375,0
2408-TZMJL,59,1,1,0,110.15,6448.05,109.28898305084746,1
8480-PPONV,62,1,2,2,115.55,7159.05,115.46854838709677,0
8780-IHCRN,63,1,2,3,24.65,1574.5,24.99206349206349,0
4598-ZADCK,53,0,1,0,53.6,2879.2,54.32452830188679,0
1257-SXUXQ,5,1,0,1,19.45,86.05,17.21,0
9681-KYGYB,49,1,0,0,88.2,4159.45,84.88673469387754,0
7182-OVLBJ,62,1,2,2,101.15,6638.35,107.07016129032259,0
5095-ETBRJ,55,1,2,1,56.8,3112.05,56.582727272727276,0
7005-CYUIL,71,1,2,0,99.4,7168.25,100.96126760563381,0
4821-WQOYN,72,1,2,3,20.1,1326.25,18.42013888888889,0
4730-AWNAU,36,0,1,3,60.7,2234.55,62.07083333333334,0
3452-FLHYD,25,1,1,2,20.95,495.15,19.805999999999997,0
2388-LAESQ,72,1,2,2,114.85,8317.95,115.52708333333334,0
9531-NSBMR,36,1,1,2,19.25,679.8,18.883333333333333,0
6260-ONULR,1,1,0,1,62.8,62.8,62.8,0
4389-UEFCZ,72,1,2,0,105.5,7544.0,104.77777777777777,0
8711-LOBKY,59,1,2,1,19.85,1188.25,20.139830508474578,0
9134-CEQMF,7,1,0,0,89.5,676.7,96.67142857142858,1
8985-OOPOS,1,1,1,3,74.1,74.1,74.1,0
8800-ZKRFW,30,1,0,0,107.5,3242.5,108.08333333333333,0
2616-FLVQC,64,1,2,1,19.55,1240.15,19.37734375,0
9968-FFVVH,63,1,1,2,68.8,4111.35,65.25952380952381,0
3108-PCCGG,72,1,2,3,84.45,5899.85,81.94236111111111,0
7993-PYKOF,8,1,0,0,75.0,632.95,79.11875,1
8390-FESFV,62,1,2,2,84.5,5193.2,83.76129032258065,0
3022-BEXHZ,67,1,2,2,111.2,7530.8,112.4,0
5027-XWQHA,6,1,0,0,44.75,270.95,45.15833333333333,1
6248-TKCQV,70,1,2,2,80.6,5460.2,78.00285714285714,0
6729-GDNGC,20,1,0,2,80.7,1614.2,80.71000000000001,0
6198-ZFIOJ,5,1,0,0,75.6,402.5,80.5,0
5989-OMNJE,24,0,1,0,57.6,1367.75,56.989583333333336,0
4566-QVRRW,11,1,0,0,44.05,483.7,43.97272727272727,1
1291-CUOCY,72,1,2,3,110.6,7962.2,110.58611111111111,0
9795-SHUHB,66,1,2,3,58.2,3810.8,57.73939393939394,0
3230-IUALN,45,1,2,1,81.0,3533.6,78.52444444444444,0
0042-RLHYP,69,1,2,2,19.7,1396.9,20.244927536231884,0
8519-IMDHU,15,1,0,2,85.6,1345.55,89.70333333333333,1
4945-RVMTE,28,1,0,2,59.55,1646.45,58.801785714285714,0
0201-OAMXR,70,1,1,3,115.55,8127.6,116.10857142857144,1
1866-NXPSP,36,1,1,1,75.55,2680.15,74.44861111111112,0
3372-KWFBM,16,1,0,0,86.6,1281.0,80.0625,1
7831-QGOXH,18,1,0,0,85.2,1553.9,86.32777777777778,1
6393-WRYZE,34,1,0,0,97.65,3207.55,94.33970588235294,1
3941-XTSKM,42,0,1,3,45.1,2049.05,48.786904761904765,0
1661-CZBAU,48,1,1,2,70.95,3629.2,75.60833333333333,0
6599-RCLCJ,47,1,0,0,109.55,5124.55,109.03297872340426,1
9831-BPFRI,39,1,1,0,89.55,3474.45,89.08846153846153,1
5158-RIVOP,11,1,2,3,20.9,202.3,18.39090909090909,0
9788-YTFGE,7,1,0,1,19.95,147.5,21.071428571428573,0
9277-JOOMO,3,1,0,1,24.6,86.35,28.78333333333333,0
1907-YLNYW,8,1,0,0,66.7,579.0,72.375,0
1725-MIMXW,1,1,0,1,19.45,19.45,19.45,1
8947-YRTDV,32,1,1,1,94.8,3131.55,97.8609375,0
3161-ONRWK,60,1,1,2,65.85,3928.3,65.47166666666666,0
0114-RSRRW,10,1,0,2,19.95,187.75,18.775,0
4565-NLZBV,71,1,2,2,24.65,1710.15,24.086619718309862,0
0031-PVLZI,4,1,0,1,20.35,76.35,19.0875,1
7206-GZCDC,1,1,0,0,69.25,69.25,69.25,1
6682-VCIXC,43,0,1,2,51.25,2151.6,50.03720930232558,0
4791-QRGMF,59,1,1,2,99.5,5961.1,101.035593220339,1
6475-VHUIZ,23,1,0,0,54.25,1221.55,53.11086956521739,0
3910-MRQOY,72,1,2,2,19.4,1496.45,20.78402777777778,0
0661-WCQNQ,22,1,1,3,56.25,1292.2,58.73636363636364,0
7537-RBWEA,1,0,0,1,25.15,25.15,25.15,0
4656-CAURT,69,1,2,2,23.95,1713.1,24.827536231884057,0
0121-SNYRK,50,0,1,1,35.4,1748.9,34.978,0
1768-ZAIFU,1,0,0,0,25.2,25.2,25.2,1
4671-LXRDQ,2,1,0,1,45.0,96.45,48.225,1
3733-LSYCE,15,1,0,2,75.35,1114.55,74.30333333333333,0
6265-FRMTQ,31,1,2,2,20.4,609.1,19.648387096774194,0
1934-SJVJK,1,1,0,1,20.15,20.15,20.15,1
3838-OZURD,66,1,0,3,105.0,7133.25,108.07954545454545,1
9269-CQOOL,3,1,0,3,54.7,169.45,56.48333333333333,1
2017-CCBLH,8,1,2,1,20.0,141.6,17.7,0
7690-KPNCU,64,1,1,3,73.05,4688.65,73.26015625,0
0536-BGFMZ,28,1,0,1,20.5,563.05,20.10892857142857,0
2293-IJWPS,57,1,1,3,100.75,5985.0,105.0,0
2845-HSJCY,14,1,0,0,87.25,1258.6,89.89999999999999,1
5469-NUJUR,19,1,2,1,19.95,373.5,19.657894736842106,0
1184-PJVDB,10,1,0,0,79.95,857.2,85.72,1
2625-TRCZQ,51,0,0,0,49.65,2553.35,50.0656862745098,0
4102-HLENU,67,1,2,1,65.65,4322.85,64.52014925373135,0
7266-GSSJX,11,1,0,0,20.45,250.8,22.8,0
7722-VJRQD,72,0,2,2,60.95,4549.05,63.181250000000006,0
7073-QETQY,66,1,1,0,20.35,1359.5,20.598484848484848,0
9415-DPEWS,18,1,0,0,88.35,1639.3,91.07222222222222,1
5624-RYAMH,9,1,0,0,19.5,178.85,19.87222222222222,0
0196-JTUQI,9,1,0,3,75.2,633.85,70.42777777777778,0
7130-YXBRO,48,1,0,2,111.45,5315.1,110.73125,0
9272-LSVYH,10,1,0,1,70.15,735.5,73.55,0
7943-RQCHR,9,1,0,0,94.75,889.9,98.87777777777778,1
3793-MMFUH,13,1,0,0,95.05,1290.0,99.23076923076923,1
3249-ZPQRG,4,1,0,0,78.45,330.05,82.5125,1
2568-BRGYX,4,1,0,0,70.2,237.95,59.4875,1
3084-DOWLE,72,1,2,2,92.0,6474.4,89.92222222222222,0
1084-MNSMJ,51,1,2,3,85.5,4421.95,86.70490196078431,0
7721-JXEAW,59,0,0,2,41.05,2452.7,41.57118644067796,1
7249-WBIYX,10,1,0,0,85.6,813.85,81.385,1
4238-HFHSN,61,1,0,0,82.15,4904.85,80.40737704918034,0
6250-CGGUN,54,1,1,0,84.4,4484.05,83.03796296296296,0
5478-JJVZK,33,1,0,1,60.9,2033.85,61.631818181818176,0
7596-IIWYC,27,1,2,2,20.25,538.2,19.933333333333334,0
6567-HOOPW,1,1,0,0,79.2,79.2,79.2,1
9793-WECQC,23,1,0,1,95.3,2192.9,95.34347826086957,0
4291-HPAXL,1,1,0,1,19.85,19.85,19.85,0
8999-YPYBV,45,1,2,1,84.35,3858.05,85.73444444444445,0
1839-FBNFR,39,1,2,2,19.85,854.8,21.91794871794872,0
3164-AALRN,5,1,1,1,70.0,347.4,69.47999999999999,1
3071-MVJCD,72,1,2,2,82.3,5815.15,80.76597222222222,0
1697-BCSHV,58,1,0,2,66.8,3970.4,68.45517241379311,0
0562-KBDVM,70,0,2,2,44.6,3058.15,43.68785714285715,0
1131-SUEKT,61,1,1,2,98.45,6145.2,100.74098360655738,0
3717-OEAUQ,2,1,0,1,70.7,129.2,64.6,0
4538-WNTMJ,46,1,1,1,24.95,1165.9,25.345652173913045,0
3334-CTHOL,1,1,0,2,49.95,49.95,49.95,1
4704-ERYFC,22,1,0,0,69.25,1554.0,70.63636363636364,1
9432-RUVSL,48,1,2,3,102.5,4904.25,102.171875,0
8060-HIWJJ,64,1,2,3,86.55,5632.55,88.00859375,0
7684-XSZIY,72,1,2,2,24.3,1643.25,22.822916666666668,0
9089-UOWJG,12,1,0,3,58.35,740.55,61.7125,0
8621-MNIHH,34,1,0,0,94.25,3217.55,94.63382352941177,1
8039-ACLPL,72,1,2,3,68.75,4888.2,67.89166666666667,0
9885-AIBVB,29,1,0,0,85.8,2440.25,84.14655172413794,0
1934-MKPXS,33,1,1,3,20.1,620.55,18.804545454545455,0
2592-YKDIF,1,1,0,1,20.35,20.35,20.35,0
2272-JKMSI,62,1,1,0,110.8,6840.95,110.33790322580644,0
0471-LVHGK,41,1,1,0,73.0,3001.2,73.19999999999999,1
9518-RWHZL,64,1,1,3,100.05,6254.2,97.721875,1
8714-CTZJW,4,1,0,3,82.85,319.6,79.9,0
3569-EDBPQ,24,1,0,0,84.35,1938.05,80.75208333333333,0
3131-NWVFJ,14,1,1,1,19.55,294.5,21.035714285714285,0
7521-YXVZY,3,1,0,1,19.95,58.3,19.433333333333334,0
5419-CONWX,4,1,0,3,99.8,442.85,110.7125,1
6240-EURKS,18,0,0,0,35.0,553.0,30.72222222222222,1
2373-NTKOD,8,1,0,0,66.25,546.45,68.30625,0
1970-KKFWL,35,1,2,2,23.3,797.1,22.774285714285714,0
6960-HVYXR,1,1,0,0,76.0,76.0,76.0,1
9337-SRRNI,66,1,2,3,25.3,1673.8,25.36060606060606,0
0895-UADGO,8,0,2,1,44.55,343.45,42.93125,0
5678-VFNEQ,71,1,1,3,104.1,7412.25,104.39788732394366,0
5977-CKHON,43,1,0,2,92.55,4039.0,93.93023255813954,0
7024-OHCCK,2,1,0,0,93.85,170.85,85.425,1
2692-BUCFV,29,1,0,2,101.45,2948.6,101.67586206896551,0
7861-UVUFT,15,1,0,0,84.3,1308.4,87.22666666666667,1
1830-GGFNM,65,1,2,3,94.55,6078.75,93.51923076923077,0
5302-BDJNT,35,1,0,0,95.5,3418.2,97.66285714285713,0
5223-UZAVK,64,1,1,3,100.3,6603.8,103.184375,0
4859-ZSRDZ,58,0,2,3,55.5,3166.9,54.601724137931036,0
5651-WYIPH,18,1,0,3,49.85,865.75,48.09722222222222,0
9350-VLHMB,67,1,0,2,89.55,6373.1,95.12089552238807,0
3498-LZGQZ,63,1,2,1,19.15,1177.05,18.683333333333334,0
8785-CJSHH,60,1,0,0,99.8,5985.75,99.7625,0
5357-TZHPP,9,1,0,3,84.4,732.5,81.38888888888889,1
3870-SPZSI,70,1,2,3,113.05,7869.05,112.415,0
0680-DFNNY,15,1,0,0,101.1,1504.05,100.27,1
7560-QRBXH,48,1,1,1,19.95,936.7,19.514583333333334,0
7077-XJMET,12,1,0,0,74.15,741.4,61.78333333333333,0
8752-GHJFU,71,1,1,0,92.0,6585.2,92.74929577464789,0
6896-SRVYQ,44,1,0,0,73.85,3122.4,70.96363636363637,0
7767-UXAGJ,1,1,0,0,50.45,50.45,50.45,1
4652-ODEVH,45,1,2,1,24.45,1088.25,24.183333333333334,0
6510-UPNKS,23,1,1,3,24.8,615.35,26.754347826086956,0
6718-BDGHG,43,1,1,2,64.85,2908.2,67.63255813953488,0
9046-DQMTP,35,1,0,2,20.75,739.9,21.14,0
6439-LAJXL,9,1,0,1,68.95,593.85,65.98333333333333,0
1571-SAVHK,12,1,0,1,99.95,1132.75,94.39583333333333,1
9052-VKDUW,65,1,0,3,109.4,7227.45,111.19153846153846,0
9546-CQJSU,2,1,0,0,91.4,193.6,96.8,1
1666-JZPZT,27,1,0,1,49.0,1291.35,47.827777777777776,0
5777-KJIRB,40,1,1,1,50.25,2023.55,50.58875,0
0506-LVNGN,5,1,0,3,75.55,349.65,69.92999999999999,1
7677-SJJJK,8,1,1,3,19.9,153.95,19.24375,0
2480-EJWYP,58,1,1,2,97.8,5458.8,94.11724137931034,0
3253-HKOKL,52,1,1,0,100.3,5244.45,100.85480769230769,0
7055-HNEOJ,3,1,0,1,55.8,154.55,51.51666666666667,0
5514-YQENT,41,1,2,0,111.15,4507.15,109.93048780487804,0
3211-AAPKX,20,1,0,1,98.55,2031.95,101.5975,0
8445-DNBAE,1,1,0,0,50.05,50.05,50.05,0
2951-QOQTK,4,1,0,3,80.8,332.45,83.1125,1
2958-NHPPS,23,1,0,0,20.85,473.9,20.604347826086954,0
6806-YDEUL,6,1,0,2,19.5,106.8,17.8,0
1735-XMJVH,8,1,0,1,19.35,152.6,19.075,0
6890-PFRQX,18,1,0,1,69.5,1199.4,66.63333333333334,0
0222-CNVPT,52,0,0,3,48.8,2555.05,49.135576923076925,0
5899-OUVKV,31,1,0,0,94.5,2979.2,96.1032258064516,0
8681-ICONS,29,1,0,1,20.65,654.85,22.58103448275862,0
1621-YNCJH,36,1,2,3,106.05,3834.4,106.51111111111112,0
3473-XIIIT,16,1,0,0,100.0,1534.75,95.921875,1
6362-QHAFM,42,1,1,0,108.3,4586.15,109.19404761904761,0
7893-IXHRQ,1,1,0,0,20.55,20.55,20.55,1
3070-BDOQC,60,1,2,0,99.65,5941.05,99.0175,0
2952-QAYZF,5,1,0,0,85.3,424.15,84.83,1
6234-PFPXL,22,1,0,3,95.9,2234.95,101.58863636363635,0
9824-QCJPK,36,1,1,1,20.0,666.75,18.520833333333332,0
4763-PGDPO,4,1,0,0,70.4,281.0,70.25,1
4283-IVYCI,9,1,0,1,64.95,547.8,60.86666666666666,0
1866-OBPNR,1,1,0,3,74.6,74.6,74.6,0
8205-MQUGY,12,1,0,0,49.2,571.15,47.59583333333333,0
8970-ANWXO,23,1,1,1,73.75,1756.6,76.37391304347825,0
9480-BQJEI,62,1,1,2,92.3,5731.45,92.44274193548387,0
5394-SVGJV,37,1,0,2,98.8,3475.55,93.9337837837838,1
6979-TNDEU,8,1,0,1,19.2,156.85,19.60625,0
9777-WJJPR,31,1,0,3,88.65,2683.2,86.55483870967741,0
9283-LZQOH,13,1,0,3,74.4,896.75,68.98076923076923,1
7079-QRCBC,24,1,0,0,98.75,2407.3,100.30416666666667,1
9495-SKLKD,45,1,0,2,95.95,4456.65,99.03666666666666,0
6048-UWKAL,69,1,2,3,105.4,6998.95,101.4340579710145,0
5067-DGXLL,2,1,0,1,20.25,36.8,18.4,0
5469-CTCWN,61,1,1,0,106.0,6547.7,107.33934426229509,1
9851-QXEEQ,41,1,0,0,104.7,4346.4,106.00975609756097,1
6281-FKEWS,44,0,1,0,49.05,2265.0,51.47727272727273,0
8898-KASCD,39,0,1,1,35.55,1309.15,33.56794871794872,0
9242-TKFSV,72,0,2,3,65.1,4754.3,66.03194444444445,0
9290-SHCMB,13,1,0,0,96.85,1235.55,95.04230769230769,0
0743-HNPFG,51,1,1,3,69.75,3562.5,69.8529411764706,0
2277-BKJKN,71,1,2,0,99.2,7213.75,101.60211267605634,0
9809-IMGCQ,22,1,0,0,96.7,2082.95,94.67954545454545,1
5208-HFSBT,2,1,0,3,55.05,102.75,51.375,1
5035-PGZXH,56,1,1,0,106.8,5914.4,105.61428571428571,0
8695-WDYEA,1,1,0,1,51.25,51.25,51.25,0
6543-JXSOO,23,1,1,1,57.75,1282.85,55.77608695652174,0
8016-ZMGMO,66,1,1,2,70.85,4738.85,71.80075757575759,0
8605-ITULD,1,1,0,1,19.55,19.55,19.55,0
3254-YRILK,19,1,0,0,88.2,1775.8,93.46315789473684,1
6416-YJTTB,11,1,0,2,79.5,795.65,72.33181818181818,0
2667-WYLWJ,8,1,1,1,19.75,145.0,18.125,1
4472-VESGY,52,1,0,2,98.15,4993.4,96.02692307692307,0
3195-TQDZX,3,1,0,0,20.25,61.45,20.483333333333334,0
3128-YOVTD,51,1,0,2,79.15,4018.55,78.79509803921569,0
0529-ONKER,15,1,0,0,75.65,1146.65,76.44333333333334,1
1728-CXQBE,64,1,0,0,94.25,6081.4,95.021875,0
7041-TXQJH,37,0,0,3,40.2,1478.85,39.96891891891892,0
5014-GSOUQ,13,1,2,1,19.95,243.65,18.742307692307694,0
5724-BIDBU,49,1,1,0,55.35,2633.95,53.754081632653055,0
0481-SUMCB,45,1,1,2,102.15,4735.35,105.23,0
1769-GRUIK,18,1,0,0,71.1,1247.75,69.31944444444444,0
5240-IJOQT,1,1,0,0,74.7,74.7,74.7,1
8819-WFGGJ,68,0,2,2,54.1,3794.5,55.8014705882353,0
7427-AUFPY,54,1,2,3,19.65,1008.7,18.67962962962963,0
2811-POVEX,23,1,0,2,88.45,2130.55,92.63260869565218,0
1092-GANHU,17,1,0,0,76.65,1313.55,77.26764705882353,1
7898-PDWQE,71,1,2,3,80.4,5727.15,80.66408450704225,0
9972-EWRJS,67,1,2,2,19.25,1372.9,20.491044776119406,0
9314-IJWSQ,14,1,0,0,84.8,1203.9,85.99285714285715,0
0661-XEYAN,1,0,0,1,25.8,25.8,25.8,1
5799-JRCZO,63,1,2,3,19.5,1215.1,19.287301587301585,0
1921-KYSAY,41,1,1,0,68.6,2877.05,70.1719512195122,0
6198-RTPMF,17,1,0,0,92.6,1579.7,92.9235294117647,0
2924-KHUVI,56,1,1,0,100.55,5514.95,98.48125,0
1925-GMVBW,5,1,0,3,20.55,96.1,19.22,0
7881-EVUAD,2,0,0,0,42.6,72.4,36.2,1
6184-DYUOB,3,1,0,1,19.6,55.25,18.416666666666668,0
9207-ZPANB,37,1,1,0,67.45,2443.3,66.03513513513514,0
5766-XQXMQ,29,1,0,2,68.85,1970.5,67.94827586206897,1
9327-QSDED,8,1,0,1,43.55,335.4,41.925,0
1656-DRSMG,63,1,0,3,109.85,7002.95,111.15793650793651,0
3012-VFFMN,7,1,0,1,20.65,158.95,22.707142857142856,0
2984-AFWNC,3,1,0,0,95.4,293.15,97.71666666666665,0
0640-YJTPY,72,1,2,2,21.0,1493.75,20.74652777777778,0
8096-LOIST,19,1,0,0,56.2,1093.4,57.54736842105264,0
9764-REAFF,59,1,2,2,18.4,1057.85,17.92966101694915,0
3703-VAVCL,2,1,0,3,90.0,190.05,95.025,1
7107-UBYKY,35,1,0,0,25.75,882.55,25.215714285714284,0
4881-GQJTW,14,1,0,3,19.6,300.4,21.457142857142856,0
8519-QJGJD,14,1,0,0,75.35,1025.95,73.28214285714286,1
7876-DNYAP,69,1,2,3,19.8,1436.95,20.82536231884058,0
7905-NJMXS,7,1,0,0,64.2,475.0,67.85714285714286,0
2882-WDTBA,69,1,2,2,75.75,5388.15,78.0891304347826,0
2091-GPPIQ,72,1,2,0,78.95,5730.15,79.58541666666666,0
6326-MTTXK,8,1,0,0,100.85,819.55,102.44375,1
5071-FBJFS,4,1,0,0,50.3,217.1,54.275,0
2796-UUZZO,63,1,0,3,80.3,4896.35,77.71984126984128,0
2429-AYKKO,72,1,2,2,19.85,1434.1,19.918055555555554,0
9798-OPFEM,46,1,2,0,21.1,937.1,20.371739130434783,0
0330-IVZHA,5,1,0,0,69.95,330.15,66.03,1
3794-NFNCH,30,1,0,1,50.0,1474.9,49.163333333333334,0
5193-QLVZB,63,1,2,2,104.75,6536.5,103.75396825396825,0
7114-AEOZE,60,1,2,2,19.85,1128.1,18.801666666666666,0
2886-KEFUM,63,1,1,0,107.5,6873.75,109.10714285714286,1
5522-NYKPB,25,1,0,0,85.9,2199.05,87.962,0
4237-RLAQD,1,1,0,1,45.85,45.85,45.85,1
9957-YODKZ,6,1,0,0,80.8,457.1,76.18333333333334,0
6518-KZXCB,22,1,2,1,25.25,566.5,25.75,0
2245-ADZFJ,31,1,2,2,80.55,2471.6,79.7290322580645,0
7776-QGYJC,39,1,0,2,81.5,3107.3,79.67435897435898,0
9313-QOLTZ,26,1,0,1,20.9,518.3,19.934615384615384,0
9651-GTSAQ,53,1,1,2,106.1,5769.75,108.86320754716981,1
3186-BAXNB,1,1,0,0,91.7,91.7,91.7,1
4672-FOTSD,12,1,0,0,67.25,832.3,69.35833333333333,0
0637-YLETY,16,1,0,3,95.6,1555.65,97.228125,1
9818-XQCUV,2,1,0,1,20.35,45.3,22.65,0
7338-ERIVA,39,0,1,2,45.05,1790.6,45.91282051282051,0
1157-BQCUW,1,1,0,0,74.95,74.95,74.95,1
8259-NFJTV,7,0,0,1,34.65,246.6,35.22857142857143,0
3223-DWFIO,4,1,0,0,69.35,261.65,65.4125,0
2660-EMUBI,10,1,0,0,95.35,898.35,89.83500000000001,1
6968-GMKPR,55,1,0,0,81.55,4509.5,81.99090909090908,0
4751-ERMAN,72,1,2,2,75.4,5480.25,76.11458333333333,0
1436-ZMJAN,10,1,0,3,67.8,653.15,65.315,0
3292-PBZEJ,11,1,0,0,111.4,1183.05,107.55,0
0799-DDIHE,15,1,0,0,46.3,639.45,42.63,0
3070-FNFZQ,23,1,2,2,20.4,478.75,20.815217391304348,0
2812-SFXMJ,1,1,0,1,20.05,20.05,20.05,0
7675-OZCZG,3,1,0,0,45.0,127.1,42.36666666666667,1
5014-WUQMG,47,1,1,0,96.1,4391.45,93.43510638297872,0
5312-TSZVC,15,1,1,1,19.65,270.6,18.040000000000003,0
2003-CKLOR,66,1,0,0,99.5,6710.5,101.67424242424242,1
0993-OSGPT,68,1,1,2,60.65,3975.9,58.46911764705882,0
9254-RBFON,17,1,1,2,98.6,1704.95,100.29117647058824,1
1205-WNWPJ,7,1,0,1,59.5,415.95,59.42142857142857,1
9391-EOYLI,12,1,0,0,80.45,950.2,79.18333333333334,1
7108-DGVUU,21,1,1,2,71.7,1497.05,71.28809523809524,0
2782-JEEBU,21,0,0,1,36.0,780.15,37.15,0
5127-BZENZ,56,1,1,2,65.2,3512.15,62.71696428571429,0
2720-FVBQP,6,1,0,3,48.95,273.25,45.541666666666664,0
9906-NHHVC,65,0,2,2,53.5,3517.9,54.121538461538464,0
4522-XRWWI,42,1,1,3,80.45,3375.9,80.37857142857143,0
3766-EJLFL,68,1,2,2,109.05,7508.55,110.41985294117647,0
5939-SXWHM,48,1,2,2,26.3,1245.05,25.938541666666666,0
8152-UOBNY,50,1,1,0,106.8,5347.95,106.959,0
7351-KYHQH,7,1,0,0,64.95,493.65,70.52142857142857,0
7643-RCHXS,63,1,2,0,19.35,1263.85,20.06111111111111,0
8246-SHFGA,17,1,0,3,21.1,385.55,22.679411764705883,0
8387-MOJJT,42,1,0,3,77.95,3384.0,80.57142857142857,1
0620-XEFWH,4,1,0,1,18.85,84.2,21.05,0
6485-QXWWE,62,1,2,2,26.0,1638.7,26.43064516129032,0
2761-OCIAX,2,1,0,0,74.7,165.4,82.7,1
7321-VGNKU,2,1,0,0,70.35,120.25,60.125,0
5327-CNLUQ,48,1,2,2,96.9,4473.45,93.19687499999999,0
7552-KEYGT,27,1,2,2,19.55,520.55,19.27962962962963,0
5816-JMLGY,70,1,2,2,80.4,5717.85,81.68357142857144,0
3068-OMWZA,1,1,0,0,88.8,88.8,88.8,1
2927-QRRQV,46,1,1,0,94.65,4312.5,93.75,0
6032-KRXXO,30,1,0,0,90.25,2755.35,91.845,1
7459-RRWQZ,15,1,0,2,64.65,994.55,66.30333333333333,1
6265-SXWBU,69,1,1,3,95.75,6511.25,94.3659420289855,0
7941-RCJOW,65,1,2,3,19.55,1218.65,18.74846153846154,0
6374-NTQLP,72,1,2,3,104.1,7447.7,103.44027777777778,0
4154-AQUGT,13,1,0,2,89.05,1169.35,89.94999999999999,1
2387-KDZQY,17,1,1,1,20.1,279.5,16.441176470588236,0
3584-WKTTW,51,1,1,0,111.55,5720.35,112.16372549019609,0
3399-BMLVW,51,1,2,3,60.5,3121.45,61.20490196078431,0
1971-DTCZB,72,1,2,2,90.95,6468.6,89.84166666666667,0
3092-IGHWF,67,1,1,0,87.4,5918.8,88.34029850746269,1
3374-PZLXD,34,1,0,1,19.7,675.6,19.870588235294118,0
3813-DHBBB,67,0,2,2,50.95,3521.7,52.56268656716418,0
2812-REYAT,49,1,1,2,20.05,923.1,18.838775510204083,0
6518-PPLMZ,53,1,2,1,19.4,1110.35,20.95,0
4939-KYYPY,27,1,0,0,59.45,1611.65,59.69074074074074,0
8017-LXHFA,23,1,0,0,94.75,2293.6,99.72173913043478,1
5930-GBIWP,69,1,2,3,81.5,5553.25,80.48188405797102,0
6022-KOUQO,2,0,0,2,29.05,44.75,22.375,0
6352-TWCAU,35,1,0,0,86.45,3029.1,86.54571428571428,1
2361-UPSND,46,1,1,1,70.6,3231.05,70.24021739130436,0
6035-RIIOM,54,1,2,2,97.2,5129.45,94.9898148148148,0
2929-QNSRW,56,1,1,0,98.25,5508.35,98.36339285714287,1
1262-OPMFY,9,1,0,2,75.75,655.9,72.87777777777778,1
9504-DSHWM,20,1,0,2,59.2,1191.2,59.56,0
5035-BVCXS,11,1,0,1,75.9,866.4,78.76363636363637,0
6267-DCFFZ,30,1,0,0,90.05,2627.2,87.57333333333332,0
3533-UVMOM,68,1,2,2,70.95,4741.45,69.72720588235293,0
2439-LYPMQ,38,1,0,0,102.6,4009.2,105.50526315789473,0
4248-QPAVC,17,1,0,2,85.35,1463.45,86.08529411764707,1
1899-VXWXM,48,1,1,3,106.1,5082.8,105.89166666666667,1
1478-VPOAD,1,1,0,0,43.8,43.8,43.8,0
9995-HOTOH,63,0,2,0,59.0,3707.6,58.85079365079365,0
2988-PLAHS,3,1,1,0,69.95,220.45,73.48333333333333,0
1371-OJCEK,48,1,1,2,24.35,1133.7,23.618750000000002,0
4999-IEZLT,66,0,1,3,29.45,1983.15,30.047727272727276,0
8883-ANODQ,68,1,2,3,84.4,5746.75,84.51102941176471,0
4690-LLKUA,17,1,0,0,45.05,770.6,45.32941176470588,1
2351-RRBUE,7,1,1,1,20.65,134.05,19.150000000000002,0
5980-BDHPY,72,1,2,2,87.1,6230.1,86.52916666666667,0
1498-DQNRX,29,1,0,1,19.85,573.05,19.760344827586206,0
9469-WEJBT,37,1,0,0,90.35,3419.3,92.41351351351352,0
3331-HQDTW,34,1,0,1,109.8,3587.25,105.50735294117646,1
9490-DFPMD,42,1,0,0,84.65,3541.35,84.31785714285714,1
2581-VKIRT,59,1,1,1,65.5,3801.3,64.42881355932204,0
5442-XSDCW,11,1,0,2,79.5,868.5,78.95454545454545,1
7426-WEIJX,60,1,0,0,80.95,4859.1,80.985,0
2851-MMUTZ,27,1,0,1,56.15,1439.35,53.30925925925926,0
3049-NDXFL,1,1,0,1,85.8,85.8,85.8,1
8580-AECUZ,1,1,0,0,79.1,79.1,79.1,1
3307-TLCUD,17,0,0,1,34.4,592.75,34.86764705882353,0
6625-FLENO,58,1,2,1,20.75,1185.95,20.44741379310345,0
2967-MXRAV,1,1,1,1,18.8,18.8,18.8,0
7963-GQRMY,3,1,0,1,44.3,134.5,44.833333333333336,1
8189-HBVRW,53,1,0,0,90.8,4921.2,92.85283018867923,0
4163-KIUHY,35,1,0,0,25.6,901.25,25.75,0
1228-FZFRV,50,1,0,3,105.95,5341.8,106.836,1
3500-NSDOA,68,1,2,3,70.8,4859.95,71.46985294117647,0
1171-TYKUR,47,1,0,0,25.4,1139.2,24.238297872340425,0
3761-FLYZI,65,1,0,2,108.8,7082.45,108.96076923076923,0
2058-DCJBE,5,1,0,0,69.75,324.6,64.92,1
5364-XYIRR,51,1,0,0,94.65,4812.75,94.36764705882354,1
4829-AUOAX,46,1,0,2,96.05,4399.5,95.6413043478261,1
1219-NNDDO,9,1,0,0,76.85,663.55,73.72777777777777,0
8388-DMKAE,8,1,2,1,20.25,174.65,21.83125,0
4403-BWPAY,14,1,1,3,24.8,321.7,22.978571428571428,0
9659-QEQSY,45,1,0,0,115.65,5125.5,113.9,0
5405-ZMYXQ,8,1,0,3,74.6,548.9,68.6125,0
5047-LHVLY,1,1,0,1,50.15,50.15,50.15,1
1442-OKRJE,66,1,1,2,103.15,7031.3,106.53484848484848,0
4737-AQCPU,72,1,2,3,72.1,5016.65,69.67569444444445,0
9158-VCTQB,41,1,0,2,113.6,4594.95,112.07195121951219,1
2808-CHTDM,23,1,2,1,25.1,611.45,26.584782608695654,0
6311-UEUME,29,1,0,0,78.9,2384.15,82.21206896551725,1
0793-TWELN,4,1,0,0,80.15,319.85,79.9625,0
3283-WCWXT,6,1,2,1,25.4,153.3,25.55,0
1060-ENTOF,67,1,1,3,105.4,7035.6,105.0089552238806,0
0999-QXNSA,7,1,0,1,45.75,344.2,49.17142857142857,0
5451-MHQOF,56,1,1,1,24.45,1431.65,25.56517857142857,0
4836-WNFNO,72,1,2,3,25.0,1849.2,25.683333333333334,0
9225-BZLNZ,72,1,2,0,85.25,6083.1,84.48750000000001,0
0354-VXMJC,23,1,2,3,19.6,426.65,18.55,0
4422-QVIJA,35,1,0,1,50.15,1655.35,47.29571428571428,0
9365-SRSZE,27,1,0,0,70.55,1943.9,71.9962962962963,0
6839-ITVZJ,26,1,0,0,60.05,1616.15,62.159615384615385,1
8332-OSJDW,12,1,1,1,26.4,314.95,26.245833333333334,0
4735-BJKOU,40,1,2,1,20.15,804.85,20.12125,0
0274-JKUJR,7,0,0,1,58.85,465.7,66.52857142857142,0
5740-YHGTW,70,1,0,3,97.55,6669.05,95.27214285714285,0
8917-SZTTJ,60,1,2,3,19.65,1161.75,19.3625,0
1696-MZVAU,39,0,1,3,25.25,947.75,24.30128205128205,0
7359-WWYJV,72,1,2,3,114.45,8375.05,116.32013888888888,0
0375-HVGXO,1,0,0,0,34.7,34.7,34.7,1
4906-ZHGPK,54,1,1,0,70.7,3770.0,69.81481481481481,0
8593-WHYHV,3,1,0,0,85.3,264.8,88.26666666666667,1
3795-GWTRD,63,1,2,3,75.55,4707.85,74.72777777777779,0
1298-PHBTI,71,1,2,0,84.8,6152.4,86.65352112676055,0
6223-DHJGV,42,1,1,1,20.65,958.1,22.811904761904763,0
6961-MJKBO,47,1,2,2,20.45,943.0,20.06382978723404,0
6097-EQISJ,66,1,1,3,102.45,6615.15,100.22954545454544,1
4423-YLHDV,21,1,0,2,104.4,2200.25,104.77380952380952,1
8158-WPEZG,11,0,0,0,35.65,425.1,38.64545454545455,0
0107-YHINA,1,1,0,0,99.75,99.75,99.75,1
4918-FYJNT,55,1,0,0,90.45,5044.8,91.72363636363637,0
0727-BNRLG,69,1,2,3,97.65,6743.55,97.73260869565217,0
4854-CIDCF,3,1,0,0,73.85,196.4,65.46666666666667,0
8640-SDGKB,4,1,0,0,74.4,299.7,74.925,1
3280-MRDOF,30,1,2,3,69.1,2093.9,69.79666666666667,0
6435-SRWBJ,5,1,0,0,82.75,417.75,83.55,0
9964-WBQDJ,71,1,2,3,24.4,1725.4,24.301408450704226,0
6303-KFWSL,29,1,1,0,55.25,1620.2,55.86896551724138,0
1702-CCFNJ,52,1,0,2,61.35,3169.55,60.95288461538462,0
8932-CZHRQ,68,1,1,3,76.75,5233.25,76.9595588235294,0
0386-CWRGM,46,1,2,1,19.4,967.85,21.04021739130435,0
5515-RUGKN,8,1,0,3,54.75,438.05,54.75625,0
0404-AHASP,72,1,2,3,19.7,1421.9,19.748611111111114,0
7279-NMVJC,17,1,1,2,19.9,323.15,19.008823529411764,0
2081-VEYEH,3,1,0,0,107.95,318.6,106.2,0
6407-UTSLV,2,1,0,2,83.8,163.7,81.85,0
4116-TZAQJ,9,1,0,3,74.25,639.65,71.07222222222222,1
9060-HJJRW,51,0,1,3,56.4,2928.5,57.42156862745098,0
2587-YNLES,6,1,2,1,20.1,100.35,16.724999999999998,0
7398-SKNQZ,3,1,0,0,94.9,273.2,91.06666666666666,0
5935-FCCNB,17,1,0,0,94.2,1608.15,94.59705882352942,0
1958-RNRKS,30,1,0,0,49.9,1441.95,48.065000000000005,0
5136-RGMZO,31,1,0,0,71.05,2168.15,69.94032258064516,0
8345-MVDYC,45,1,2,2,81.65,3618.7,80.41555555555556,0
8226-BXGES,64,1,1,2,89.45,5692.65,88.94765625,0
3877-JRJIP,1,1,0,0,59.85,59.85,59.85,1
8375-DKEBR,1,1,0,0,69.6,69.6,69.6,1
9705-IOVQQ,61,1,1,0,99.0,5969.3,97.85737704918033,0
1015-OWJKI,1,1,0,1,19.05,19.05,19.05,0
7511-YMXVQ,9,0,0,0,45.4,418.8,46.53333333333333,1
2040-XBAVJ,72,1,2,2,114.45,8100.55,112.50763888888889,0
7551-JOHTI,1,1,0,1,19.5,19.5,19.5,1
8887-IPQNC,7,1,0,1,44.25,313.45,44.778571428571425,0
8646-JCOMS,66,1,1,2,90.55,6130.95,92.89318181818182,0
9804-ICWBG,1,1,0,0,69.9,69.9,69.9,1
1222-KJNZD,40,1,0,2,20.4,745.3,18.6325,0
0106-GHRQR,16,1,0,2,71.4,1212.1,75.75625,0
5318-IXUZF,2,1,0,2,87.15,183.75,91.875,1
3768-VHXQO,67,1,2,3,24.85,1583.5,23.634328358208954,0
8952-WCVCD,41,1,1,2,104.45,4162.05,101.51341463414634,0
2418-TPEUN,56,1,2,3,19.8,1119.9,19.998214285714287,0
3963-RYFNS,72,1,2,2,116.45,8013.55,111.29930555555556,0
3198-VELRD,3,1,0,2,84.75,264.85,88.28333333333335,1
8540-ZQGEA,54,1,2,3,20.05,1102.4,20.414814814814818,0
1320-REHCS,52,1,0,0,110.75,5832.0,112.15384615384616,0
4137-JOPHL,50,1,2,2,89.7,4304.5,86.09,0
9436-ZBZCT,14,1,0,0,89.95,1178.4,84.17142857142858,1
7801-CEDNV,27,1,1,3,48.7,1421.75,52.657407407407405,0
2057-BOYKM,72,1,2,2,96.6,6827.5,94.82638888888889,0
3658-QQJYD,62,1,1,3,74.3,4698.05,75.775,0
1803-BGNBD,12,1,0,0,54.3,654.5,54.541666666666664,0
0134-XWXCE,44,1,1,2,74.85,3268.05,74.27386363636364,0
6950-TWMYB,54,1,2,2,79.95,4362.05,80.77870370370371,0
5848-FHRFC,68,1,2,2,20.05,1386.9,20.39558823529412,0
2243-FNMMI,20,1,0,1,19.4,415.4,20.77,0
2511-MORQY,50,1,1,2,54.9,2614.1,52.282,0
5356-KZCKT,58,1,2,3,24.45,1513.6,26.096551724137928,0
9470-XCCEM,35,1,0,2,89.65,3161.6,90.33142857142857,0
6519-CFDBX,2,1,0,0,45.4,80.95,40.475,0
3902-MIVLE,63,1,2,1,75.7,4676.7,74.23333333333333,0
0409-WTMPL,58,1,1,3,110.65,6526.65,112.52844827586206,0
8763-KIAFH,27,1,1,1,20.55,583.3,21.6037037037037,0
3669-WHAFY,71,1,2,3,115.15,8078.1,113.77605633802817,0
3055-VTCGS,63,1,1,3,58.55,3503.5,55.611111111111114,0
3144-KMTWZ,71,1,0,2,93.25,6669.45,93.93591549295775,0
7279-BUYWN,41,1,0,0,113.2,4689.5,114.3780487804878,1
7156-MHUGY,13,1,0,0,90.5,1201.15,92.39615384615385,1
7198-GLXTC,2,1,0,0,79.0,143.65,71.825,1
2007-QVGAW,68,1,2,2,19.35,1292.65,19.009558823529414,0
5207-PLSTK,1,1,0,1,48.75,48.75,48.75,0
2307-FYNNL,65,1,2,0,109.05,7108.2,109.35692307692307,0
5605-XNWEN,72,1,2,2,25.0,1802.55,25.035416666666666,0
2155-AMQRX,28,1,0,3,54.9,1505.15,53.75535714285714,0
6181-AXXYF,72,1,2,3,24.75,1859.1,25.820833333333333,0
5091-HFAZW,2,1,0,0,91.15,168.5,84.25,0
0516-VRYBW,18,1,1,2,20.15,390.85,21.71388888888889,1
2519-LBNQL,60,1,1,0,104.35,6339.45,105.6575,0
8623-ULFNQ,26,1,0,0,66.05,1652.4,63.55384615384616,0
8380-PEFPE,1,1,0,0,71.65,71.65,71.65,1
5687-DKDTV,4,1,0,1,20.35,77.5,19.375,1
1568-LJSZU,68,1,2,3,92.2,6392.85,94.0125,0
7530-HDYDS,38,1,0,3,84.25,3264.5,85.90789473684211,1
7789-HKSBS,42,1,1,2,105.2,4599.15,109.50357142857142,0
7416-CKTEP,57,1,2,2,19.6,1134.25,19.899122807017545,0
2586-CWXVV,54,0,0,0,30.4,1621.35,30.025,0
3096-IZETN,12,1,0,2,78.1,947.3,78.94166666666666,1
2348-KCJLT,44,1,1,1,61.5,2722.2,61.86818181818182,0
8401-EMUWF,42,1,0,2,69.4,3058.3,72.81666666666668,0
4193-IBKSW,72,1,2,2,24.75,1769.6,24.577777777777776,0
5377-NDTOU,71,1,2,1,91.05,6293.75,88.6443661971831,0
5922-ABDVO,19,1,0,1,89.65,1761.05,92.68684210526315,1
2474-LCNUE,23,1,0,3,73.65,1642.75,71.42391304347827,0
0839-QNXME,30,1,2,3,19.4,578.5,19.283333333333335,0
3506-OVLKD,35,1,1,2,26.2,954.9,27.282857142857143,0
9172-ANCRX,10,1,0,0,98.7,973.25,97.325,1
6650-VJONK,1,1,0,2,43.85,43.85,43.85,0
2178-PMGCJ,22,1,0,1,69.7,1490.4,67.74545454545455,0
7492-TAFJD,7,0,2,1,38.55,280.0,40.0,0
2773-MADBQ,36,0,2,1,53.1,1901.25,52.8125,0
6016-LVTJQ,34,1,0,1,20.65,716.4,21.070588235294117,0
7860-KSUGX,72,1,2,3,64.45,4720.0,65.55555555555556,0
8966-KZXXA,36,1,2,3,25.1,930.95,25.859722222222224,0
6910-HADCM,1,1,0,0,76.35,76.35,76.35,1
4816-LXZYW,23,1,0,0,79.15,1676.95,72.9108695652174,1
9606-PBKBQ,32,1,0,0,85.0,2642.05,82.5640625,1
5149-QYTTU,71,1,1,3,95.15,6770.85,95.36408450704226,0
2070-XYMFH,23,1,0,1,79.35,1835.3,79.79565217391304,0
2085-BOJKI,17,1,1,2,96.65,1588.25,93.42647058823529,0
0817-HSUSE,1,1,0,0,75.5,75.5,75.5,0
5442-PPTJY,12,1,2,1,19.7,258.35,21.52916666666667,0
1927-QEWMY,72,1,2,3,20.5,1502.25,20.864583333333332,0
1663-MHLHE,1,1,0,1,19.2,19.2,19.2,0
5663-QBGIS,72,1,2,2,98.35,6929.4,96.24166666666666,0
4450-MDZFX,60,1,0,2,74.35,4453.3,74.22166666666666,0
6701-DHKWQ,61,0,2,3,51.35,3244.4,53.18688524590164,0
7554-AKDQF,6,1,0,1,45.65,323.45,53.90833333333333,0
3536-IQCTX,32,1,0,0,85.3,2661.1,83.159375,1
4911-BANWH,31,1,0,3,86.55,2697.4,87.01290322580645,1
8496-EJAUI,19,1,0,3,73.85,1424.5,74.97368421052632,1
0794-YVSGE,72,1,2,2,20.3,1401.15,19.460416666666667,0
5423-BHIXO,32,1,0,0,54.2,1739.6,54.3625,0
6908-VVYHM,65,1,0,0,90.65,5931.0,91.24615384615385,0
2959-EEXWB,45,0,0,2,50.9,2333.85,51.86333333333333,0
1839-UMACK,42,1,1,0,25.05,949.85,22.61547619047619,0
3030-YDNRM,8,1,0,0,74.85,572.45,71.55625,0
7321-KKSDU,32,1,2,1,20.5,696.8,21.775,0
3402-XRIUO,22,1,0,1,63.55,1381.8,62.809090909090905,0
3132-TVFDZ,57,0,0,0,44.85,2572.95,45.13947368421052,1
8286-AFUYI,1,1,0,0,47.95,47.95,47.95,0
8080-DDEMJ,1,1,0,0,45.1,45.1,45.1,1
8356-WUAOJ,1,1,0,0,45.0,45.0,45.0,0
6365-MTGZX,24,1,0,0,96.0,2122.45,88.43541666666665,1
1349-WXNGG,1,1,0,2,20.05,20.05,20.05,1
8058-DMYRU,54,1,0,0,90.05,4931.8,91.32962962962964,0
9350-ZXYJC,4,1,2,3,25.3,116.95,29.2375,0
6990-YNRIO,65,1,2,2,108.65,6937.95,106.7376923076923,1
8958-JPTRR,56,1,1,0,24.3,1261.7,22.530357142857145,0
6959-GQEGV,45,1,0,0,75.95,3273.8,72.75111111111111,0
3173-WSSUE,71,1,2,3,19.7,1415.85,19.941549295774646,0
1265-HVPZB,59,1,1,3,66.4,3958.2,67.08813559322033,0
4115-UMJFQ,69,0,1,2,35.75,2492.25,36.119565217391305,0
7369-TRPFD,19,1,1,1,18.8,279.2,14.694736842105263,0
1098-KFQEC,55,1,2,3,19.4,1083.0,19.69090909090909,0
7190-XHTWJ,38,1,1,1,19.3,755.5,19.88157894736842,0
0621-TWIEM,10,1,0,0,45.55,402.6,40.260000000000005,1
3537-RYBHH,47,1,0,3,67.45,3252.0,69.19148936170212,0
2485-ITVKB,2,0,0,0,35.1,68.75,34.375,1
3669-OYSJI,1,1,0,3,46.2,46.2,46.2,1
1612-EOHDH,1,1,0,0,45.15,45.15,45.15,1
6702-OHFWR,1,0,0,0,43.3,43.3,43.3,1
5296-BFCYD,46,1,2,1,20.1,936.85,20.366304347826087,0
4510-PYUSH,38,1,0,3,57.15,2250.65,59.227631578947374,1
9359-JANWS,65,1,2,3,58.9,3857.1,59.339999999999996,0
7517-SAWMO,19,1,0,0,73.2,1441.1,75.84736842105262,1
4143-HHPMK,52,1,0,0,85.35,4338.6,83.4346153846154,1
3279-DYZQM,71,1,2,1,19.45,1378.45,19.414788732394367,0
7054-LGEQW,1,1,0,1,45.95,45.95,45.95,1
0523-VNGTF,52,0,0,0,50.5,2566.3,49.35192307692308,0
9575-IWCAZ,6,1,1,1,25.1,171.0,28.5,0
7105-MXJLL,26,1,1,1,60.7,1597.4,61.43846153846154,0
7064-FRRSW,48,1,1,0,99.0,4744.35,98.840625,0
7940-UQQUG,64,1,1,2,104.4,6721.6,105.025,0
0923-PNFUB,3,1,0,0,83.75,247.25,82.41666666666667,1
3961-SXAXY,1,1,0,2,44.05,44.05,44.05,0
7010-BRBUU,72,1,2,3,24.1,1734.65,24.092361111111114,0
3566-HJGPK,1,1,0,1,45.55,45.55,45.55,0
3062-ICYZQ,51,1,0,0,93.8,4539.35,89.00686274509805,0
9938-PRCVK,41,1,2,2,19.7,804.25,19.615853658536587,0
0973-KYVNF,72,1,2,3,70.65,5011.15,69.59930555555555,0
5129-HHMZC,43,1,2,3,86.45,3574.5,83.12790697674419,0
9637-CDTKZ,72,1,2,3,114.1,8086.4,112.3111111111111,0
3946-JEWRQ,47,1,1,3,95.2,4563.0,97.08510638297872,0
7873-CVMAW,72,1,2,3,88.55,6362.35,88.36597222222223,0
0463-WZZKO,3,1,0,3,20.75,67.1,22.366666666666664,0
3494-JCHRQ,1,1,0,0,70.05,70.05,70.05,1
6474-FVJLC,2,1,0,0,86.0,165.45,82.725,1
4524-QCSSM,26,0,0,2,44.65,1156.55,44.482692307692304,0
5832-EXGTT,29,1,0,1,60.2,1834.15,63.24655172413794,0
8840-DQLGN,35,1,0,2,100.5,3653.35,104.38142857142857,1
2039-JONDJ,27,1,1,2,55.45,1477.65,54.72777777777778,0
7217-JYHOQ,24,1,0,3,70.3,1706.45,71.10208333333334,0
6695-FRVEC,67,1,2,2,60.4,3953.7,59.01044776119403,0
4547-LYTDD,16,1,0,0,72.65,1194.3,74.64375,1
9894-QMIMJ,23,1,1,2,55.8,1327.85,57.73260869565217,0
8069-YQQAJ,14,0,0,1,31.1,419.7,29.978571428571428,0
6770-XUAGN,1,1,0,0,21.0,21.0,21.0,1
4193-ORFCL,1,1,0,1,45.1,45.1,45.1,1
1636-NTNCO,4,0,0,3,50.95,207.35,51.8375,0
3466-WAESX,16,1,0,0,69.1,1083.7,67.73125,0
9281-PKKZE,46,0,0,0,43.95,2007.85,43.64891304347826,0
3638-VBZTA,68,1,2,2,86.5,5882.75,86.51102941176471,0
7459-IMVYU,38,1,0,0,69.95,2657.55,69.93552631578947,0
7776-QWNFX,30,1,0,2,50.4,1527.5,50.916666666666664,1
6689-TCZHQ,5,1,0,0,78.95,378.4,75.67999999999999,1
8563-OYMQY,17,1,0,3,90.95,1612.2,94.83529411764707,0
0754-EEBDC,4,1,2,1,19.9,76.65,19.1625,0
5777-ZPQNC,12,1,1,0,20.15,260.7,21.724999999999998,0
1951-IEYXM,72,1,2,3,90.6,6441.85,89.4701388888889,0
3318-NMQXL,3,1,0,0,92.0,266.8,88.93333333333334,0
3143-ILDAL,56,1,0,0,94.45,5124.6,91.51071428571429,1
1022-RKXDR,41,1,1,1,24.85,962.25,23.46951219512195,0
2361-FJWNO,40,0,1,3,36.0,1382.9,34.572500000000005,0
2272-UOINI,7,1,0,0,78.5,571.05,81.57857142857142,0
8232-UTFOZ,69,1,2,3,19.95,1399.35,20.280434782608694,0
3750-YHRYO,7,1,1,1,20.65,150.0,21.428571428571427,0
6637-KYRCV,5,0,0,0,30.5,167.2,33.44,0
5668-MEISB,72,1,2,3,106.1,7657.4,106.35277777777777,0
0129-QMPDR,44,1,1,2,20.5,865.05,19.660227272727273,0
7188-CBBBA,65,1,1,0,95.5,6153.85,94.6746153846154,0
5356-CSVSQ,3,1,0,0,64.6,174.2,58.06666666666666,0
3221-CJMSG,24,1,0,3,51.1,1269.6,52.9,0
4720-VSTSI,44,1,0,2,84.8,3862.55,87.78522727272728,1
3219-JQRSL,72,1,2,3,89.1,6352.4,88.22777777777777,0
2801-NISEI,24,1,0,0,54.95,1348.5,56.1875,0
3946-MHCZW,1,1,0,1,50.9,50.9,50.9,1
4623-ZKHLY,22,1,0,2,20.45,471.55,21.43409090909091,0
6732-VAILE,70,1,2,3,85.95,5931.75,84.73928571428571,0
8201-AAXCB,25,1,0,0,60.35,1404.65,56.18600000000001,0
7696-CFTAT,37,1,2,2,19.8,726.1,19.624324324324323,0
1845-CSBRZ,22,1,0,2,85.35,1961.6,89.16363636363636,0
2123-VSCOT,59,1,2,2,72.1,4194.85,71.09915254237289,0
6651-AZVTJ,49,1,0,0,99.8,4872.45,99.43775510204081,1
4566-GOLUK,47,1,0,2,107.35,5118.95,108.91382978723404,1
2484-DGXPZ,31,1,0,1,19.55,658.95,21.256451612903227,1
2018-QKYGT,1,1,0,0,81.05,81.05,81.05,0
2792-VPPET,3,1,0,0,20.5,76.95,25.650000000000002,0
7409-JURKQ,53,1,1,2,111.8,5809.75,109.61792452830188,0
3247-MHJKM,1,1,0,1,20.2,20.2,20.2,0
1964-SVLEA,20,1,1,1,19.7,415.9,20.794999999999998,0
4587-NUKOX,3,1,0,0,79.1,246.5,82.16666666666667,1
7297-DVYGA,51,1,1,2,19.85,996.95,19.548039215686277,0
2239-CGBUZ,51,1,1,2,60.5,3145.15,61.66960784313726,0
0854-UYHZD,13,1,2,1,19.55,265.3,20.407692307692308,0
7243-LCGGZ,1,1,0,1,20.9,20.9,20.9,0
8267-KFGYD,1,1,0,1,21.05,21.05,21.05,0
4890-VMUAV,63,1,1,0,71.5,4576.3,72.63968253968254,0
9261-WDCAF,3,1,0,1,54.65,189.1,63.03333333333333,0
3764-MNMOI,46,1,2,3,19.2,908.15,19.742391304347827,0
7442-YGZFK,1,1,0,3,49.8,49.8,49.8,0
0420-BWTPW,8,0,0,1,25.5,215.2,26.9,1
8229-BUJHX,71,1,2,2,20.5,1500.95,21.140140845070423,0
7449-HVPIV,55,1,0,3,90.4,5099.15,92.71181818181817,0
5504-WSIUR,70,1,1,2,90.25,6385.95,91.22785714285715,0
8183-ONMXC,2,1,0,0,80.75,159.45,79.725,1
8466-PZBLH,67,1,2,2,104.6,6885.75,102.7723880597015,0
9614-RMGHA,65,1,0,2,91.85,5940.85,91.39769230769231,1
8735-IJJEG,14,1,0,3,50.2,668.85,47.775,0
0564-MUUQK,20,1,0,2,95.5,1916.2,95.81,0
5054-IEXZT,1,1,0,0,75.35,75.35,75.35,1
5834-ASPWA,1,1,0,0,75.45,75.45,75.45,1
0701-RFGFI,49,1,0,2,95.4,4613.95,94.16224489795918,0
0019-EFAEP,72,1,2,2,101.3,7261.25,100.85069444444444,0
5619-PTMIK,46,1,0,0,53.1,2459.8,53.47391304347826,0
3737-XBQDD,24,1,0,2,84.85,2048.8,85.36666666666667,0
5882-CMAZQ,5,0,0,0,34.25,163.55,32.71,0
5846-QFDFI,33,1,0,3,88.6,2888.7,87.53636363636363,0
4445-KWOKW,42,1,1,2,60.15,2421.6,57.65714285714286,0
3511-APPBJ,23,1,1,3,99.95,2292.75,99.68478260869566,0
7967-HYCDE,8,1,0,2,70.7,553.4,69.175,0
2430-RRYUW,66,1,1,1,54.8,3465.7,52.51060606060606,0
3948-XHGNA,24,1,0,2,49.55,1210.4,50.43333333333334,1
3723-BFBGR,24,1,0,3,54.8,1291.3,53.80416666666667,0
0565-IYCGT,69,1,1,3,78.6,5356.45,77.62971014492753,1
5447-WZAFP,53,1,1,1,100.3,5200.8,98.12830188679246,0
5110-CHOPY,60,0,2,0,53.6,3237.05,53.950833333333335,0
5445-UTODQ,7,1,0,0,81.1,576.65,82.37857142857142,1
4425-OWHWB,20,1,1,3,19.35,433.75,21.6875,0
7892-QVYKW,23,1,0,0,85.6,1868.4,81.23478260869565,0
9675-ICXCT,72,1,2,0,80.8,5728.55,79.56319444444445,0
1024-VRZHF,11,1,0,0,74.95,825.7,75.06363636363636,1
4703-MQYKT,21,1,2,1,19.6,390.4,18.59047619047619,0
9497-QCMMS,1,1,0,0,93.55,93.55,93.55,1
5692-ICXLW,31,1,0,0,90.7,2845.15,91.77903225806452,0
0602-DDUML,57,1,2,1,69.75,3894.4,68.32280701754387,0
2208-MPXIO,45,1,2,2,20.0,886.4,19.697777777777777,0
1960-UYCNN,10,1,0,0,95.25,1021.55,102.155,0
0348-SDKOL,58,1,0,3,102.1,5885.4,101.47241379310344,1
3190-FZATL,14,1,0,1,19.95,268.4,19.17142857142857,0
7336-RLLRH,27,1,1,1,80.85,2204.35,81.64259259259259,0
4373-MAVJG,14,1,0,2,90.9,1259.0,89.92857142857143,1
8901-HJXTF,12,0,0,1,29.2,309.1,25.758333333333336,1
7710-JSYOA,69,1,2,2,93.3,6398.05,92.72536231884058,0
5419-KLXBN,25,1,0,2,89.15,2257.75,90.31,1
3424-NMNBO,58,1,1,0,108.85,6287.25,108.40086206896552,1
9885-MFVSU,35,0,2,3,46.35,1662.05,47.48714285714286,0
4514-GFCFI,16,1,0,0,84.75,1350.15,84.384375,1
0607-MVMGC,45,1,1,3,78.75,3600.65,80.01444444444445,0
3365-SAIGS,17,1,0,0,83.55,1329.15,78.18529411764706,0
9828-AOQLM,1,1,0,0,45.7,45.7,45.7,1
8022-BECSI,22,1,1,1,19.6,422.5,19.204545454545453,0
8000-REIQB,1,1,0,0,69.95,69.95,69.95,1
9993-LHIEB,67,1,2,1,67.85,4627.65,69.06940298507462,0
0266-CLZKZ,67,1,2,2,105.65,6717.9,100.26716417910447,0
7615-ESMYF,2,0,0,0,44.6,97.1,48.55,1
3858-VOBET,23,1,0,0,74.95,1710.45,74.36739130434783,1
7020-OZKXZ,9,1,0,3,75.5,637.4,70.82222222222222,0
3977-QCRSL,5,1,0,1,20.15,117.95,23.59,0
0017-DINOC,54,0,2,3,45.2,2460.55,45.56574074074074,0
1447-PJGGA,57,1,2,0,95.25,5464.65,95.87105263157895,1
8565-CLBZW,24,1,0,1,89.85,2165.05,90.21041666666667,1
9139-WQQDY,49,1,1,1,100.45,4941.8,100.8530612244898,1
0224-HJAPT,5,1,0,0,47.15,223.15,44.63,1
8086-OVPWV,2,1,0,0,80.2,181.1,90.55,1
9430-FRQOC,4,1,0,1,87.1,341.45,85.3625,1
7639-OPLNG,70,1,2,2,79.25,5731.85,81.88357142857143,0
3074-GQWYX,5,1,0,2,75.9,357.75,71.55,1
1492-QGCLU,53,1,0,0,85.7,4616.1,87.09622641509435,0
6845-RGTYS,47,1,0,0,98.75,4533.7,96.46170212765956,1
7328-OWMOM,31,1,1,3,20.1,589.25,19.008064516129032,0
4418-LZMSV,13,1,0,2,61.8,750.1,57.7,0
5155-AZQPB,28,1,0,1,49.9,1410.25,50.36607142857143,0
8861-HGGKB,10,1,0,0,86.45,830.85,83.08500000000001,1
1087-GRUYI,38,1,2,2,20.4,743.5,19.56578947368421,0
7065-YUNRY,1,1,0,1,45.3,45.3,45.3,1
7694-VLBWQ,67,1,1,0,104.1,7040.85,105.08731343283583,1
2546-KZAAT,52,1,1,1,75.4,3865.45,74.33557692307691,0
0181-RITDD,62,1,2,1,108.15,6825.65,110.09112903225805,0
5989-PGKJB,16,1,0,0,86.25,1340.1,83.75625,0
4795-KTRTH,5,1,0,0,81.0,371.65,74.33,1
8272-ONJLV,12,1,1,0,95.7,1184.0,98.66666666666667,0
1488-PBLJN,72,1,2,2,116.85,8477.7,117.74583333333334,0
0308-GIQJT,71,1,1,2,105.75,7382.85,103.98380281690142,0
3778-FOAQW,24,1,1,1,20.15,456.85,19.035416666666666,0
4452-ROHMO,15,1,2,1,19.6,331.6,22.10666666666667,0
6481-OGDOO,67,1,1,3,90.6,6056.15,90.39029850746267,1
3090-LETTY,2,1,0,2,60.95,134.6,67.3,0
5349-AZPEW,5,0,0,1,25.05,125.5,25.1,0
3753-TSEMP,15,1,0,0,88.15,1390.6,92.70666666666666,1
8305-VHZBZ,1,1,0,1,20.2,20.2,20.2,1
9720-JJJOR,41,1,1,2,60.3,2511.3,61.25121951219513,0
8100-HZZLJ,43,1,0,0,63.95,2737.05,63.65232558139535,0
8775-ERLNB,1,1,0,0,74.3,74.3,74.3,0
8309-IEYJD,1,1,0,1,70.6,70.6,70.6,0
9172-JITSM,26,1,0,0,90.8,2361.8,90.83846153846154,1
6298-QDFNH,22,1,0,0,79.35,1730.35,78.65227272727272,1
7398-HPYZQ,71,1,2,2,90.55,6404.0,90.19718309859155,0
3546-GHEAE,7,1,2,1,19.45,165.35,23.62142857142857,0
7361-YPXFS,28,1,0,2,64.45,1867.6,66.7,0
6557-BZXLQ,16,1,0,0,69.65,1043.3,65.20625,0
2550-QHZGP,7,1,1,1,19.5,128.6,18.37142857142857,0
7519-JTWQH,69,1,2,2,110.5,7455.45,108.05,0
2538-OIMXF,1,0,0,1,24.7,24.7,24.7,0
8543-MSDMF,3,1,0,0,77.4,206.15,68.71666666666667,0
9961-JBNMK,21,1,0,2,96.8,2030.3,96.68095238095238,1
1170-SASML,69,1,0,2,85.4,5869.4,85.06376811594203,0
4872-JCVCA,71,0,2,2,47.6,3377.8,47.57464788732395,0
5346-BZCHP,69,1,2,1,19.4,1346.2,19.51014492753623,0
2038-LLMLM,48,1,0,0,103.85,4946.05,103.04270833333334,0
6173-ITPWD,47,1,0,2,83.35,4065.0,86.48936170212765,1
9734-UYXQI,2,1,0,0,49.4,106.55,53.275,1
1216-BGTSP,45,1,0,3,108.45,4964.7,110.32666666666667,0
4138-NAXED,51,1,0,2,81.0,4085.75,80.11274509803921,0
2189-UXTKY,22,1,0,0,79.2,1742.75,79.2159090909091,1
0744-BIKKF,72,1,2,2,86.65,6224.8,86.45555555555556,0
7483-IQWIB,37,1,0,0,92.95,3415.25,92.30405405405405,0
5248-KWLAR,71,1,2,0,90.35,6325.25,89.08802816901408,0
4958-GZWIY,7,1,0,0,48.7,340.25,48.607142857142854,1
7996-MHXLW,66,1,2,3,25.15,1683.6,25.509090909090908,0
7833-PKIHD,51,1,1,2,76.4,3966.3,77.77058823529413,0
7061-OVMIM,30,1,1,2,19.55,608.5,20.283333333333335,0
5153-RTHKF,34,1,0,0,85.35,2896.6,85.19411764705882,0
1852-QSWCD,64,1,2,1,24.8,1514.85,23.66953125,0
4832-VRBMR,65,1,1,2,103.15,6792.45,104.49923076923076,0
9079-LWTFD,47,1,0,1,100.75,4669.2,99.34468085106383,0
6356-ELRKD,1,1,0,0,95.6,95.6,95.6,1
8624-GIOUT,49,1,0,3,59.75,2934.3,59.88367346938776,1
3392-EHMNK,67,1,2,3,94.1,6302.8,94.07164179104478,0
5986-WWXDV,39,1,1,2,19.35,779.2,19.97948717948718,0
3061-BCKYI,14,1,0,1,19.9,283.75,20.267857142857142,0
6179-GJPSO,43,1,0,3,108.15,4600.7,106.99302325581395,1
7901-TBKJX,56,1,0,0,101.05,5594.0,99.89285714285714,0
7228-PAQPD,14,1,1,3,59.1,772.85,55.20357142857143,0
3177-LASXD,1,1,0,0,71.35,71.35,71.35,1
7746-QYVCO,16,1,1,1,55.85,857.8,53.6125,0
5804-HYIEZ,70,1,0,0,106.05,7554.05,107.915,0
9919-FZDED,72,1,2,3,84.1,5981.65,83.07847222222222,0
5934-TSSAU,23,1,0,3,75.3,1702.9,74.0391304347826,0
3486-KHMLI,21,1,0,1,24.7,467.15,22.245238095238093,0
4897-QSUYC,1,1,0,1,20.15,20.15,20.15,1
1084-UQCHV,1,1,0,2,69.75,69.75,69.75,1
8290-YWKHZ,32,1,0,0,93.2,2931.0,91.59375,1
2955-BJZHG,17,1,0,0,80.85,1400.85,82.40294117647058,1
3806-DXQOM,4,0,0,0,33.65,137.85,34.4625,1
6784-XYJAE,36,1,1,0,55.8,1941.5,53.93055555555556,0
3933-DQPWX,50,0,2,3,39.7,1932.75,38.655,0
6661-EIPZC,48,0,0,3,29.5,1423.05,29.646874999999998,0
8957-THMOA,50,1,2,3,20.15,970.85,19.417,0
2251-PYLPB,72,1,2,3,79.55,5810.9,80.70694444444445,0
5555-RNPGT,10,1,0,3,24.8,223.9,22.39,0
1057-FOGLZ,18,1,0,1,19.65,391.7,21.76111111111111,0
9300-RENDD,1,1,0,0,79.95,79.95,79.95,1
0761-AETCS,1,1,0,0,19.3,19.3,19.3,1
8087-LGYHQ,9,1,0,0,94.05,811.65,90.18333333333334,0
4137-BTIKL,2,1,0,1,90.75,174.75,87.375,0
2190-BCXEC,40,1,0,3,78.85,3126.85,78.17125,0
6227-FBDXH,69,1,1,2,99.5,6841.45,99.15144927536231,0
2153-MREFK,37,1,1,0,99.2,3754.6,101.47567567567567,1
2911-WDXMV,18,1,0,3,80.55,1406.65,78.14722222222223,0
7206-PQBBZ,11,1,0,0,70.2,834.7,75.88181818181819,0
3106-ULWFW,8,1,0,3,85.2,627.4,78.425,1
0925-VYDLG,3,1,0,0,75.25,242.0,80.66666666666667,1
4547-FZJWE,55,1,1,3,59.45,3157.0,57.4,0
7422-WNBTY,33,1,0,0,93.35,3092.0,93.6969696969697,0
0842-IWYCP,46,1,0,2,44.95,2168.9,47.15,0
3521-HTQTV,34,1,2,2,26.1,980.35,28.833823529411767,0
3744-ZBHON,3,1,0,0,20.2,65.95,21.983333333333334,0
3373-DIUUN,30,1,2,1,21.25,711.9,23.73,0
8383-SGHJU,33,1,1,0,59.4,1952.8,59.17575757575757,0
7607-QKKTJ,45,1,1,3,95.0,4368.85,97.08555555555556,0
7707-PYBBH,40,1,0,1,61.9,2647.1,66.1775,0
8984-HPEMB,71,1,2,0,118.65,8477.6,119.40281690140846,0
4349-GFQHK,1,1,0,0,54.35,54.35,54.35,1
4139-DETXS,72,0,2,2,64.45,4528.0,62.888888888888886,0
9779-DPNEJ,22,1,0,0,80.15,1790.65,81.39318181818182,0
9805-FILKB,46,1,1,2,20.2,845.6,18.382608695652173,0
5793-YOLJN,55,1,2,1,21.0,1210.3,22.005454545454544,0
0673-IGUQO,1,1,0,1,20.45,20.45,20.45,0
4123-FCVCB,12,1,1,1,75.85,854.45,71.20416666666667,0
8819-IMISP,31,1,0,0,80.45,2429.1,78.35806451612903,0
7802-EFKNY,5,0,0,0,24.95,100.4,20.080000000000002,1
8311-UEUAB,67,1,2,0,75.5,5229.45,78.05149253731344,0
5858-EAFCZ,1,1,0,1,44.45,44.45,44.45,0
8035-BUYVG,40,0,1,0,42.35,1716.45,42.91125,1
1163-ONYEY,41,1,0,3,74.55,3023.55,73.74512195121952,0
9787-XVQIU,1,1,0,0,75.3,75.3,75.3,1
8945-MUQUF,51,1,1,0,94.8,4837.6,94.85490196078432,1
5656-MJEFC,42,0,2,3,48.15,2032.3,48.38809523809524,0
6082-OQFBA,23,1,1,1,19.65,436.9,18.995652173913044,0
8051-HJRLT,1,1,0,0,70.55,70.55,70.55,1
8974-OVACP,1,1,0,1,20.15,20.15,20.15,0
4010-YLMVT,56,1,0,3,106.6,5893.95,105.24910714285714,0
1379-FRVEB,15,1,0,0,91.0,1430.05,95.33666666666666,0
8612-GXIDD,12,1,2,2,25.4,313.0,26.083333333333332,0
6288-CHQJB,54,1,2,2,69.95,3871.85,71.70092592592593,0
8160-HOWOX,7,1,0,0,66.85,458.1,65.44285714285715,0
3023-GFLBR,33,1,0,3,86.15,2745.7,83.2030303030303,1
6648-INWPS,16,1,0,0,20.15,341.35,21.334375,0
4223-BKEOR,21,1,1,1,64.85,1336.8,63.65714285714286,0
4079-VTGLK,30,1,2,0,74.85,2181.75,72.725,0
1763-WQFUK,3,1,0,1,50.5,147.75,49.25,0
1391-UBDAR,11,1,0,0,72.9,818.45,74.40454545454546,0
8894-JVDCV,62,1,1,3,115.05,7133.45,115.05564516129031,0
2023-VQFDL,18,1,0,0,19.0,348.8,19.37777777777778,0
1345-GKDZZ,6,1,0,1,19.55,128.6,21.433333333333334,0
2014-MKGMH,46,1,1,0,101.1,4674.4,101.61739130434782,0
5628-FCGYG,21,1,0,0,84.1,1737.45,82.7357142857143,0
2560-WBWXF,68,1,2,2,24.15,1498.85,22.04191176470588,0
0248-IPDFW,1,1,0,0,50.1,50.1,50.1,0
7978-DKUQH,25,1,0,0,74.6,1797.75,71.91,0
4335-UPJSI,24,1,2,1,19.75,498.1,20.754166666666666,0
0524-IAVZO,30,1,0,0,85.0,2624.25,87.475,1
2737-YNGYW,2,1,0,0,80.55,184.1,92.05,1
1784-EZDKJ,51,1,1,2,106.8,5498.8,107.81960784313726,0
9297-FVVDH,57,1,2,0,84.5,4845.4,85.00701754385965,0
8007-YYPWD,15,1,2,2,25.05,369.1,24.60666666666667,0
7101-HRBLJ,72,1,2,2,83.7,6096.9,84.67916666666666,0
5159-YFPKQ,2,1,0,0,75.8,160.75,80.375,1
6635-CPNUN,28,1,0,3,96.6,2684.35,95.86964285714285,0
4021-RQSNY,29,1,0,0,98.5,3004.15,103.59137931034483,1
5453-YBTWV,70,1,2,3,101.1,6994.8,99.92571428571429,0
5039-LZRQT,13,1,1,1,20.2,273.25,21.01923076923077,0
2931-VUVJN,59,1,1,0,94.05,5483.9,92.94745762711864,0
9061-TIHDA,13,1,0,0,95.25,1233.65,94.89615384615385,1
8699-ASUFO,7,1,0,1,74.4,527.9,75.41428571428571,1
6418-PIQSP,62,1,2,1,81.0,4985.9,80.41774193548386,0
8220-OCUFY,21,1,1,0,60.25,1258.35,59.921428571428564,0
3995-WFCSM,2,1,0,0,60.85,111.4,55.7,0
1895-QTKDO,1,1,0,3,43.95,43.95,43.95,0
2038-OEQZH,4,1,0,0,86.05,308.1,77.025,0
1178-PZGAB,19,1,1,3,20.25,383.65,20.192105263157895,0
7927-AUXBZ,30,1,0,0,85.15,2555.9,85.19666666666667,1
2626-VEEWG,67,1,2,3,19.4,1284.2,19.16716417910448,0
2878-RMWXY,72,1,2,3,102.65,7550.3,104.86527777777778,0
1657-DYMBM,53,1,2,3,19.9,1110.05,20.944339622641508,0
7311-MQJCH,5,1,1,0,19.55,99.6,19.919999999999998,0
7375-WMVMT,71,1,2,3,95.5,6707.15,94.4669014084507,0
1136-XGEQU,50,1,1,3,84.15,4164.4,83.288,0
2530-FMFXO,56,1,2,0,103.2,5873.75,104.88839285714286,0
6844-DZKRF,2,1,0,3,50.2,109.25,54.625,0
4695-WJZUE,2,1,0,0,88.55,179.25,89.625,1
7619-ODSGN,24,1,0,0,54.75,1338.15,55.75625,1
5970-GHJAW,46,1,2,3,19.95,862.4,18.747826086956522,0
8879-XUAHX,71,1,2,0,116.25,8564.75,120.63028169014085,0
3689-MOZGR,29,0,0,0,31.2,926.2,31.93793103448276,0
4195-PNGZS,69,1,2,2,24.45,1718.2,24.90144927536232,0
5003-XZWWO,71,1,2,3,84.2,5956.85,83.8992957746479,0
3988-RQIXO,1,1,0,0,91.3,91.3,91.3,1
7622-FWGEW,56,1,2,2,85.65,4824.45,86.15089285714285,0
6922-NCEDI,56,1,1,1,21.2,1238.65,22.118750000000002,0
2514-GINMM,1,1,0,0,79.5,79.5,79.5,1
9891-NQDBD,28,1,1,1,25.55,672.2,24.00714285714286,0
6131-IUNXN,19,1,0,1,20.2,382.2,20.11578947368421,0
8548-AWOFC,66,1,0,0,63.85,4264.6,64.61515151515152,0
9798-DRYDS,17,1,1,1,61.95,1070.7,62.98235294117647,0
8532-UEFWH,52,1,2,1,25.75,1345.85,25.881730769230767,0
6296-DDOOR,19,1,1,0,58.2,1045.25,55.01315789473684,0
7951-VRDVK,36,1,1,2,85.85,3003.55,83.43194444444445,0
5931-FLJJF,7,1,0,1,70.1,467.55,66.79285714285714,1
4815-YOSUK,72,1,1,3,104.9,7537.5,104.6875,0
2659-VXMWZ,67,1,1,0,111.3,7482.1,111.67313432835822,1
0380-NEAVX,34,1,1,0,99.85,3343.15,98.32794117647059,0
3207-OYBWH,57,1,0,2,95.25,5427.05,95.21140350877194,1
4285-GYRQC,7,1,0,0,86.25,587.1,83.87142857142858,1
7216-EWTRS,1,1,0,0,100.8,100.8,100.8,1
4365-MSDYN,8,1,0,2,19.55,161.15,20.14375,0
7036-TYDEC,69,1,2,0,104.0,7028.5,101.8623188405797,0
5802-ADBRC,50,1,1,1,104.4,5232.9,104.65799999999999,0
8076-FEZKJ,10,1,1,1,19.5,225.85,22.585,0
5197-YPYBZ,12,1,2,3,25.25,274.7,22.891666666666666,0
8337-MSSXB,14,1,0,0,86.3,1180.95,84.35357142857143,1
4312-GVYNH,70,0,2,2,49.85,3370.2,48.145714285714284,0
8495-LJDFO,64,1,0,2,108.95,7111.3,111.1140625,0
0839-JTCUD,66,1,2,3,89.9,5958.85,90.28560606060607,0
5494-WOZRZ,71,1,2,3,82.0,5999.85,84.5049295774648,0
1302-UHBDD,20,1,0,0,89.95,1648.45,82.4225,0
2234-EOFPT,72,1,2,2,79.35,5753.25,79.90625,0
8619-IJNDK,71,1,2,3,64.05,4492.9,63.28028169014084,0
8378-LKJAF,38,1,0,3,101.15,3956.7,104.1236842105263,0
8182-BJDSI,28,1,0,0,89.95,2625.55,93.76964285714287,1
2528-HFYZX,17,1,0,0,76.45,1233.4,72.5529411764706,1
1153-GNOLC,33,0,1,0,39.1,1309.0,39.666666666666664,0
3298-QEICA,23,0,2,1,34.6,813.45,35.36739130434783,0
0788-DXBFY,58,1,1,0,19.55,1108.8,19.117241379310343,0
3597-YASZG,70,1,2,2,104.45,7349.35,104.99071428571429,0
3496-LFSZU,4,1,0,0,70.5,294.2,73.55,0
5242-UOWHD,45,1,2,1,20.35,929.2,20.64888888888889,0
2482-CZGBB,10,1,0,0,70.0,740.0,74.0,1
6479-SZPLM,36,1,2,3,19.45,754.5,20.958333333333332,0
8097-VBQTZ,54,1,0,1,69.9,3883.3,71.91296296296296,0
4500-HKANN,23,1,2,1,59.7,1414.2,61.48695652173913,0
9917-KWRBE,41,1,1,3,78.35,3211.2,78.32195121951219,0
3420-ZDBMA,5,1,0,1,71.45,371.6,74.32000000000001,0
2212-LYASK,27,0,1,3,45.85,1246.4,46.162962962962965,0
1393-IMKZG,1,1,0,0,95.85,95.85,95.85,0
8069-RHUXK,67,0,2,3,35.7,2545.7,37.9955223880597,0
3398-GCPMU,72,1,2,3,89.55,6448.85,89.56736111111111,0
2908-WGAXL,56,1,2,3,24.95,1468.9,26.230357142857144,0
3378-AJRAO,44,1,1,0,24.85,1013.6,23.036363636363635,0
1013-QCWAM,66,1,0,0,100.8,6690.75,101.375,0
0866-QLSIR,34,1,1,1,64.4,2088.75,61.43382352941177,1
6050-FFXES,69,1,2,2,105.35,7240.65,104.93695652173912,0
7181-BQYBV,1,1,0,0,102.45,102.45,102.45,1
0362-RAOQO,40,1,2,3,19.65,830.25,20.75625,0
9554-DFKIC,30,1,0,2,54.45,1588.7,52.95666666666667,0
5527-ACHSO,11,1,0,1,70.5,829.3,75.39090909090909,0
0829-DDVLK,15,1,1,3,20.1,302.45,20.163333333333334,0
1399-UBQIU,11,1,0,0,69.35,712.25,64.75,0
1813-JLKWR,64,1,1,2,19.8,1336.65,20.88515625,0
0336-PIKEI,72,1,2,2,74.4,5360.75,74.45486111111111,0
7322-OCWHC,72,1,2,2,93.05,6735.05,93.54236111111112,0
9537-VHDTA,1,1,0,1,51.2,51.2,51.2,0
4957-TIALW,15,1,1,3,65.6,1010.0,67.33333333333333,0
2054-PJOCK,60,1,1,3,80.55,4847.05,80.78416666666666,0
9150-HEPMB,56,1,1,1,52.7,3019.7,53.92321428571428,0
9030-QGZNL,8,1,2,1,20.85,161.65,20.20625,0
6204-IEUXJ,3,1,0,3,80.1,217.55,72.51666666666667,1
3126-WQMGH,49,1,0,3,52.15,2583.75,52.72959183673469,0
4529-CKBCL,2,1,0,0,80.2,146.05,73.025,1
2506-CLAKW,6,1,0,2,98.15,567.45,94.575,1
7176-WRTNX,70,1,2,2,114.95,7711.25,110.16071428571429,0
1583-IHQZE,12,1,0,1,112.95,1384.75,115.39583333333333,1
5732-IKGQH,52,1,1,2,104.45,5481.25,105.40865384615384,0
9239-GZHZE,72,1,2,3,113.65,8124.2,112.83611111111111,0
7205-BAIAD,40,1,2,2,20.6,827.3,20.682499999999997,0
0151-ONTOV,1,1,0,1,70.9,70.9,70.9,1
4140-MUHUG,3,1,0,0,86.85,220.95,73.64999999999999,1
0093-EXYQL,40,1,0,0,91.55,3673.6,91.84,0
8064-RAVOH,1,1,0,0,49.85,49.85,49.85,0
0219-QAERP,30,1,1,3,19.8,576.65,19.221666666666668,0
0320-JDNQG,23,1,0,0,99.85,2331.3,101.3608695652174,1
7180-PISOG,1,1,0,0,74.5,74.5,74.5,1
9168-INPSZ,44,1,0,0,104.15,4495.65,102.17386363636363,0
3571-RFHAR,65,1,0,0,109.15,6941.2,106.78769230769231,1
0015-UOCOJ,7,1,0,0,48.2,340.35,48.621428571428574,0
5334-AFQJB,72,1,2,3,25.1,1789.9,24.859722222222224,0
2754-SDJRD,8,1,0,3,100.15,908.55,113.56875,0
9578-VRMNM,16,1,0,3,65.2,1043.35,65.209375,1
1587-FKLZB,66,1,0,3,99.5,6822.15,103.36590909090908,1
6140-QNRQQ,1,1,0,1,71.55,71.55,71.55,1
8963-JLGJT,3,1,0,1,55.9,157.55,52.51666666666667,0
4307-KTUMW,53,1,0,0,93.9,5029.2,94.89056603773585,1
1465-LNTLJ,8,1,0,3,64.4,581.7,72.7125,0
5440-FLBQG,69,1,2,2,108.4,7318.2,106.06086956521739,1
2135-DQWAQ,5,1,0,1,85.3,420.45,84.09,0
4056-QHXHZ,72,1,2,1,107.45,7576.7,105.23194444444444,0
7470-MCQTK,13,0,0,2,48.75,633.4,48.723076923076924,1
7488-MXJIV,4,1,0,0,85.65,321.65,80.4125,1
7401-JIXNM,54,1,2,3,91.3,4965.0,91.94444444444444,0
9339-FIIJL,72,1,2,2,85.95,6151.9,85.44305555555555,0
2027-FECZV,12,1,0,0,106.7,1253.9,104.49166666666667,1
2672-DZUOY,1,0,0,0,25.15,25.15,25.15,1
4706-DGAHW,1,1,0,0,45.2,45.2,45.2,0
3870-MQAMG,54,1,1,0,110.35,5893.15,109.1324074074074,1
6670-MFRPK,69,1,2,3,79.2,5420.65,78.56014492753623,0
6177-PEVRA,48,1,2,3,55.5,2627.35,54.73645833333333,0
4800-CZMPC,48,1,1,3,103.25,5037.55,104.94895833333334,1
4813-HQMGZ,8,1,0,0,90.25,743.75,92.96875,0
7579-KKLOE,71,1,2,1,91.25,6589.6,92.8112676056338,0
7377-DMMRI,2,1,0,0,47.8,92.45,46.225,1
8402-EIVQS,67,1,1,3,100.9,6733.15,100.49477611940299,0
4947-DSMXK,34,1,0,2,97.7,3410.0,100.29411764705883,0
7245-NIIWQ,3,1,0,0,69.85,199.85,66.61666666666666,0
0002-ORFBO,9,1,1,1,65.6,593.3,65.92222222222222,0
3324-OIRTO,71,1,1,2,104.65,7288.4,102.65352112676055,0
5414-OFQCB,57,1,2,3,90.45,5229.8,91.75087719298246,0
4967-WPNCF,72,0,2,2,63.7,4464.8,62.01111111111111,0
8552-OBVRU,48,1,0,0,104.5,5068.05,105.58437500000001,0
8499-BRXTD,18,1,1,1,20.1,401.85,22.325000000000003,0
9154-QDGTH,43,1,1,3,104.3,4451.85,103.53139534883722,0
8197-BFWVU,72,1,2,2,93.25,6688.95,92.90208333333334,0
2577-GVSIL,35,1,1,2,73.45,2661.1,76.03142857142856,0
9367-OIUXP,4,1,0,1,20.7,73.05,18.2625,0
6770-UAYGJ,49,1,2,1,25.25,1211.65,24.727551020408164,0
6463-HHXJR,71,1,2,2,100.5,7030.65,99.02323943661972,0
7928-VJYAB,11,1,0,0,90.6,1020.2,92.74545454545455,0
1187-WILMM,63,1,2,3,89.4,5597.65,88.8515873015873,0
9776-OJUZI,65,1,0,2,95.45,6223.3,95.74307692307693,0
1306-RPWXZ,49,1,2,3,20.45,1024.65,20.91122448979592,0
8949-JTMAY,29,1,0,3,98.6,2933.2,101.14482758620689,1
2774-LVQUS,15,1,0,0,83.05,1258.3,83.88666666666667,1
3097-PYWXL,4,1,0,0,19.95,82.9,20.725,0
2266-SJNAT,72,1,1,3,109.15,7789.6,108.1888888888889,0
0869-PAPRP,26,1,0,3,85.7,2067.0,79.5,0
4238-JSSWH,35,1,0,2,102.05,3452.55,98.64428571428572,0
2972-YDYUW,57,1,1,0,94.7,5468.95,95.94649122807017,0
1104-FEJAM,28,1,0,0,64.4,1802.15,64.3625,0
2809-ILCYT,25,1,1,1,26.8,733.55,29.342,0
5499-ECUTN,47,1,1,3,66.05,3021.45,64.28617021276595,0
4981-FLTMF,57,1,0,2,65.2,3687.85,64.69912280701755,0
9121-PHQSR,16,1,0,3,85.05,1391.15,86.946875,0
3113-IWHLC,5,1,0,1,55.8,274.35,54.870000000000005,0
3211-ILJTT,17,1,0,2,70.4,1214.05,71.41470588235293,1
4612-THJBS,56,1,1,2,104.75,5510.65,98.40446428571428,1
4277-BWBML,72,1,2,2,19.95,1322.85,18.372916666666665,0
4094-NSEDU,21,1,0,0,94.25,1973.75,93.98809523809524,1
0234-TEVTT,48,0,1,3,45.0,2196.3,45.75625,0
4304-TSPVK,68,1,2,2,114.9,7843.55,115.34632352941176,0
1552-AAGRX,30,1,0,2,106.4,3211.9,107.06333333333333,0
2637-FKFSY,3,1,0,1,46.1,130.15,43.38333333333333,0
9796-MVYXX,14,0,2,1,39.7,692.35,49.45357142857143,0
7874-ECPQJ,4,1,0,2,20.05,85.5,21.375,0
0020-INWCK,71,1,2,3,95.75,6849.4,96.47042253521126,0
7089-RKVSZ,8,1,1,1,24.4,203.95,25.49375,0
2683-JXWQQ,61,0,0,2,33.6,2117.2,34.708196721311474,0
9548-ZMVTX,72,1,2,2,90.45,6565.85,91.19236111111111,0
8739-XNIKG,5,1,0,0,84.0,424.75,84.95,0
9755-JHNMN,49,1,2,2,67.4,3306.85,67.48673469387755,0
3981-QSVQI,8,1,0,2,19.7,168.9,21.1125,0
2789-HQBOU,3,1,0,0,80.35,253.8,84.60000000000001,0
9424-CMPOG,9,1,2,1,19.6,197.4,21.933333333333334,0
5067-WJEUN,67,1,2,2,54.2,3838.2,57.286567164179104,0
3450-WXOAT,46,1,0,3,45.2,2065.15,44.8945652173913,0
9251-WNSOD,67,1,1,1,75.1,5064.45,75.58880597014925,0
6974-DAFLI,55,1,1,0,19.7,1140.05,20.728181818181817,0
2616-UUTFK,33,1,0,2,72.75,2447.45,74.1651515151515,0
7064-JHXCE,62,1,2,3,20.05,1263.9,20.385483870967743,0
5103-MHMHY,1,1,0,1,45.95,45.95,45.95,1
7989-AWGEH,49,0,0,0,39.2,1838.15,37.51326530612245,0
4373-VVHQL,1,1,0,0,44.75,44.75,44.75,0
4559-UWIHT,14,1,0,0,82.65,1185.0,84.64285714285714,0
7268-IGMFD,18,1,0,2,93.9,1743.9,96.88333333333334,0
1846-XWOQN,1,1,0,0,70.15,70.15,70.15,1
0235-KGSLC,1,1,0,3,85.55,85.55,85.55,1
6650-BWFRT,72,1,2,3,117.15,8529.5,118.46527777777777,0
9570-KYEUA,64,1,2,3,99.25,6549.45,102.33515625,0
6993-YGFJV,69,1,2,2,112.55,7806.5,113.1376811594203,0
2712-SYWAY,1,1,0,0,25.7,25.7,25.7,0
0730-BGQGF,71,1,2,3,90.3,6287.3,88.55352112676057,0
5498-IBWPI,66,1,1,3,49.4,3251.85,49.27045454545454,0
9101-NTIXF,2,1,0,1,19.4,50.6,25.3,0
0013-SMEOE,71,1,2,2,109.7,7904.25,111.3274647887324,0
9314-QDMDW,11,1,1,0,61.25,729.95,66.35909090909091,0
9308-ANMVE,47,1,0,0,55.3,2654.05,56.469148936170214,0
2884-GBPFB,35,1,0,0,70.3,2416.55,69.04428571428572,1
3757-NJYBX,32,1,0,2,106.35,3520.75,110.0234375,1
3413-DHLPB,60,1,0,2,103.75,5969.95,99.49916666666667,0
7649-PHJVR,11,1,1,1,19.5,226.8,20.61818181818182,0
6114-TCFID,29,0,1,3,39.5,1082.75,37.33620689655172,0
3787-TRIAL,21,0,0,0,26.05,565.75,26.94047619047619,0
2573-GYRUU,48,1,0,3,91.05,4370.75,91.05729166666667,0
5156-UMKOW,3,0,0,1,29.65,90.05,30.016666666666666,0
1247-QBVSH,43,1,0,1,50.2,2169.4,50.45116279069768,0
6734-GMPVK,5,1,0,0,105.3,550.6,110.12,0
9822-OAOVB,1,1,0,0,55.45,55.45,55.45,0
6161-ERDGD,71,1,1,0,85.45,6300.85,88.7443661971831,0
1226-JZNKR,8,1,1,0,19.8,160.05,20.00625,0
7318-EIVKO,8,1,0,0,59.25,436.6,54.575,0
3771-PZOBW,20,1,0,3,90.7,1781.35,89.0675,0
5136-KCKGI,33,1,1,1,103.7,3467.0,105.06060606060606,1
8231-BSWXX,71,1,1,3,79.05,5552.5,78.20422535211267,0
6486-LHTMA,31,1,1,0,90.7,2835.5,91.46774193548387,0
4083-BFNYK,38,1,1,3,95.0,3591.25,94.50657894736842,0
3722-WPXTK,1,1,0,0,88.35,88.35,88.35,1
7389-KBFIT,2,0,0,1,30.25,63.75,31.875,0
7176-WIONM,12,0,0,2,49.85,617.15,51.42916666666667,0
5141-ZUVBH,9,1,0,2,93.0,870.25,96.69444444444444,0
1089-HDMKP,11,1,0,0,54.55,601.25,54.65909090909091,0
7623-HKYRK,6,1,0,1,19.7,111.65,18.608333333333334,0
0310-SUCIN,71,1,1,2,84.8,6046.1,85.15633802816902,0
5197-PYEPU,42,1,1,3,94.45,3923.8,93.42380952380952,0
2929-ERCFZ,8,1,0,0,94.2,777.3,97.1625,1
7548-SEPYI,5,1,0,0,96.25,512.45,102.49000000000001,1
8835-VSDSE,2,1,0,0,70.7,141.45,70.725,1
6619-RPLQZ,45,1,2,1,20.85,892.15,19.825555555555557,0
3275-RHRNE,28,0,1,3,60.0,1682.05,60.073214285714286,0
3503-TYDAY,43,1,0,0,80.45,3398.9,79.04418604651163,0
6901-GOGZG,60,1,2,0,84.95,4984.85,83.08083333333335,0
1623-NLDOT,42,0,1,1,33.55,1445.3,34.41190476190476,1
7021-XSNYE,7,0,2,3,49.65,305.55,43.65,0
9621-OUPYD,25,1,1,2,20.2,507.9,20.316,0
9898-KZQDZ,40,1,0,3,94.55,3640.45,91.01124999999999,1
8982-NHAVY,27,1,1,2,100.5,2673.45,99.01666666666667,0
4307-KWMXE,10,0,0,0,35.75,389.8,38.980000000000004,0
0141-YEAYS,27,1,0,2,86.45,2401.05,88.92777777777779,0
2450-ZKEED,11,1,1,2,53.8,651.55,59.23181818181818,0
3694-DELSO,4,0,0,3,38.55,156.1,39.025,0
3893-JRNFS,68,0,0,2,39.9,2796.35,41.12279411764706,0
9603-OAIHC,1,1,0,0,70.05,70.05,70.05,0
1133-KXCGE,18,1,1,1,20.1,407.05,22.61388888888889,0
5236-PERKL,57,1,2,2,112.95,6465.0,113.42105263157895,1
0142-GVYSN,26,1,0,0,20.3,511.25,19.66346153846154,0
1049-FYSYG,17,0,0,3,35.65,646.05,38.002941176470586,0
7854-FOKSF,1,0,0,0,35.9,35.9,35.9,1
2519-FAKOD,38,1,0,2,99.25,3777.15,99.39868421052631,1
8406-LNMHF,59,1,1,3,82.95,4903.15,83.1042372881356,0
1821-BUCWY,30,1,2,1,55.65,1653.85,55.12833333333333,0
8263-JQAIK,2,0,0,1,24.45,47.5,23.75,1
0023-UYUPN,50,1,1,0,25.2,1306.3,26.125999999999998,0
8314-DPQHL,9,0,1,1,50.8,463.6,51.51111111111111,0
1465-WCZVT,3,1,0,1,19.65,60.65,20.216666666666665,0
9481-SFCQY,14,1,0,3,59.8,824.85,58.917857142857144,0
6360-SVNWV,31,1,0,3,73.55,2094.65,67.56935483870969,0
0567-GGCAC,7,1,0,0,61.4,438.9,62.699999999999996,0
7089-IVVAZ,8,1,0,2,103.35,847.3,105.9125,1
8884-MRNSU,17,1,1,2,19.9,329.75,19.397058823529413,0
2171-UDMFD,32,1,0,3,19.45,674.55,21.0796875,0
9050-IKDZA,2,1,0,1,81.5,162.55,81.275,0
2205-YMZZJ,7,1,0,0,84.8,546.95,78.13571428571429,1
9802-CAQUT,72,1,2,3,109.55,7887.25,109.54513888888889,0
1254-IZEYF,31,1,0,0,99.95,3186.65,102.79516129032258,1
0187-WZNAB,27,1,0,1,74.4,1972.35,73.05,0
9492-TOKRI,18,1,0,3,90.0,1527.35,84.85277777777777,1
1475-VWVDO,7,1,0,0,74.9,490.55,70.07857142857144,0
9221-OTIVJ,14,1,0,0,104.85,1531.4,109.38571428571429,1
1357-MVDOZ,11,1,0,2,59.65,683.25,62.11363636363637,0
7602-MVRMB,72,1,2,2,110.45,8058.85,111.92847222222223,0
3325-FUYCG,28,1,1,0,106.1,2847.4,101.69285714285715,1
5908-QMGOE,15,1,0,3,74.2,1133.9,75.59333333333333,1
1197-BVMVG,4,1,0,0,74.45,294.45,73.6125,0
5406-KGRMX,71,1,2,0,24.55,1719.15,24.213380281690142,0
8481-YYXWG,5,1,0,0,89.35,461.7,92.34,1
5968-HYJRZ,47,1,2,1,24.55,1160.45,24.690425531914894,0
5198-EFNBM,57,1,1,0,90.65,5199.8,91.22456140350877,0
7516-GMHUV,50,1,2,3,105.05,5163.3,103.266,0
7140-ADSMJ,8,1,0,3,20.45,162.3,20.2875,0
2230-XTUWL,48,1,2,1,19.55,883.35,18.403125,0
7706-YLMQA,70,1,1,2,19.7,1341.5,19.164285714285715,0
2585-KTFRE,1,1,0,2,70.45,70.45,70.45,0
7994-UYIVZ,8,1,0,2,85.65,659.45,82.43125,0
2609-IAICY,1,1,0,0,77.15,77.15,77.15,1
1740-CSDJP,1,0,0,2,35.25,35.25,35.25,1
7717-BICXI,60,1,2,1,20.55,1205.05,20.084166666666665,0
6559-RAKOZ,49,1,1,0,97.95,4917.9,100.36530612244897,0
2636-OHFMN,4,0,0,0,48.55,201.0,50.25,1
4716-MRVEN,29,1,1,1,20.0,599.3,20.66551724137931,0
2143-LJULT,67,1,2,3,25.25,1733.15,25.867910447761194,0
1323-OOEPC,53,1,0,3,98.4,5149.5,97.16037735849056,1
3200-MNQTF,67,1,2,3,70.9,4677.1,69.80746268656716,0
6164-HXUGH,6,1,0,1,19.85,119.3,19.883333333333333,0
5630-IXDXV,47,1,0,0,106.35,4849.1,103.17234042553193,0
0320-DWVTU,53,1,2,1,99.5,5424.25,102.34433962264151,0
9135-MGVPY,69,1,2,1,84.7,5878.9,85.20144927536231,0
1212-GLHMD,3,1,0,1,86.05,244.85,81.61666666666666,0
7878-JGDKK,4,1,0,1,44.55,220.75,55.1875,0
1088-AUUZZ,56,1,2,3,75.85,4261.2,76.09285714285714,0
0397-GZBBC,59,1,0,2,93.85,5574.75,94.48728813559322,1
6614-YWYSC,61,1,2,2,25.0,1501.75,24.618852459016395,0
9588-OZDMQ,2,1,0,0,45.0,89.75,44.875,0
7641-EUYET,46,1,0,0,100.7,4541.2,98.72173913043478,1
6476-EPYZR,12,1,0,1,20.5,255.5,21.291666666666668,0
9921-ZVRHG,14,1,0,0,80.45,1072.0,76.57142857142857,1
1174-FGIFN,28,1,1,0,90.45,2509.25,89.61607142857143,0
6620-HVDUJ,24,1,0,2,60.45,1440.75,60.03125,0
4701-MLJPN,31,1,0,0,55.25,1715.65,55.343548387096774,1
1032-MAELW,68,1,1,0,78.45,5333.35,78.43161764705883,0
7641-TQFHN,39,1,2,1,100.55,3895.35,99.88076923076923,0
1552-TKMXS,42,1,0,3,20.35,869.9,20.711904761904762,0
9206-GVPEQ,13,0,0,0,54.45,706.85,54.37307692307692,1
8622-ZLFKO,6,1,0,0,90.75,512.25,85.375,0
1596-BBVTG,35,1,0,3,75.35,2636.05,75.3157142857143,1
6188-UXBBR,38,1,1,3,20.25,814.75,21.44078947368421,0
2333-KWEWW,18,1,2,3,20.05,388.6,21.58888888888889,0
5702-SKUOB,4,1,0,1,19.6,93.45,23.3625,0
1134-YWTYF,27,1,0,0,53.8,1389.85,51.47592592592592,0
6061-GWWAV,41,1,1,1,70.2,2894.55,70.59878048780489,0
0679-TDGAK,50,1,1,0,75.5,4025.6,80.512,0
6585-WCEWR,72,1,2,0,20.35,1354.4,18.811111111111114,0
9067-YGSCA,70,1,1,3,26.05,1856.4,26.52,0
9067-SQTNS,44,1,1,2,20.6,926.0,21.045454545454547,0
8433-WXGNA,2,1,0,0,75.7,189.2,94.6,1
1776-SPBWV,34,1,1,2,20.1,682.1,20.061764705882354,0
8735-SDUFN,72,1,2,2,24.3,1778.7,24.704166666666666,0
9668-PUGNU,71,1,2,0,24.5,1816.2,25.580281690140847,0
9405-GPBBG,64,1,2,3,110.5,7069.25,110.45703125,0
1926-QUZNN,72,1,2,2,25.25,1841.2,25.572222222222223,0
3707-GNWHM,1,1,0,1,74.25,74.25,74.25,1
7016-NVRIC,29,1,1,2,90.1,2656.7,91.6103448275862,0
5829-NVSQN,23,1,1,2,68.75,1689.45,73.45434782608696,0
9565-AXSMR,52,1,2,1,19.2,1054.75,20.283653846153847,0
8922-LIEGH,25,1,0,0,89.7,2187.55,87.50200000000001,1
8869-LIHMK,64,1,2,2,115.1,7334.05,114.59453125,0
8245-UMPYT,16,1,0,0,96.4,1581.2,98.825,1
5186-SAMNZ,1,1,0,2,69.5,69.5,69.5,1
0447-RXSGD,24,1,0,2,99.65,2404.85,100.20208333333333,0
4927-WWOOZ,2,1,0,0,91.45,171.45,85.725,0
5788-YPOEG,34,1,2,1,84.75,2839.45,83.51323529411764,0
5373-SFODM,36,1,0,3,85.25,3132.75,87.02083333333333,1
0661-KBKPA,53,1,1,1,78.75,3942.45,74.38584905660377,0
9081-WWXKP,47,1,2,3,20.25,873.4,18.582978723404256,0
0784-ZQJZX,72,1,2,3,19.9,1529.65,21.24513888888889,0
3133-PZNSR,72,1,2,3,97.75,6991.6,97.10555555555555,0
5766-ZJYBB,1,1,0,1,19.4,19.4,19.4,1
8931-GJJIQ,9,1,0,0,83.3,803.3,89.25555555555555,1
4277-PVRAN,8,1,0,2,80.1,679.3,84.9125,1
0022-TCJCI,45,1,1,3,62.7,2791.5,62.03333333333333,1
0722-SVSFK,7,1,0,0,100.4,715.0,102.14285714285714,0
3612-YVGSJ,71,1,2,3,24.45,1681.6,23.68450704225352,0
9825-YCXWZ,41,1,1,2,101.1,4016.2,97.9560975609756,0
5397-NSKQG,67,0,2,3,50.9,3281.65,48.97985074626866,0
8565-HBFNN,69,1,1,3,107.2,7317.1,106.0449275362319,0
2000-DHJUY,70,1,2,2,92.2,6474.45,92.49214285714285,0
0203-HHYIJ,25,1,1,2,25.3,676.35,27.054000000000002,1
8670-ERCJH,72,1,2,2,113.4,8164.1,113.39027777777778,0
7758-UJWYS,34,0,2,0,40.55,1325.85,38.995588235294115,0
2050-ONYDQ,65,1,2,3,26.0,1654.85,25.459230769230768,0
7055-JCGNI,70,1,2,3,111.95,7795.95,111.37071428571429,0
0739-UUAJR,72,0,2,3,53.8,3952.45,54.89513888888889,0
4826-DXMUP,35,1,1,1,72.1,2495.15,71.29,0
0952-KMEEH,13,1,0,1,98.15,1230.25,94.63461538461539,1
7285-KLOTR,12,1,1,0,78.85,876.75,73.0625,0
0654-PQKDW,62,1,1,2,70.75,4263.45,68.76532258064516,0
7175-NTIXE,25,1,0,3,76.15,1992.95,79.718,0
7963-SHNDT,52,0,2,1,39.1,1982.1,38.11730769230769,0
9796-BPKIW,8,1,0,3,69.95,562.7,70.3375,0
0188-GWFLE,2,1,0,1,20.05,33.7,16.85,0
8129-GMVGI,56,1,2,1,20.05,1090.1,19.46607142857143,0
2882-DDZPG,12,1,0,2,19.45,227.45,18.954166666666666,0
3547-LQRIK,47,1,1,0,26.9,1250.85,26.613829787234042,0
9137-NOQKA,2,1,0,0,19.2,37.2,18.6,0
5843-TTHGI,18,1,0,1,50.0,892.7,49.59444444444445,0
1849-RJYIG,8,1,0,0,60.0,487.75,60.96875,0
8868-GAGIO,45,1,0,1,84.55,3713.95,82.53222222222222,0
4061-UKJWL,3,1,0,1,45.45,141.7,47.23333333333333,0
5380-XPJNZ,38,1,1,1,20.05,678.2,17.847368421052632,0
8263-QMNTJ,72,1,2,0,115.55,8425.3,117.01805555555555,0
8178-EYZUO,46,1,0,0,93.7,4154.8,90.32173913043479,1
3230-JCNZS,71,1,2,3,99.0,7061.65,99.45985915492957,0
0277-ORXQS,66,0,2,2,50.55,3364.55,50.97803030303031,0
5130-IEKQT,25,1,0,1,105.95,2655.25,106.21,1
3230-WYKIR,18,1,1,3,82.0,1425.45,79.19166666666666,1
7996-BPXHY,13,1,2,2,25.0,332.5,25.576923076923077,0
3227-WLKLI,65,1,2,2,91.55,5963.95,91.75307692307692,0
0407-BDJKB,60,1,0,0,95.75,5742.9,95.71499999999999,1
2266-FUBDZ,15,1,2,1,19.35,278.85,18.59,0
8237-ULIXL,72,1,2,3,24.85,1871.85,25.997916666666665,0
9600-UDOPK,30,1,0,3,94.05,2866.45,95.54833333333333,1
8216-AZUUZ,42,1,2,0,100.4,4303.65,102.46785714285713,0
9153-BTBVV,71,1,2,2,25.0,1753.0,24.690140845070424,0
4074-SJFFA,1,1,0,1,54.75,54.75,54.75,1
3269-ATYWD,39,1,0,2,95.65,3759.05,96.38589743589743,1
5186-PEIZU,35,1,0,2,19.25,617.65,17.647142857142857,0
1074-AMIOH,53,1,0,2,108.25,5935.1,111.98301886792453,0
4910-GMJOT,1,1,0,0,94.6,94.6,94.6,1
0354-WYROK,31,1,0,0,98.9,2911.3,93.91290322580646,1
4361-FEBGN,48,1,2,3,20.15,982.95,20.478125000000002,0
7748-UMTRK,30,1,0,0,101.3,2974.5,99.15,0
0380-ZCSBI,10,1,0,3,20.0,198.7,19.869999999999997,0
7145-FEJWU,12,1,0,0,105.3,1275.65,106.30416666666667,0
6463-MVYRY,57,1,2,2,69.85,4003.0,70.2280701754386,0
3969-JQABI,58,1,0,3,65.25,3791.6,65.37241379310345,0
9624-EGDEQ,37,1,2,1,19.8,813.3,21.98108108108108,0
1051-EQPZR,44,1,0,1,19.6,780.25,17.732954545454547,0
5849-ASHZJ,27,1,1,3,20.05,552.9,20.477777777777778,0
5780-INQIK,8,1,0,0,49.4,408.25,51.03125,0
7576-OYWBN,3,1,0,0,76.05,231.8,77.26666666666667,1
4526-ZJJTM,25,1,0,2,88.4,2191.15,87.646,0
8384-FZBJK,57,1,0,0,100.6,5611.7,98.45087719298245,0
3750-RNQKR,12,1,0,1,19.45,246.25,20.520833333333332,0
0962-CQPWQ,62,1,2,2,20.3,1296.15,20.905645161290323,0
3096-YXENJ,65,1,2,2,107.65,7082.85,108.96692307692308,0
1265-BCFEO,71,1,2,2,80.45,5662.25,79.75,0
5837-LXSDN,21,1,1,3,58.85,1215.45,57.87857142857143,0
5945-AZYHT,71,1,1,0,109.6,7854.15,110.6218309859155,0
8325-QRPZR,7,1,0,0,75.15,525.0,75.0,0
6384-VMJHP,72,1,2,3,73.0,5265.2,73.12777777777778,0
2262-SLNVK,1,1,0,0,70.1,70.1,70.1,0
7730-CLDSV,72,1,2,2,98.65,7129.45,99.02013888888888,0
1135-HIORI,64,1,1,0,111.45,7266.95,113.54609375,0
0164-APGRB,72,1,2,0,114.9,8496.7,118.00972222222224,0
6481-ESCNL,29,1,0,2,100.55,2878.75,99.26724137931035,0
1790-NESIO,13,1,2,1,20.4,261.3,20.1,0
1550-EENBN,31,1,0,0,104.35,3205.6,103.40645161290323,0
5539-TMZLF,1,1,0,0,69.75,69.75,69.75,1
4323-SADQS,7,0,0,0,34.5,279.25,39.892857142857146,1
4446-BZKHU,61,1,0,0,105.55,6281.45,102.97459016393442,1
5202-IVJNU,39,0,0,3,30.1,1131.3,29.007692307692306,1
5976-JCJRH,10,1,0,0,70.3,738.2,73.82000000000001,1
8198-RKSZG,14,1,0,3,80.45,1137.05,81.21785714285714,0
0137-OCGAB,1,1,0,1,80.2,80.2,80.2,1
3351-NQLDI,67,1,1,3,94.35,6341.45,94.64850746268657,1
9297-EONCV,72,1,2,2,91.35,6697.2,93.01666666666667,0
7593-JNWRU,6,1,0,2,44.6,260.8,43.46666666666667,1
4588-YBNIB,1,1,0,1,19.6,19.6,19.6,1
1069-QJOEE,25,1,1,0,19.9,505.45,20.218,0
3336-JORSO,33,1,0,0,110.45,3655.45,110.77121212121212,1
7799-DSEWS,18,1,0,0,68.35,1299.8,72.21111111111111,0
8766-PAFNE,71,1,2,3,79.1,5564.85,78.3781690140845,0
5315-CKEQK,28,1,1,0,51.0,1381.8,49.35,0
3130-ICDUP,2,1,0,3,80.55,188.1,94.05,0
0820-FNRNX,17,1,0,1,66.7,1077.05,63.35588235294117,0
0880-FVFWF,56,1,0,0,86.4,4922.4,87.89999999999999,0
4611-ANLQC,60,0,1,0,50.05,2911.5,48.525,0
4213-HKBJO,33,1,2,3,25.7,826.1,25.033333333333335,0
2792-LSHWX,1,1,0,1,83.4,83.4,83.4,0
5028-GZLDO,2,1,0,3,70.7,140.7,70.35,1
0014-BMAQU,63,1,2,3,84.65,5377.8,85.36190476190477,0
6861-XWTWQ,7,1,0,0,99.25,665.45,95.06428571428572,1
9018-PCIOK,55,1,2,1,64.75,3617.1,65.76545454545455,0
4837-QUSFT,65,1,1,2,100.15,6643.5,102.20769230769231,0
6877-TJMBR,1,1,0,0,84.8,84.8,84.8,1
9953-ZMKSM,63,1,2,1,25.25,1559.3,24.75079365079365,0
0907-HQNTS,70,1,2,3,113.0,7987.6,114.10857142857144,0
7665-NKLAV,36,0,2,3,40.65,1547.35,42.981944444444444,0
6769-DCQLI,52,1,1,2,105.0,5426.85,104.36250000000001,1
2433-KMEAS,22,1,0,0,54.45,1127.35,51.24318181818182,1
4391-LNRXK,22,1,0,2,94.95,2142.8,97.4,0
8250-ZNGGW,5,1,0,3,59.9,287.85,57.57000000000001,0
2195-ZRVAX,47,1,0,0,85.3,4045.65,86.07765957446809,1
3550-SAHFP,33,1,0,0,83.35,2757.85,83.57121212121211,1
2011-TRQYE,18,0,0,3,33.5,600.0,33.333333333333336,1
8562-GHPPI,1,1,0,3,19.8,19.8,19.8,0
5893-PYOLZ,56,1,2,3,81.8,4534.45,80.97232142857142,0
4986-MXSFP,2,1,0,1,20.0,40.9,20.45,0
6131-FOYAS,35,1,0,0,59.6,2094.9,59.854285714285716,0
3027-YNWZU,64,1,2,3,25.0,1584.8,24.7625,0
5609-IMCGG,15,1,0,3,84.35,1302.65,86.84333333333333,0
4873-ILOLJ,24,1,0,0,90.35,2238.5,93.27083333333333,1
4727-MCYZG,1,1,0,1,55.55,55.55,55.55,0
9481-WHGWY,70,1,2,3,75.35,5437.75,77.68214285714286,0
2725-KXXWT,1,1,0,0,90.75,90.75,90.75,1
9565-DJPIB,4,1,0,1,89.6,365.65,91.4125,1
4328-VUFWD,39,1,1,0,59.3,2209.15,56.6448717948718,0
3301-LSLWQ,29,1,0,0,66.1,1912.15,65.93620689655172,0
7473-ZBDSN,14,1,2,1,18.8,255.55,18.25357142857143,0
3166-PNEOF,61,1,2,3,86.45,5175.3,84.84098360655739,0
5639-NTUPK,13,1,0,3,52.1,670.65,51.58846153846154,0
8780-YRMTT,66,0,2,1,47.4,3177.25,48.140151515151516,0
8348-HFYIV,2,0,0,0,49.25,90.35,45.175,1
5140-FOMCQ,59,1,1,3,109.15,6557.75,111.14830508474576,0
6242-SGYTS,62,1,1,3,94.95,5791.85,93.41693548387097,0
8166-ORCHU,33,1,1,0,93.55,3055.5,92.5909090909091,0
8414-OOEEL,66,1,2,3,79.5,5196.1,78.72878787878788,0
8454-AATJP,72,1,2,3,115.05,8405.0,116.73611111111111,0
6849-WLEYG,1,1,0,1,19.75,19.75,19.75,1
4659-NZRUF,19,1,0,0,95.15,1789.25,94.17105263157895,1
4531-AUZNK,51,1,1,1,95.15,5000.05,98.04019607843138,0
4191-XOVOM,63,1,0,0,105.4,6713.2,106.55873015873016,0
2150-OEGBV,27,1,1,2,20.1,562.6,20.83703703703704,0
8429-XIBUM,22,1,0,2,101.35,2317.1,105.32272727272726,1
1855-CFULU,4,1,0,1,20.05,91.45,22.8625,0
4878-BUNFV,42,1,2,1,20.7,828.85,19.73452380952381,0
1872-EBWSC,29,1,1,1,20.35,617.35,21.28793103448276,0
2608-BHKFN,4,1,0,3,70.05,266.9,66.725,1
7026-YMSBE,30,1,1,1,19.7,625.05,20.834999999999997,0
7341-LXCAF,4,1,0,0,74.65,301.4,75.35,1
6997-UVGOX,71,1,2,2,85.45,6029.9,84.9281690140845,0
9674-EHPPG,46,0,2,3,40.4,1842.7,40.05869565217392,0
9462-MJUAW,4,1,0,1,50.4,206.6,51.65,1
8128-YVJRG,7,1,0,1,79.65,604.7,86.38571428571429,1
5440-VHLUL,69,1,1,2,105.2,7386.05,107.04420289855072,0
5781-BKHOP,72,1,2,2,100.65,7334.05,101.86180555555556,0
4283-FUTGF,19,1,0,0,79.85,1471.75,77.46052631578948,1
5213-TWWJU,28,1,0,0,91.0,2626.15,93.79107142857143,0
1569-TTNYJ,5,1,0,0,78.75,412.1,82.42,1
8628-MFKAX,72,1,2,3,116.75,8277.05,114.95902777777776,0
2397-BRLOM,8,1,0,3,80.45,583.45,72.93125,1
7629-WIXZF,7,1,1,0,59.1,369.25,52.75,0
5445-GLVOT,22,1,0,0,49.8,1049.05,47.684090909090905,0
3976-HXHCE,72,1,2,2,19.3,1414.8,19.65,0
2466-NEJOJ,8,1,0,3,19.65,169.75,21.21875,0
0254-KCJGT,52,1,1,3,81.4,4354.45,83.73942307692307,0
5472-CVMDX,68,0,2,1,38.9,2719.2,39.98823529411764,0
6461-SZMCV,71,1,2,2,87.95,6365.35,89.65281690140846,0
8150-QUDFX,2,1,0,1,19.85,51.6,25.8,0
9508-ILZDG,34,1,0,0,96.35,3190.25,93.83088235294117,0
2346-DJQTB,35,0,0,0,24.15,812.5,23.214285714285715,0
1697-LYYYX,61,1,1,3,19.1,1143.8,18.750819672131147,0
1942-OQFRW,1,1,0,0,44.0,44.0,44.0,0
4749-VFKVB,1,1,0,1,50.1,50.1,50.1,1
9640-ZSLDC,53,1,1,3,60.6,3297.0,62.20754716981132,0
4231-LZUYM,72,1,2,2,25.65,1887.0,26.208333333333332,0
7598-UAASY,2,1,0,0,76.4,151.8,75.9,1
7938-OUHIO,3,1,0,0,98.7,293.65,97.88333333333333,1
8510-AWCXC,13,1,0,0,100.8,1308.1,100.62307692307692,1
6128-AQBMT,41,0,0,0,53.95,2215.4,54.03414634146342,0
3594-BDSOA,24,1,1,3,20.4,482.8,20.116666666666667,0
0431-APWVY,28,1,1,2,90.1,2598.95,92.81964285714285,1
5133-VRSAB,8,0,0,1,29.35,216.45,27.05625,0
5996-DAOQL,1,1,0,1,20.45,20.45,20.45,0
6838-YAUVY,54,1,2,2,95.1,5064.85,93.79351851851852,0
0484-JPBRU,41,1,0,2,25.25,996.45,24.303658536585367,0
7883-ROJOC,19,1,0,1,44.9,839.65,44.19210526315789,0
0244-LGNFY,72,1,2,2,92.65,6733.0,93.51388888888889,0
7274-CGTOD,62,0,2,2,43.7,2618.3,42.230645161290326,0
4295-YURET,56,1,2,3,72.6,4084.35,72.93482142857142,0
3426-NIYYL,15,1,0,0,51.55,765.5,51.03333333333333,1
8225-BTJAU,10,1,0,0,79.25,793.55,79.35499999999999,1
4635-EJYPD,32,1,2,1,18.95,613.95,19.1859375,0
1866-ZSLJM,21,1,0,3,20.5,402.85,19.183333333333334,0
4636-TVXVG,62,1,1,2,19.95,1244.8,20.07741935483871,0
4236-UJPWO,2,0,0,0,24.5,46.4,23.2,0
9392-XBGTD,27,1,2,1,20.6,581.85,21.55,0
3387-VATUS,5,1,0,2,94.85,462.8,92.56,1
6402-SSEJG,25,0,1,0,61.05,1540.2,61.608000000000004,0
1143-NMNQJ,2,1,0,0,85.7,169.8,84.9,1
1169-SAOCL,49,1,1,2,106.65,5168.1,105.47142857142858,0
1110-KYLGQ,63,1,0,3,108.25,6780.1,107.62063492063493,0
9929-PLVPA,4,1,0,3,20.4,94.5,23.625,0
3518-PZXZQ,1,1,0,1,55.3,55.3,55.3,0
2371-JUNGC,11,1,0,1,20.25,208.0,18.90909090909091,0
7693-QPEFS,52,1,0,2,72.95,3829.75,73.64903846153847,0
0924-BJCRC,60,1,0,0,89.45,5294.6,88.24333333333334,0
5074-FBGHB,64,1,1,3,104.65,6889.8,107.653125,0
2351-BKRZW,43,1,2,2,75.2,3254.35,75.68255813953488,0
4455-BFSPD,61,1,1,2,101.15,6383.9,104.65409836065574,0
0415-MOSGF,1,1,0,1,44.4,44.4,44.4,1
1724-BQUHA,5,1,0,0,89.5,477.7,95.53999999999999,1
3948-KXDUF,66,1,2,2,68.75,4447.55,67.38712121212122,0
2323-ARSVR,67,1,2,0,111.05,7321.05,109.26940298507463,0
0815-MFZGM,42,1,2,3,99.0,4135.0,98.45238095238095,0
4826-XTSOH,1,1,0,0,86.05,86.05,86.05,1
5480-XTFFL,31,1,2,1,21.0,697.7,22.506451612903227,0
8295-FHIVV,7,1,0,1,19.4,168.65,24.092857142857145,0
2495-INZWQ,4,0,0,0,44.55,174.3,43.575,1
9086-YJYXS,34,1,1,2,77.2,2753.8,80.99411764705883,0
1179-INLAT,3,1,1,1,19.45,69.25,23.083333333333332,0
7909-FIOIY,19,0,0,1,24.85,434.8,22.88421052631579,0
4139-SUGLD,31,0,0,2,35.4,1077.5,34.75806451612903,1
6857-VWJDT,1,1,0,1,95.65,95.65,95.65,1
6351-SCJKT,3,0,0,1,41.35,107.25,35.75,0
5468-BPMMO,46,1,0,0,19.6,851.2,18.504347826086956,0
5624-BQSSA,1,1,0,1,20.95,20.95,20.95,1
0197-PNKNK,69,1,1,2,84.45,5848.6,84.76231884057971,0
2439-QKJUL,5,1,0,1,20.25,109.8,21.96,0
1194-SPVSP,1,1,0,2,19.65,19.65,19.65,0
9534-NSXEM,26,1,1,3,20.65,595.5,22.903846153846153,0
2408-WITXK,10,0,0,0,34.7,329.8,32.980000000000004,1
8929-KSWIH,25,1,2,2,99.3,2513.5,100.54,0
2250-IVBWA,64,1,0,0,81.05,5135.35,80.23984375,0
1810-MVMAI,30,1,0,0,67.6,2000.2,66.67333333333333,0
9506-UXUSK,13,1,0,0,70.15,931.75,71.67307692307692,0
1229-RCALF,64,1,1,0,115.0,7396.15,115.56484375,0
3572-UOLYZ,46,1,0,2,84.8,3958.85,86.06195652173913,0
1429-UYJSV,12,1,1,1,19.7,260.9,21.741666666666664,0
5577-OTWWW,15,1,0,2,19.75,297.3,19.82,1
6100-QQHEB,17,1,0,0,92.55,1515.1,89.12352941176471,1
6366-XIVKZ,13,1,0,1,63.15,816.8,62.83076923076923,0
3470-OBUET,67,1,2,3,74.0,4868.4,72.66268656716417,0
2770-NSVDG,24,0,0,0,29.1,688.0,28.666666666666668,0
9375-MHRRS,6,1,0,1,50.05,288.35,48.05833333333334,0
2634-HCZGT,53,1,1,0,60.05,3229.65,60.93679245283019,1
7503-QQRVF,16,1,0,3,74.3,1178.25,73.640625,1
4860-YZGZM,10,1,0,0,20.0,185.4,18.54,0
6599-GZWCM,13,1,1,1,74.65,966.25,74.32692307692308,0
2691-NZETQ,9,1,0,0,85.35,758.6,84.28888888888889,1
4404-HIBDJ,25,1,1,1,74.3,1863.8,74.55199999999999,1
5533-NHFRF,7,0,0,0,44.4,265.8,37.971428571428575,0
7037-MTYVW,38,1,2,2,85.4,3297.0,86.76315789473684,0
4760-THGOT,43,1,0,0,94.1,4107.3,95.51860465116279,0
7295-JOMMD,4,1,0,2,98.1,396.3,99.075,1
4016-BJKTZ,25,1,2,0,108.9,2809.05,112.36200000000001,0
6584-VQMYT,27,1,1,1,56.2,1567.55,58.0574074074074,0
9838-BFCQT,72,1,2,1,26.1,1851.45,25.714583333333334,0
2790-XUYMV,71,1,1,3,85.45,6028.95,84.91478873239437,0
0581-MDMPW,24,1,0,3,88.95,2072.75,86.36458333333333,0
5013-SBUIH,50,1,2,0,109.65,5551.15,111.023,1
1023-BQXZE,57,1,2,2,74.35,4317.35,75.74298245614035,0
9163-GHAYE,15,1,0,0,48.85,736.8,49.12,0
3904-UKFRE,4,1,0,0,80.1,336.15,84.0375,0
5353-WILCI,28,1,0,0,56.05,1522.65,54.38035714285714,0
0709-TVGUR,9,1,0,0,74.55,622.9,69.21111111111111,1
0058-EVZWM,55,1,0,2,89.8,4959.6,90.17454545454547,0
6023-YEBUP,3,1,0,0,100.95,329.95,109.98333333333333,1
7209-JCUDS,10,1,0,0,94.9,1048.85,104.88499999999999,1
7009-PCARS,55,1,1,2,19.1,1001.5,18.20909090909091,0
0519-DRGTI,20,1,0,1,20.35,442.6,22.130000000000003,0
1017-FBQMM,62,1,1,3,106.05,6703.5,108.12096774193549,0
3001-CBHLQ,32,1,0,0,104.9,3351.55,104.7359375,1
1985-MBRYP,43,1,2,2,19.65,779.25,18.122093023255815,0
6158-DWPZT,9,0,1,2,24.1,259.8,28.866666666666667,1
9372-TXXPS,60,1,2,2,59.85,3483.45,58.0575,0
3259-QMXUN,58,1,2,0,86.1,4890.5,84.31896551724138,0
1015-JPFYW,7,1,1,1,19.45,136.75,19.535714285714285,0
6645-MXQJT,2,1,0,0,97.1,184.15,92.075,0
4360-QRAVE,37,0,0,0,36.65,1315.0,35.54054054054054,0
8433-WPJTV,65,1,1,2,103.9,6767.1,104.10923076923078,0
5804-JMYIO,39,1,2,1,19.75,757.95,19.434615384615388,0
3763-GCZHZ,66,1,1,0,104.05,6890.0,104.39393939393939,1
6484-LATFU,68,1,2,1,24.55,1657.4,24.373529411764707,0
7599-NTMDP,62,0,2,2,48.7,3008.55,48.525000000000006,0
0772-GYEQQ,3,1,0,1,88.35,262.05,87.35000000000001,1
0536-ACXIP,72,1,2,0,109.55,8165.1,113.40416666666667,0
0936-NQLJU,41,1,2,3,20.65,875.55,21.35487804878049,0
4831-EOBFE,29,1,0,3,94.65,2649.15,91.35000000000001,1
1575-KRZZE,4,1,0,0,55.2,220.65,55.1625,0
3251-YMVWZ,53,1,1,2,24.05,1301.9,24.56415094339623,0
4102-OQUPX,1,1,0,0,74.4,74.4,74.4,1
9170-GYZJC,41,1,0,3,79.9,3326.2,81.12682926829268,1
4884-LEVMQ,39,1,2,2,20.45,790.0,20.256410256410255,0
8857-CUPFQ,63,1,2,1,19.25,1237.65,19.645238095238096,0
7610-TVOPG,15,1,0,0,26.35,378.6,25.240000000000002,0
3638-DIMPH,13,1,1,0,43.8,592.65,45.58846153846154,0
1845-ZLLIG,1,1,0,1,50.15,50.15,50.15,0
8559-WNQZS,1,1,2,1,20.45,20.45,20.45,0
3999-QGRJH,8,1,0,0,69.7,560.85,70.10625,1
1699-UOTXU,60,1,2,0,61.4,3638.25,60.6375,0
2454-RPBRZ,12,1,0,0,98.1,1060.2,88.35000000000001,1
0635-WKOLD,40,1,1,3,70.75,2921.75,73.04375,0
5993-JSUWV,66,1,2,2,61.15,4017.45,60.87045454545454,0
4518-FZBSX,42,1,1,1,20.25,854.9,20.354761904761904,0
5387-ASZNZ,66,1,1,3,63.85,4174.35,63.247727272727275,0
6988-CJEYV,49,1,0,0,98.7,4920.55,100.41938775510205,0
2002-MZHWP,1,1,0,1,20.5,20.5,20.5,1
3097-FQTVJ,41,1,2,1,20.0,810.3,19.76341463414634,0
5465-BUBFA,41,1,2,2,19.3,772.4,18.839024390243903,0
7299-GNVPL,23,1,0,1,84.4,1936.85,84.2108695652174,0
9743-DQKQW,3,0,0,0,25.1,79.8,26.599999999999998,0
1215-VFYVK,4,0,0,1,48.25,202.25,50.5625,0
9371-BITHB,52,1,2,1,19.85,1070.5,20.58653846153846,0
2265-CYWIV,4,1,0,0,99.6,347.65,86.9125,1
9093-FPDLG,11,1,0,0,94.2,999.9,90.89999999999999,0
0541-FITGH,2,1,0,1,62.15,113.1,56.55,0
6985-HAYWX,26,1,0,2,79.3,2015.8,77.53076923076922,0
7508-KBIMB,24,1,1,3,56.25,1454.25,60.59375,0
6838-HVLXG,12,1,0,1,20.3,246.7,20.558333333333334,0
2277-DJJDL,60,1,0,0,99.0,6017.9,100.29833333333333,0
1897-OKVMW,64,1,2,1,90.6,5817.45,90.89765625,0
5485-ITNPC,66,1,2,2,85.9,5595.3,84.77727272727273,0
0233-FTHAV,60,1,1,2,79.2,4765.0,79.41666666666667,0
4644-PIZRT,17,1,1,2,70.35,1201.65,70.68529411764706,0
8922-NPKBJ,42,1,2,1,19.35,867.3,20.65,0
2740-TVLFN,1,1,0,0,50.15,50.15,50.15,0
7771-CFQRQ,47,1,2,2,63.8,3007.25,63.984042553191486,0
9512-PHSMG,10,1,0,1,20.55,252.75,25.275,0
6963-EZQEE,70,1,2,3,88.55,6306.5,90.09285714285714,0
2452-KDRRH,67,1,0,3,101.4,6841.05,102.10522388059702,0
2004-OCQXK,1,1,0,0,81.95,81.95,81.95,1
5027-QPKTE,7,1,0,0,69.35,451.1,64.44285714285715,1
4146-SVFUD,1,1,0,1,44.6,44.6,44.6,0
1564-HJUVY,4,1,0,2,63.75,226.2,56.55,0
3617-XLSGQ,66,1,2,2,109.25,7082.5,107.31060606060606,0
7517-LDMPS,12,1,0,0,84.6,1017.35,84.77916666666667,0
7244-KXYZN,24,1,1,3,20.45,527.35,21.972916666666666,0
5226-NOZFC,26,1,0,0,85.75,2146.5,82.5576923076923,0
2672-HUYVI,6,1,0,0,91.1,455.3,75.88333333333334,1
1400-WIVLL,57,1,2,0,107.95,5969.85,104.73421052631579,0
7508-MYBOG,14,1,0,0,86.1,1235.55,88.25357142857142,1
8148-NLEGT,42,1,2,0,22.95,1014.25,24.148809523809526,0
0148-DCDOS,25,1,0,2,94.7,2362.1,94.484,1
8347-GDTMP,64,1,2,3,19.45,1225.65,19.15078125,0
9992-RRAMN,22,1,0,0,85.1,1873.7,85.16818181818182,1
6746-WAUWT,19,1,1,3,19.7,386.5,20.342105263157894,0
0310-MVLET,61,1,0,0,99.15,6010.05,98.52540983606558,1
0428-IKYCP,22,1,0,2,87.0,1850.65,84.12045454545455,0
4550-VBOFE,70,1,0,0,102.95,7101.5,101.45,1
2187-PKZAY,12,1,0,2,79.95,1043.4,86.95,0
4003-OCTMP,31,1,1,0,64.0,1910.75,61.63709677419355,0
6652-YFFJO,11,1,0,0,64.9,716.1,65.10000000000001,0
7225-IILWY,68,1,2,1,25.75,1686.15,24.796323529411765,0
5248-RPYWW,72,1,2,2,90.15,6716.45,93.28402777777778,0
7923-IYJWY,67,1,2,3,116.1,7839.85,117.01268656716418,0
3170-GWYKC,60,1,0,2,104.95,6236.75,103.94583333333334,0
5696-QURRL,1,1,0,1,45.05,45.05,45.05,1
7409-KIUTL,1,1,0,0,71.0,71.0,71.0,1
9830-ECLEN,58,0,1,1,50.0,2919.85,50.342241379310344,0
1732-VHUBQ,47,1,0,2,70.55,3309.25,70.40957446808511,1
0495-RVCBF,1,1,0,0,79.7,79.7,79.7,1
2668-TZSPS,1,1,0,1,20.45,20.45,20.45,0
7854-EDSSA,22,1,0,0,59.0,1254.7,57.03181818181818,1
8869-TORSS,48,1,1,3,60.35,2896.4,60.34166666666667,1
7446-SFAOA,37,1,1,2,19.85,717.5,19.39189189189189,0
9522-ZSINC,13,1,1,0,19.95,253.8,19.523076923076925,0
8234-GSZYK,43,1,2,2,26.45,1110.05,25.815116279069766,0
6505-OZNPG,6,0,2,1,63.4,348.8,58.13333333333333,0
6164-HAQTX,71,0,2,2,53.95,3888.65,54.76971830985916,0
0679-IDSTG,1,1,0,0,69.25,69.25,69.25,1
7765-LWVVH,72,1,2,0,95.1,6843.15,95.04374999999999,0
1658-TJVOA,6,1,0,0,74.1,450.9,75.14999999999999,0
0953-LGOVU,12,0,0,1,35.5,432.25,36.020833333333336,0
2115-BFTIW,25,1,0,1,70.95,1767.35,70.694,1
4692-NNQRU,21,1,1,0,79.2,1742.45,82.97380952380952,0
7742-MYPGI,6,1,0,1,48.8,297.35,49.55833333333334,0
0611-DFXKO,20,1,0,1,89.0,1820.45,91.02250000000001,1
7780-OTDSO,18,1,0,0,99.4,1742.95,96.83055555555556,1
9619-GSATL,43,1,1,0,55.45,2444.25,56.843023255813954,0
5622-UEJFI,35,1,2,3,25.4,949.8,27.137142857142855,0
9747-DDZOS,1,1,0,2,73.5,73.5,73.5,1
0674-DGMAQ,32,1,0,0,93.5,2970.8,92.8375,0
6203-HBZPA,52,0,2,3,63.9,3334.95,64.13365384615385,0
0484-FFVBJ,32,1,1,2,64.85,2010.95,62.8421875,0
0301-FIDRB,72,0,2,2,63.8,4684.3,65.05972222222222,0
4139-JPIAM,51,0,0,3,44.45,2181.55,42.77549019607844,0
2181-TIDSV,68,1,2,2,19.95,1303.25,19.165441176470587,0
2761-XECQW,8,0,0,1,43.35,371.4,46.425,0
1936-CZAKF,49,0,2,3,49.65,2409.9,49.18163265306123,0
9453-PATOS,72,1,2,1,85.1,6155.4,85.49166666666666,0
0564-JJHGS,9,1,0,0,95.5,829.1,92.12222222222222,1
3348-CFRNX,28,1,0,1,92.35,2602.9,92.96071428571429,1
4402-FTBXC,54,1,0,1,89.8,4667.0,86.42592592592592,0
1428-GTBJJ,11,1,0,0,74.55,824.75,74.97727272727273,1
2931-XIQBR,50,1,1,1,103.05,5153.5,103.07,0
0106-UGRDO,69,1,2,0,116.0,8182.85,118.59202898550726,0
5542-TBBWB,1,1,0,0,69.9,69.9,69.9,0
1930-QPBVZ,68,1,2,2,95.1,6683.4,98.28529411764706,0
2606-PKWJB,40,0,1,1,40.25,1564.05,39.10125,0
5322-ZSMZY,31,1,2,1,25.75,755.6,24.374193548387098,0
8059-UDZFY,33,1,0,2,105.35,3465.05,105.00151515151515,0
7740-BTPUX,55,1,2,0,113.6,6292.7,114.41272727272727,0
5220-AGAAX,68,1,2,2,24.0,1664.3,24.474999999999998,0
0208-BPQEJ,12,1,0,2,19.4,198.1,16.508333333333333,0
9435-JMLSX,71,1,2,2,86.1,6045.9,85.15352112676055,0
3352-ALMCK,40,1,0,1,102.65,4108.15,102.70374999999999,0
5312-IRCFR,64,1,1,0,92.85,5980.75,93.44921875,0
5294-IMHHT,53,1,1,2,97.75,5043.2,95.15471698113207,0
8802-UNOJF,12,1,0,1,83.8,1029.75,85.8125,1
6313-GIDIT,53,0,0,0,54.45,2854.55,53.859433962264156,1
6176-YJWAS,72,1,2,3,97.95,7114.25,98.80902777777777,0
5310-NOOVA,46,1,2,0,19.95,907.05,19.718478260869563,0
4526-EXKKN,40,1,2,1,24.6,973.95,24.348750000000003,0
5311-IHLEI,12,0,0,2,50.95,605.75,50.479166666666664,0
3987-KQDDU,9,1,0,0,75.6,661.55,73.50555555555555,0
3404-JNXAX,51,1,0,0,80.75,4116.9,80.7235294117647,0
5131-PONJI,49,1,0,3,90.4,4494.65,91.72755102040816,0
2845-AFFTX,41,1,0,0,99.8,4259.3,103.88536585365854,1
3489-VSFRD,56,1,1,3,60.25,3282.75,58.620535714285715,0
3345-JHUEO,4,1,0,0,20.2,55.7,13.925,0
5815-HGGHV,20,1,1,1,64.15,1274.45,63.722500000000004,0
5260-UMPWX,26,1,0,3,20.25,493.95,18.998076923076923,0
2249-YPRNG,20,1,0,2,105.85,2239.65,111.9825,1
7410-YTJIK,7,1,0,1,75.45,480.75,68.67857142857143,1
4626-GYCZP,7,1,0,0,93.85,635.6,90.8,1
5649-RXQTV,51,1,0,0,99.0,5038.15,98.78725490196078,0
2674-MIAHT,4,1,0,1,80.3,324.2,81.05,0
2576-HXMPA,1,1,0,3,19.55,19.55,19.55,0
7587-AOVVU,27,1,0,0,100.75,2793.55,103.46481481481482,0
5590-BYNII,22,1,0,0,100.75,2095.0,95.22727272727273,1
6898-MDLZW,12,1,0,1,53.75,648.65,54.05416666666667,0
3237-AJGEH,3,0,0,1,31.0,95.05,31.683333333333334,1
4707-YNOQA,34,1,1,3,25.6,917.15,26.974999999999998,0
9357-UJRUN,24,1,1,0,58.35,1346.9,56.12083333333334,0
1591-NFNLQ,51,1,0,3,80.0,4242.35,83.18333333333334,1
8648-PFRMP,14,0,0,0,46.35,672.7,48.050000000000004,0
7663-CUXZB,59,1,2,0,113.75,6561.25,111.20762711864407,0
0258-NOKBL,3,1,0,0,90.4,268.45,89.48333333333333,0
1163-VIPRI,65,1,2,0,109.3,7337.55,112.88538461538462,0
2815-CPTUL,5,1,0,1,70.25,331.9,66.38,1
9348-ROUAI,59,1,2,3,90.3,5194.05,88.03474576271186,0
9443-JUBUO,72,0,2,3,65.25,4478.85,62.206250000000004,0
0596-BQCEQ,62,1,0,0,100.15,6283.3,101.34354838709677,1
1481-ZUWZA,28,1,0,3,94.5,2659.4,94.97857142857143,1
3043-TYBNO,3,1,0,1,60.65,196.9,65.63333333333334,0
4830-FAXFM,19,1,0,3,24.1,439.2,23.11578947368421,0
5906-BFOZT,1,1,0,1,19.5,19.5,19.5,0
2960-NKRSO,24,1,0,0,85.95,2107.15,87.79791666666667,0
8996-ZROXE,57,1,1,0,53.5,3035.8,53.25964912280702,0
5598-IKHQQ,72,1,2,3,25.45,1866.45,25.922916666666666,0
0397-ZXWQF,67,1,2,2,20.5,1430.95,21.357462686567164,0
5266-PFRQK,52,1,1,3,20.85,1071.6,20.607692307692307,0
4674-HGNUA,71,1,2,3,89.9,6457.15,90.94577464788732,0
6765-MBQNU,26,1,1,1,26.0,684.05,26.309615384615384,0
9786-IJYDL,35,1,2,1,113.2,3914.05,111.83,0
1303-SRDOK,55,1,2,3,69.05,3842.6,69.86545454545454,0
3769-MHZNV,33,1,2,1,20.1,670.35,20.313636363636363,0
6295-OSINB,72,1,2,0,109.65,7880.25,109.44791666666667,0
3308-MHOOC,1,1,0,1,19.2,19.2,19.2,0
2309-OSFEU,10,0,0,1,33.9,298.45,29.845,1
2207-QPJED,37,1,0,0,90.0,3371.75,91.12837837837837,0
4177-JPDFU,12,0,0,1,34.0,442.45,36.87083333333333,0
2239-CFOUJ,1,1,1,1,20.4,20.4,20.4,0
8046-DNVTL,62,0,2,3,38.6,2345.55,37.83145161290323,0
2209-XADXF,1,0,0,2,25.25,25.25,25.25,0
6620-JDYNW,18,1,0,1,60.6,1156.35,64.24166666666666,0
1891-FZYSA,69,1,0,0,89.95,6143.15,89.03115942028985,1
4770-UEZOX,2,1,0,0,74.75,144.8,72.4,0
1038-RQOST,19,1,0,1,20.6,414.95,21.839473684210525,0
7613-LLQFO,12,1,0,0,84.45,1059.55,88.29583333333333,1
4568-TTZRT,9,1,0,1,20.4,181.8,20.200000000000003,0
9513-DXHDA,27,1,1,0,81.7,2212.55,81.9462962962963,0
2640-PMGFL,27,1,0,0,79.5,2180.55,80.76111111111112,1
3801-HMYNL,1,1,0,1,89.15,89.15,89.15,1
0516-QREYC,24,1,0,1,20.3,459.95,19.164583333333333,0
9685-WKZGT,14,1,0,0,74.95,1036.75,74.05357142857143,1
6022-UGGSO,32,1,0,0,74.4,2276.95,71.1546875,1
8084-OIVBS,11,1,1,1,20.0,211.95,19.268181818181816,0
8896-BQTTI,1,1,0,1,25.0,25.0,25.0,0
3865-QBWSJ,38,1,0,1,80.45,3162.65,83.22763157894737,0
3352-RICWQ,9,1,2,1,19.75,210.65,23.405555555555555,0
2160-GPFXD,54,1,2,3,65.65,3566.7,66.05,0
2065-MMKGR,29,1,1,3,71.0,2080.1,71.72758620689655,0
5857-TYBCJ,44,1,0,0,89.2,4040.2,91.82272727272726,0
1498-NHTLT,59,1,2,0,86.75,5186.0,87.89830508474576,0
4484-CGXFK,3,1,0,0,55.3,196.15,65.38333333333334,1
1402-PTHGN,18,1,1,1,61.5,1087.45,60.41388888888889,0
4176-RELJR,67,1,2,3,25.1,1672.15,24.957462686567165,0
6214-EDAKZ,22,1,0,0,55.15,1206.05,54.820454545454545,1
5199-FPUSP,33,0,1,3,34.05,1113.95,33.75606060606061,0
6377-KSLXC,5,1,0,1,19.95,107.05,21.41,0
1796-JANOW,2,1,0,1,19.95,38.15,19.075,0
0238-WHBIQ,72,1,2,3,89.7,6339.3,88.04583333333333,0
8735-NBLWT,9,1,0,1,20.4,184.1,20.455555555555556,0
6651-RLGGM,67,1,2,1,26.3,1688.9,25.207462686567165,0
6127-ISGTU,16,1,0,0,84.95,1378.25,86.140625,1
1614-JBEBI,8,1,0,1,20.7,137.6,17.2,0
8740-XLHDR,5,0,0,1,43.25,219.0,43.8,1
1208-DNHLN,23,1,1,3,48.35,1067.15,46.39782608695653,1
1761-AEZZR,1,1,0,0,79.55,79.55,79.55,1
3923-CSIHK,50,1,0,0,71.05,3444.85,68.89699999999999,1
5696-EXCYS,17,1,2,3,19.45,369.05,21.708823529411767,0
5795-KTGUD,68,1,2,2,110.8,7553.6,111.08235294117648,0
7120-RFMVS,1,1,0,0,84.5,84.5,84.5,1
7924-GJZFI,25,1,0,0,69.3,1813.1,72.524,0
4702-HDRKD,67,0,1,2,49.35,3321.35,49.57238805970149,0
8512-WIWYV,32,1,1,3,20.35,707.5,22.109375,0
5897-ZYEKH,67,1,1,0,105.6,7112.15,106.15149253731343,0
5456-ITGIC,72,0,2,3,64.45,4641.1,64.45972222222223,0
7317-GGVPB,71,1,2,3,108.6,7690.9,108.3225352112676,1
1406-PUQVY,1,1,0,0,49.9,49.9,49.9,0
1322-AGOQM,46,0,0,2,30.3,1380.1,30.002173913043475,1
3677-IYRBF,2,0,0,0,30.4,78.65,39.325,1
5692-FPTAH,1,1,0,1,45.4,45.4,45.4,1
9114-AAFQH,48,1,1,0,65.65,3094.65,64.471875,0
8715-KKTFG,61,1,1,2,103.3,6518.35,106.85819672131149,0
1550-LOAHA,32,1,0,2,84.15,2585.95,80.8109375,1
1728-BQDMA,2,1,0,0,44.45,82.7,41.35,0
0268-QKIWO,3,1,0,0,19.75,58.85,19.616666666666667,1
0876-WDUUZ,5,1,0,3,85.4,425.9,85.17999999999999,1
5117-ZSMHQ,71,1,2,2,89.9,6342.7,89.33380281690141,0
5151-HQRDG,37,1,0,1,55.05,2030.75,54.88513513513514,0
0960-HUWBM,65,1,2,2,104.1,6700.05,103.07769230769232,0
6465-GSRCL,67,1,1,2,106.6,7244.7,108.12985074626866,0
0617-FHSGK,49,1,0,3,75.2,3678.3,75.06734693877551,1
0263-FJTQO,50,1,2,3,70.5,3486.65,69.733,0
7319-ZNRTR,25,1,1,0,19.6,411.15,16.445999999999998,0
2858-MOFSQ,17,1,1,1,55.85,937.5,55.14705882352941,1
7503-EPSZW,64,1,2,1,24.05,1559.15,24.36171875,0
7089-XXAYG,25,0,1,3,38.1,970.4,38.816,0
8118-LSUEL,23,1,0,0,106.4,2483.5,107.97826086956522,1
8070-AAWZP,24,0,0,1,34.25,828.2,34.50833333333333,0
1666-JXLKU,37,1,0,0,100.05,3810.55,102.98783783783784,0
7855-DIWPO,21,1,0,0,68.65,1493.2,71.1047619047619,0
5133-POWUA,1,1,0,1,45.8,45.8,45.8,0
5652-MSDEY,10,1,0,1,75.75,777.3,77.72999999999999,0
7005-CCBKV,6,1,0,0,84.4,556.35,92.72500000000001,1
1810-BOHSY,51,1,1,3,96.4,4911.05,96.29509803921569,0
1784-BXEFA,10,1,0,1,20.55,187.35,18.735,0
7351-MHQVU,6,0,0,3,50.95,307.6,51.26666666666667,0
9224-VTYID,47,1,2,1,90.5,4318.35,91.87978723404257,0
9500-IWPXQ,61,1,1,0,79.4,4820.55,79.02540983606558,0
5762-TJXGK,52,0,2,2,58.75,3038.55,58.43365384615385,0
4504-YOULA,35,1,0,3,59.45,2136.9,61.05428571428572,0
5569-IDSEY,71,1,1,2,105.7,7472.15,105.24154929577465,0
4250-FDVOU,6,1,0,0,56.25,389.1,64.85000000000001,1
7284-ZZLOH,45,1,2,3,53.3,2296.25,51.02777777777778,0
5277-ZLOOR,2,1,0,0,85.55,187.45,93.725,1
2141-RRYGO,4,1,0,2,68.65,261.25,65.3125,1
1777-JYQPJ,2,0,0,1,24.3,38.45,19.225,0
6376-GAHQE,4,1,0,0,77.85,299.2,74.8,1
3401-URHDA,51,1,1,3,59.9,3043.6,59.67843137254902,0
1599-EAHXY,60,1,1,3,23.95,1506.4,25.10666666666667,0
8631-XVRZL,9,1,1,1,20.15,163.7,18.188888888888886,0
5052-PNLOS,3,1,0,2,105.35,323.25,107.75,1
3853-LYGAM,17,1,0,2,95.65,1640.0,96.47058823529412,0
6979-ZNSFF,8,1,0,0,87.05,762.1,95.2625,1
5751-USDBL,46,1,2,1,81.0,3846.35,83.61630434782609,0
5680-LQOGP,68,1,2,3,82.45,5646.6,83.03823529411765,0
2386-LAHRK,1,1,0,1,53.5,53.5,53.5,1
8189-DUKMV,4,1,1,2,20.5,79.05,19.7625,0
6032-IGALN,1,0,0,1,25.1,25.1,25.1,1
9931-DCEZH,28,1,1,3,54.4,1516.6,54.16428571428571,0
1898-JSNDC,39,1,1,3,58.6,2224.5,57.03846153846154,0
0315-LVCRK,11,1,0,0,84.8,888.75,80.79545454545455,0
3911-RSNHI,71,0,2,3,61.4,4310.35,60.70915492957747,0
2410-CIYFZ,2,1,0,1,20.4,42.9,21.45,0
4248-HCETZ,30,1,0,1,79.65,2365.15,78.83833333333334,1
5505-OVWQW,17,1,1,1,20.15,353.65,20.802941176470586,0
7271-AJDTL,55,1,0,3,94.45,5073.1,92.23818181818183,0
1867-TJHTS,58,1,0,2,79.8,4526.85,78.0491379310345,0
0516-WJVXC,5,1,0,0,54.2,308.25,61.65,1
9174-FKWZE,1,1,0,0,19.45,19.45,19.45,1
6860-YRJZP,9,1,0,0,74.05,678.45,75.38333333333334,0
4429-WYGFR,26,1,0,2,49.15,1237.3,47.58846153846154,0
2817-LVCPP,50,1,2,3,19.4,1023.95,20.479,0
5038-ETMLM,72,1,2,2,113.65,8182.75,113.64930555555556,0
5056-FIMPT,43,1,1,3,106.0,4532.3,105.40232558139536,0
4521-WFJAI,56,1,2,2,25.95,1444.05,25.786607142857143,0
6569-KTMDU,1,1,0,1,19.1,19.1,19.1,0
8809-RIHDD,72,1,2,0,103.4,7372.65,102.39791666666666,1
8809-XKHMD,72,1,2,2,100.55,7325.1,101.73750000000001,0
0396-YCHWO,36,1,0,0,95.4,3474.2,96.50555555555555,0
0867-LDTTC,5,1,0,2,75.15,392.65,78.53,0
4822-NGOCH,13,1,0,0,84.45,1058.6,81.43076923076923,1
9391-DXGGG,44,1,1,3,89.15,3990.75,90.69886363636364,0
9844-FELAJ,70,1,1,0,107.9,7475.85,106.79785714285715,0
2122-SZZZD,44,1,1,3,19.5,835.5,18.988636363636363,0
5307-DZCVC,32,1,0,3,85.95,2628.6,82.14375,1
3148-AOIQT,69,1,2,3,24.95,1718.35,24.903623188405795,0
8679-JOEVF,16,1,0,0,59.4,1023.9,63.99375,1
8395-ETZKQ,68,1,1,2,19.5,1193.55,17.55220588235294,0
6692-YQHXC,16,1,0,3,69.95,1205.5,75.34375,0
3889-VWBID,68,1,2,2,82.85,5776.45,84.94779411764705,0
5222-JCXZT,4,1,0,1,19.0,78.9,19.725,0
9754-CLVZW,26,0,0,3,38.85,1025.15,39.42884615384616,0
1432-FPAXX,29,0,0,0,30.6,856.35,29.529310344827586,1
2739-CCZMB,5,1,0,3,20.35,122.0,24.4,0
7080-TNUWP,70,1,1,2,95.0,6602.9,94.32714285714285,0
0496-AHOOK,24,1,1,2,74.4,1712.9,71.37083333333334,0
8336-TAVKX,72,1,2,2,78.45,5682.25,78.92013888888889,0
2468-SJFLM,1,1,0,1,74.3,74.3,74.3,0
3181-VTHOE,70,0,1,2,51.05,3635.15,51.93071428571429,0
7168-HDQHG,36,1,0,2,19.2,702.9,19.525,0
4803-AXVYP,38,1,0,0,99.55,3734.25,98.26973684210526,1
3884-HCSWG,17,1,0,0,70.0,1144.5,67.32352941176471,1
4567-AKPIA,41,1,1,2,109.1,4454.25,108.64024390243902,0
5077-DXTCG,1,1,0,0,45.3,45.3,45.3,1
1142-WACZW,2,0,0,2,29.85,75.6,37.8,1
7901-HXJVA,14,1,0,0,76.45,1117.55,79.825,0
5649-ANRML,2,1,0,3,95.1,180.25,90.125,1
4892-VLANZ,1,1,0,1,19.8,19.8,19.8,1
5924-IFQTT,13,1,0,0,72.8,930.05,71.54230769230769,0
7968-QUXNS,6,1,0,1,18.95,110.15,18.358333333333334,0
2919-HBCJO,4,1,0,2,76.65,333.6,83.4,1
4236-XPXAV,5,1,0,1,99.15,465.05,93.01,1
8903-WMRNW,15,1,0,0,101.75,1669.4,111.29333333333334,0
2452-SNHFZ,47,1,0,3,75.45,3545.1,75.42765957446808,0
3629-WEAAM,8,1,0,1,64.1,504.05,63.00625,0
6029-CSMJE,17,0,0,1,25.65,440.2,25.894117647058824,0
7993-NQLJE,15,1,0,1,75.1,1151.55,76.77,0
9909-DFRJA,26,1,1,2,95.85,2475.35,95.20576923076922,0
9099-FTUHS,23,1,0,0,54.4,1249.25,54.31521739130435,0
0581-BXBUB,4,1,0,0,72.75,317.75,79.4375,0
4962-CHQPW,29,1,1,1,19.85,535.05,18.45,0
9467-ROOLM,25,1,0,1,19.05,461.3,18.452,0
3030-YZADT,9,1,0,1,44.95,431.0,47.888888888888886,1
7410-KTVFV,18,1,0,1,49.55,878.35,48.797222222222224,1
5150-ITWWB,3,1,0,0,94.85,335.75,111.91666666666667,0
2253-KPMNB,69,0,2,2,46.25,3121.4,45.23768115942029,0
1345-ZUKID,14,1,1,1,19.35,324.8,23.2,0
6429-SHBCB,19,1,0,1,69.6,1394.55,73.39736842105263,0
9281-OFDMF,39,1,0,0,90.7,3413.25,87.51923076923077,0
2603-HVKCG,31,1,0,0,101.4,3143.65,101.40806451612903,0
1834-WULEG,24,1,1,1,20.25,439.75,18.322916666666668,0
9097-ZUBYC,14,1,0,2,48.8,664.4,47.457142857142856,0
5148-ORICT,64,1,2,1,74.35,4759.55,74.36796875,0
4893-GYUJU,50,1,1,1,19.35,1033.0,20.66,0
4578-PHJYZ,52,1,1,0,68.75,3482.85,66.97788461538461,0
7272-QDCKA,28,1,1,0,100.2,2688.45,96.01607142857142,0
8908-SLFCJ,21,1,2,3,20.85,435.25,20.726190476190474,0
8393-DLHGA,25,1,0,0,95.9,2448.75,97.95,1
9766-HGEDE,17,1,1,1,19.35,307.0,18.058823529411764,0
6968-MHOMU,58,0,1,3,45.0,2689.35,46.36810344827586,0
7395-IGJOS,17,1,0,2,81.5,1329.2,78.18823529411765,1
5044-XDPYX,51,1,2,1,25.5,1281.25,25.122549019607842,0
1814-WFGVS,72,0,2,1,48.9,3527.0,48.986111111111114,0
2834-SPCJV,52,1,0,0,84.1,4348.65,83.6278846153846,1
3721-WKIIL,27,1,2,1,19.6,561.15,20.78333333333333,0
6734-CKRSM,3,1,0,1,20.0,63.6,21.2,0
1265-ZFOSD,64,1,2,1,81.3,5129.3,80.1453125,0
6568-POCUI,45,1,2,3,95.2,4285.8,95.24000000000001,0
7890-VYYWG,3,0,0,1,36.45,93.7,31.233333333333334,1
5197-LQXXH,71,1,2,3,83.3,5894.5,83.02112676056338,0
9907-SWKKF,1,0,0,1,25.05,25.05,25.05,1
3457-PQBYH,58,1,2,3,20.3,1160.75,20.012931034482758,0
7682-AZNDK,34,1,0,0,89.85,3091.75,90.93382352941177,0
0587-DMGBH,8,1,0,0,49.85,365.55,45.69375,1
5384-ZTTWP,15,1,0,1,19.8,272.95,18.196666666666665,0
3745-HRPHI,66,0,2,2,54.65,3632.0,55.03030303030303,0
7636-OWBPG,12,0,0,3,29.35,381.2,31.766666666666666,0
1231-YNDEK,58,1,2,2,19.15,1035.5,17.853448275862068,0
1407-DIGZV,3,1,2,1,19.1,52.0,17.333333333333332,0
6397-JNZZG,43,0,0,3,55.55,2342.2,54.46976744186046,1
0570-BFQHT,9,1,0,0,80.55,653.9,72.65555555555555,0
4393-OBCRR,3,1,1,1,20.25,71.2,23.733333333333334,0
3523-QRQLL,22,1,1,2,69.5,1498.2,68.10000000000001,1
8564-LDKFL,40,1,1,2,106.0,4178.65,104.46624999999999,0
3696-DFHHB,68,1,2,2,25.5,1821.8,26.791176470588233,0
0895-DQHEW,54,1,0,0,104.3,5278.15,97.74351851851851,1
4717-GHADL,50,1,2,1,79.6,4024.2,80.484,0
5501-TVMGM,1,1,0,0,55.25,55.25,55.25,0
5879-HMFFH,72,1,2,2,88.05,6520.8,90.56666666666666,0
6772-WFQRD,40,1,1,2,20.4,854.9,21.3725,0
3810-DVDQQ,72,1,2,2,117.6,8308.9,115.40138888888889,0
6972-SNKKW,6,1,0,1,20.0,109.2,18.2,0
3694-GLTJM,5,1,0,3,19.65,92.05,18.41,0
8550-XSXUQ,48,1,1,3,70.55,3420.5,71.26041666666667,0
8149-RSOUN,1,1,0,0,93.85,93.85,93.85,1
9055-MOJJJ,64,1,1,1,65.8,4068.0,63.5625,0
4359-INNWN,17,1,1,3,20.05,337.9,19.876470588235293,0
0585-EGDDA,40,1,0,0,80.0,3168.75,79.21875,0
4032-RMHCI,41,0,1,3,35.4,1412.4,34.44878048780488,0
0549-CYCQN,51,1,1,2,79.6,3974.7,77.93529411764706,0
3481-JHUZH,41,1,0,0,80.25,3439.0,83.8780487804878,0
7250-EQKIY,1,1,0,1,50.45,50.45,50.45,1
3594-IVHJZ,2,1,0,1,20.45,42.45,21.225,0
6869-FGJJC,68,1,1,3,79.6,5461.45,80.31544117647059,0
3896-ZVNET,24,1,2,1,24.7,571.75,23.822916666666668,0
8205-VSLRB,70,1,2,3,77.3,5498.2,78.54571428571428,0
5960-MVTUK,3,0,0,0,29.75,96.85,32.28333333333333,0
6817-WTYHE,2,1,0,2,44.9,111.05,55.525,0
3082-VQXNH,3,0,0,3,29.8,94.4,31.46666666666667,0
4013-UBXWQ,7,1,0,0,74.65,521.1,74.44285714285715,1
4931-TRZWN,13,1,0,0,71.95,923.85,71.06538461538462,0
0750-EKNGL,7,1,0,1,20.75,141.1,20.157142857142855,0
7669-LCRSD,12,1,0,1,56.3,628.65,52.387499999999996,0
3567-PQTSO,53,1,1,0,105.25,5576.3,105.21320754716982,0
5519-NPHVG,12,1,0,0,94.2,1046.1,87.175,1
8043-PNYSD,63,1,2,1,19.55,1245.6,19.77142857142857,0
9938-EKRGF,15,1,0,1,84.45,1287.85,85.85666666666665,0
2703-AMTUL,36,1,1,1,53.65,1939.35,53.87083333333333,0
0928-JMXNP,4,0,0,0,29.9,118.25,29.5625,0
8173-RXAYP,24,1,2,1,19.7,452.55,18.85625,0
4825-XJGDM,61,0,1,3,43.7,2696.55,44.205737704918036,0
5402-HTOTQ,16,1,0,0,55.3,875.35,54.709375,0
6734-JDTTV,65,1,2,3,19.85,1267.05,19.493076923076924,0
7850-THJMU,26,1,2,3,19.65,494.9,19.034615384615385,0
3890-RTCMS,16,1,0,1,49.45,799.0,49.9375,0
8849-GYOKR,54,1,1,2,106.55,5763.3,106.72777777777777,1
3148-BLQJT,1,1,0,1,20.1,20.1,20.1,1
3717-FDJFU,5,1,2,1,20.45,106.9,21.380000000000003,0
3665-JATSN,19,0,0,0,39.7,710.05,37.37105263157895,0
7966-YOTQW,10,1,0,3,54.5,568.2,56.82000000000001,0
0461-CVKMU,23,1,0,0,83.8,1900.25,82.6195652173913,1
8806-EAGWC,3,1,0,1,55.15,159.15,53.050000000000004,1
8853-TZDGH,72,1,2,2,111.6,8012.75,111.28819444444444,0
7779-LGOVN,10,1,0,0,86.65,856.65,85.66499999999999,1
4324-BZCKL,10,1,0,1,55.55,551.3,55.129999999999995,0
6924-TDGMT,11,1,1,1,20.55,184.95,16.813636363636363,0
9710-ZUSHQ,37,1,0,2,106.75,4056.75,109.64189189189189,1
1536-YHDOE,17,1,1,1,62.1,1096.65,64.50882352941177,0
8123-QBNAZ,36,1,0,3,104.5,3684.95,102.35972222222222,0
3629-ZNKXA,17,1,0,0,101.8,1752.45,103.08529411764707,0
4827-LTQRJ,66,1,1,3,110.6,7210.85,109.25530303030304,0
7711-YIJWC,61,1,1,2,84.9,5264.5,86.30327868852459,0
5482-VXSXJ,22,1,0,1,93.2,2157.3,98.05909090909091,0
7365-BVCJH,1,0,0,0,24.4,24.4,24.4,0
9620-ENEJV,6,1,0,3,70.55,433.95,72.325,0
4183-WCSEP,31,1,0,0,78.45,2435.15,78.55322580645162,1
2378-YIZKA,68,1,2,3,85.0,5607.75,82.46691176470588,0
5498-TXHLF,34,1,0,0,87.45,2874.15,84.53382352941176,1
0689-DSXGL,52,1,0,2,85.8,4433.3,85.25576923076923,0
6818-DJXAA,10,1,0,0,91.1,964.35,96.435,0
9722-UJOJR,29,1,0,0,70.75,1974.8,68.09655172413792,1
0464-WJTKO,72,1,2,2,20.1,1460.85,20.289583333333333,0
8902-ZEOVF,47,1,1,1,20.05,951.55,20.245744680851065,0
6778-EICRF,24,1,1,1,74.8,1821.2,75.88333333333334,0
2662-NNTDK,65,1,1,3,24.8,1600.95,24.63,0
4132-KALRO,4,1,0,1,100.85,399.25,99.8125,0
3902-FOIGH,12,1,0,0,101.35,1218.55,101.54583333333333,1
6772-KSATR,1,1,0,0,81.7,81.7,81.7,1
7112-OPOTK,33,1,0,0,68.25,2171.15,65.79242424242425,1
2874-YXVVA,34,1,0,0,105.1,3634.8,106.90588235294118,0
1245-HARPS,14,1,2,1,20.4,292.4,20.885714285714283,0
4210-QFJMF,4,1,0,0,79.15,317.25,79.3125,1
4323-ELYYB,13,1,1,1,20.0,218.55,16.81153846153846,0
4293-ETKAP,65,1,2,2,79.4,5071.9,78.02923076923076,0
6064-PUPMC,23,1,1,3,57.2,1423.35,61.88478260869565,0
6504-VBLFL,55,1,2,0,58.6,3068.6,55.79272727272727,0
6322-PJJDJ,49,1,2,0,94.8,4690.65,95.72755102040816,0
0330-BGYZE,60,1,1,2,102.5,6157.6,102.62666666666668,0
1085-LDWAM,69,1,1,3,20.35,1442.65,20.907971014492755,0
7586-ZATGZ,40,1,0,0,84.9,3369.05,84.22625000000001,0
7197-VOJMM,67,1,2,3,69.2,4671.65,69.72611940298506,0
3318-OSATS,35,1,0,0,95.45,3474.05,99.25857142857143,1
5828-AVIPD,19,1,1,0,100.95,1875.55,98.71315789473684,1
1843-TLSGD,13,1,2,1,20.85,272.35,20.950000000000003,0
9626-VFRGG,41,1,0,2,88.5,3645.05,88.90365853658537,0
7075-BNDVQ,4,0,0,1,35.0,135.75,33.9375,0
9143-CANJF,24,1,0,0,55.15,1319.85,54.99375,0
7284-BUYEC,5,0,0,3,50.95,229.4,45.88,0
2041-JIJCI,5,1,0,0,64.0,370.25,74.05,0
1086-LXKFY,1,1,0,1,69.1,69.1,69.1,1
4900-MSOMT,72,1,2,2,80.2,5714.2,79.36388888888888,0
2229-VWQJH,24,1,0,3,49.3,1233.25,51.385416666666664,0
9194-GFVOI,42,1,2,3,84.35,3571.6,85.03809523809524,0
1336-EZFZY,4,1,0,1,20.05,83.3,20.825,0
4282-MSACW,68,1,1,3,117.2,8035.95,118.17573529411764,0
1403-LKLIK,33,1,1,1,20.1,579.4,17.55757575757576,0
2636-ALXXZ,1,1,0,0,69.6,69.6,69.6,1
7774-OJSXI,31,1,1,0,103.45,3066.45,98.91774193548386,1
7786-WBJYI,4,1,0,2,77.95,305.55,76.3875,1
0136-IFMYD,69,1,2,0,109.95,7634.25,110.6413043478261,0
5144-TVGLP,38,1,0,0,94.75,3653.0,96.13157894736842,0
9643-AVVWI,3,1,0,0,80.0,241.3,80.43333333333334,0
0253-ZTEOB,48,1,2,0,79.65,3870.3,80.63125000000001,0
2706-QZIHY,15,1,2,1,25.2,387.9,25.86,0
6061-PQHMK,25,1,1,3,19.9,527.5,21.1,0
9885-CSMWE,1,1,0,0,78.45,78.45,78.45,1
6137-MFAJN,48,0,0,0,44.8,2104.55,43.84479166666667,0
9122-UMROB,1,1,0,1,20.3,20.3,20.3,0
4232-JGKIY,1,1,0,0,19.2,19.2,19.2,0
2402-TAIRZ,37,1,1,0,80.05,3019.1,81.59729729729729,0
9659-ZTWSM,66,1,1,2,107.35,7051.95,106.84772727272727,0
9139-TWBAS,26,0,1,2,47.85,1190.5,45.78846153846154,0
6685-GBWJZ,63,1,1,3,70.8,4448.8,70.61587301587302,0
5016-ETTFF,10,0,0,1,29.5,255.25,25.525,1
3866-MDTUB,2,1,0,0,70.75,146.9,73.45,1
2195-VVRJF,18,1,0,3,59.1,1011.05,56.169444444444444,0
3913-RDSJZ,64,1,2,1,25.55,1714.95,26.79609375,0
8058-JMEQO,9,1,0,0,84.45,762.5,84.72222222222223,1
4203-QGNZA,28,1,0,1,20.25,535.35,19.119642857142857,0
5043-TRZWM,1,1,0,0,75.55,75.55,75.55,0
0697-ZMSWS,4,1,0,0,85.65,338.9,84.725,1
7657-DYEPJ,38,1,1,3,70.15,2497.35,65.71973684210526,1
9494-BDNNC,66,1,1,0,95.3,6273.4,95.05151515151515,0
1640-PLFMP,1,1,0,0,70.25,70.25,70.25,0
5366-OBVMR,18,1,0,1,50.3,908.75,50.486111111111114,0
8276-MQBYC,51,1,0,0,97.8,4913.3,96.33921568627451,1
7593-XFKDI,1,1,0,1,46.3,46.3,46.3,1
4573-JKNAE,12,1,2,2,19.35,212.3,17.691666666666666,0
0337-CNPZE,41,1,0,0,106.3,4443.45,108.37682926829268,1
9817-APLHW,12,1,0,0,25.0,316.2,26.349999999999998,0
8380-MQINP,55,1,2,1,20.3,1079.05,19.619090909090907,0
0840-DFEZH,7,1,0,0,75.35,564.65,80.66428571428571,0
1513-XNPPH,12,1,0,0,89.4,1095.65,91.30416666666667,1
8690-ZVLCL,68,1,2,3,88.0,6161.9,90.61617647058823,0
6015-VVHHE,5,1,0,3,83.15,446.05,89.21000000000001,1
1125-SNVCK,49,1,0,1,43.8,2106.05,42.98061224489796,0
0384-LPITE,40,0,1,3,62.05,2511.55,62.78875000000001,0
4616-EWBNJ,16,1,1,2,20.1,318.6,19.9125,0
6347-DCUIK,10,1,0,1,74.15,811.8,81.17999999999999,1
1335-HQMKX,72,1,1,0,101.35,7323.15,101.71041666666666,0
2545-EBUPK,2,1,0,0,84.05,186.05,93.025,0
6923-AQONU,23,1,2,1,20.9,454.0,19.73913043478261,0
2172-EJXVF,71,1,1,0,105.9,7521.95,105.94295774647887,0
0897-FEGMU,11,1,0,0,99.5,1056.95,96.08636363636364,1
7663-RGWBC,1,1,0,1,44.15,44.15,44.15,1
1120-BMWUB,16,1,0,1,53.9,834.15,52.134375,1
9124-LHCJQ,1,1,0,1,85.45,85.45,85.45,1
4536-PLEQY,12,1,0,3,85.05,999.8,83.31666666666666,0
7029-IJEJK,54,0,1,2,44.1,2369.7,43.88333333333333,0
8871-JLMHM,68,1,2,3,90.2,6297.65,92.6125,0
2235-ZGKPT,4,1,0,1,50.85,239.55,59.8875,1
3891-PUQOD,1,1,0,0,59.2,59.2,59.2,1
5447-VYTKW,27,1,0,1,53.45,1461.45,54.12777777777778,0
3623-FQBOX,21,1,0,1,19.95,416.4,19.82857142857143,0
0689-NKYLF,13,1,0,0,83.2,1060.6,81.58461538461538,1
8659-HDIYE,64,1,0,3,74.65,4869.35,76.08359375,0
3658-KIBGF,1,1,0,0,54.9,54.9,54.9,1
3474-BAFSJ,57,0,2,2,57.5,3265.95,57.29736842105263,0
5519-YLDGW,21,1,0,0,103.9,2254.2,107.34285714285713,1
3865-ZFZIB,19,1,2,1,19.65,358.15,18.849999999999998,0
1855-AGAWH,31,1,1,0,93.8,2939.8,94.83225806451614,0
7109-CQYUZ,52,1,2,1,89.25,4652.4,89.46923076923076,0
1370-GGAWX,46,1,1,0,94.15,4408.45,95.8358695652174,0
4680-KUTAJ,11,1,0,0,55.6,580.8,52.8,0
5307-UVGNB,53,0,0,2,48.7,2495.2,47.079245283018864,0
4946-EDSEW,11,1,0,1,19.25,180.3,16.39090909090909,1
2883-ILGWO,57,1,0,2,104.9,5913.95,103.75350877192982,0
2516-VQRRV,2,1,0,1,75.45,158.4,79.2,1
7580-UGXNC,2,1,0,1,54.85,104.2,52.1,1
3642-BYHDO,71,1,2,2,19.9,1389.35,19.56830985915493,0
9629-NHXFW,1,1,0,1,19.4,19.4,19.4,0
2696-RZVZW,68,1,2,3,25.05,1629.2,23.958823529411767,0
5766-FTRTS,72,1,2,1,84.45,6033.1,83.79305555555555,0
0396-HUJBP,2,1,0,1,19.3,44.4,22.2,0
5178-LMXOP,1,1,0,0,95.1,95.1,95.1,1
8879-ZKJOF,41,1,1,2,79.85,3320.75,80.9939024390244,0
6285-FTQBF,72,1,2,3,25.55,1867.7,25.94027777777778,0
8185-UPYBR,6,1,0,0,75.5,438.0,73.0,1
4585-HETAI,4,1,0,0,73.75,325.45,81.3625,1
7526-BEZQB,12,1,0,0,96.05,1148.1,95.675,1
1474-JUWSM,58,1,1,0,68.4,3972.25,68.48706896551724,0
3530-CRZSB,7,1,0,1,20.65,155.9,22.271428571428572,0
8498-XXGWA,65,1,0,1,55.15,3673.15,56.51,0
9617-INGJY,1,1,0,1,70.6,70.6,70.6,0
0621-TSSMU,56,1,1,3,19.95,1126.75,20.120535714285715,0
7234-KMNRQ,4,1,0,1,19.0,73.45,18.3625,0
7636-PEPNS,58,1,1,1,44.1,2413.05,41.60431034482759,0
4683-WYDOU,62,1,2,2,107.6,6912.7,111.49516129032257,0
9052-DHNKM,26,1,1,0,61.55,1581.95,60.84423076923077,0
6794-HKIAJ,62,1,0,2,90.7,5586.45,90.1040322580645,0
5578-NKCXI,58,1,1,3,99.25,5846.65,100.80431034482758,0
1642-HMARX,68,1,2,0,91.7,6424.7,94.48088235294118,0
3096-WPXBT,61,1,1,3,100.7,6018.65,98.66639344262295,0
8434-PNQZX,42,1,2,3,78.45,3373.4,80.31904761904762,0
5950-AAAGJ,18,1,0,2,84.3,1537.9,85.4388888888889,0
4299-OPXEJ,56,1,2,2,19.55,1080.55,19.295535714285712,0
4951-UKAAQ,4,1,0,0,88.95,355.2,88.8,1
9618-LFJRU,4,1,0,3,20.45,82.85,20.7125,0
6693-DJWTY,35,1,1,3,55.6,2016.45,57.612857142857145,0
0744-GKNGE,64,1,0,2,86.8,5327.25,83.23828125,0
6447-EGDIV,31,1,1,1,20.95,683.25,22.04032258064516,0
1167-OYZJF,67,1,2,2,20.05,1263.05,18.851492537313433,0
2108-YKQTY,4,1,0,3,50.7,151.3,37.825,1
4806-DXQCE,70,1,2,0,113.65,7714.65,110.20928571428571,0
4918-QLLIW,3,1,0,3,53.4,188.7,62.9,1
7056-IMHCC,53,1,0,0,101.9,5549.4,104.70566037735848,1
4854-SSLTN,2,1,2,1,59.5,130.5,65.25,0
5294-DMSFH,29,1,0,3,87.8,2621.75,90.40517241379311,0
4837-PZTIC,47,0,2,1,41.9,1875.25,39.898936170212764,0
1625-JAIIY,68,1,1,0,83.0,5685.8,83.61470588235295,1
0603-OLQDC,12,1,0,1,69.85,837.5,69.79166666666667,0
3272-VUHPV,8,1,0,2,56.3,401.5,50.1875,0
4176-FXYBO,54,1,0,0,109.55,6118.95,113.31388888888888,0
1063-DHQJF,69,1,2,1,92.15,6480.9,93.92608695652173,0
8663-UPDGF,26,1,0,2,69.5,1800.05,69.2326923076923,0
6719-FGEDO,72,1,2,2,97.0,7104.2,98.66944444444444,0
1837-YQUCE,70,0,2,2,58.35,4214.25,60.20357142857143,0
2947-DOMLJ,1,1,0,1,50.6,50.6,50.6,1
4112-LUEIZ,10,1,0,0,89.5,863.1,86.31,1
0369-ZGOVK,28,1,1,2,70.4,1992.2,71.15,0
4510-HIMLV,1,1,0,0,69.8,69.8,69.8,1
9919-KNPOO,21,1,0,0,94.3,1948.35,92.77857142857142,0
8749-JMNKX,51,1,0,2,93.8,4750.95,93.15588235294118,1
7872-BAAZR,53,1,1,2,19.55,1007.9,19.016981132075472,0
9391-LMANN,53,1,1,0,95.95,5036.9,95.03584905660377,0
2430-USGXP,24,1,0,0,101.05,2391.8,99.65833333333335,1
8174-TBVCF,70,1,2,3,94.8,6859.05,97.98642857142858,0
1698-XFZCI,61,1,1,0,107.75,6521.9,106.91639344262295,0
1877-HKBQX,11,1,1,1,54.6,617.85,56.16818181818182,0
4450-DLLMH,2,1,0,3,71.3,157.75,78.875,0
0428-AXXLJ,25,1,1,2,19.5,516.3,20.651999999999997,0
2746-DIJLO,41,1,1,3,56.3,2364.0,57.65853658536585,0
5955-ERIHD,18,1,0,0,94.7,1687.95,93.775,1
0917-EZOLA,72,1,2,2,104.15,7689.95,106.80486111111111,1
3508-VLHCZ,71,1,2,3,90.55,6239.05,87.87394366197184,0
4086-ATNFV,34,1,1,1,60.8,2042.05,60.06029411764706,0
0468-YRPXN,29,1,0,3,98.8,2807.1,96.79655172413793,0
5996-NRVXR,40,1,1,3,98.15,4116.8,102.92,0
3739-YBWAB,36,0,1,1,35.35,1317.95,36.609722222222224,0
7047-FWEYA,46,1,1,0,103.15,4594.65,99.8836956521739,0
2000-MPKCA,58,1,1,0,107.75,6332.75,109.1853448275862,0
9762-YAQAA,39,1,1,3,81.4,3213.75,82.40384615384616,0
5949-EBSQK,4,1,0,3,61.45,229.55,57.3875,1
5473-KHBPS,52,1,1,3,95.7,4976.15,95.6951923076923,0
0100-DUVFC,70,1,1,0,104.8,7308.95,104.41357142857143,0
5397-TUPSH,65,1,1,2,70.95,4555.2,70.08,0
8950-MTZNV,1,1,0,1,44.95,44.95,44.95,0
0326-VDYXE,70,1,1,0,97.65,6982.5,99.75,0
6773-LQTVT,29,0,0,1,35.65,1025.15,35.35,0
7274-RTAPZ,1,1,0,0,90.55,90.55,90.55,1
0436-TWFFZ,67,1,2,1,85.25,5714.2,85.2865671641791,0
8566-YPRGL,1,1,0,1,19.5,19.5,19.5,0
0311-UNPFF,26,1,0,2,88.8,2274.35,87.475,1
6609-MXJHJ,30,1,2,1,25.1,789.55,26.31833333333333,0
2669-OIDSD,48,1,0,3,100.05,4834.0,100.70833333333333,0
8400-WZICQ,55,1,0,0,55.7,3131.8,56.941818181818185,0
3834-XUIFC,7,1,0,1,85.2,602.55,86.07857142857142,1
9576-SYUHJ,37,1,0,0,91.15,3369.25,91.0608108108108,0
0410-IPFTY,31,1,0,2,83.85,2674.15,86.26290322580645,0
2831-EBWRN,4,1,0,0,45.9,199.75,49.9375,0
9430-NKQLY,72,1,2,3,25.1,1790.8,24.87222222222222,0
8414-MYSHR,5,1,0,0,91.4,449.75,89.95,1
0247-SLUJI,1,1,0,1,19.7,19.7,19.7,0
9402-ORRAH,15,1,0,0,91.5,1400.3,93.35333333333332,0
6483-OATDN,8,1,0,3,51.3,411.6,51.45,0
1293-HHSHJ,35,1,1,1,21.1,741.0,21.17142857142857,0
4840-ORQXB,56,1,0,0,104.75,5841.35,104.30982142857144,0
7599-FKVXZ,42,1,0,2,106.15,4512.7,107.4452380952381,1
3982-DQLUS,65,1,0,0,85.75,5688.45,87.51461538461538,0
8610-ZIKJJ,2,1,1,1,20.3,31.9,15.95,0
3756-VNWDH,65,1,1,0,100.75,6674.65,102.68692307692307,0
7801-KICAO,18,1,0,0,74.15,1345.75,74.76388888888889,0
7673-LPRNY,23,1,1,0,78.55,1843.05,80.13260869565217,0
8229-TNIQA,4,1,0,1,45.3,196.95,49.2375,1
6060-QBMGV,70,1,2,3,19.85,1433.8,20.482857142857142,0
7339-POGZN,4,1,0,0,50.7,214.55,53.6375,0
2828-SLQPF,19,1,0,2,45.0,865.85,45.57105263157895,0
4465-VDKIQ,18,1,0,0,77.8,1358.6,75.47777777777777,0
2921-XWDJH,38,1,0,0,83.45,3147.15,82.81973684210527,0
6221-AVQYL,2,1,0,3,73.25,131.05,65.525,1
2558-BUOZZ,47,1,1,2,94.8,4535.85,96.50744680851065,0
9257-AZMTZ,52,1,2,2,20.1,1078.75,20.745192307692307,0
0003-MKNFE,9,1,0,1,59.9,542.4,60.266666666666666,0
0975-UYDTX,26,1,1,3,90.1,2312.55,88.94423076923077,0
7743-EXURX,8,1,0,0,51.05,415.05,51.88125,1
4682-BLBUC,44,1,1,0,70.95,3250.45,73.87386363636364,0
0975-VOOVL,3,0,0,1,29.2,98.5,32.833333333333336,0
5968-VXZLG,2,1,0,2,46.6,87.9,43.95,0
5569-KGJHX,9,1,0,2,85.35,754.65,83.85,1
4988-IQIGL,1,1,0,0,75.35,75.35,75.35,1
5201-FRKKS,25,1,0,2,74.3,1952.25,78.09,0
9799-CAYJJ,2,1,0,0,69.3,153.8,76.9,0
7730-IUTDZ,43,1,0,0,75.2,3198.6,74.38604651162791,1
0426-TIRNE,1,1,0,1,20.9,20.9,20.9,1
5443-SCMKX,58,1,1,0,94.3,5610.15,96.72672413793103,0
8295-KMENE,59,1,2,1,76.45,4519.5,76.60169491525424,0
6738-ISCBM,44,0,1,0,54.0,2440.25,55.46022727272727,0
9821-BESNZ,66,1,1,0,104.25,6860.6,103.94848484848485,0
3678-MNGZX,68,1,2,2,19.95,1377.7,20.26029411764706,0
1335-NTIUC,9,0,0,0,24.95,190.25,21.13888888888889,0
2916-BQZLN,19,1,0,0,84.75,1651.95,86.94473684210527,0
4558-CGYCZ,4,1,0,1,19.75,78.3,19.575,0
2368-GAKKQ,70,1,2,2,113.65,7939.25,113.41785714285714,0
8710-YGLWG,1,1,0,1,44.9,44.9,44.9,0
3199-XGZCY,8,1,0,0,75.25,576.7,72.0875,0
3785-KTYSH,53,1,2,1,24.6,1279.0,24.132075471698112,0
6814-ZPWFQ,51,1,1,2,25.0,1260.7,24.719607843137254,0
4063-EIKNQ,11,1,0,2,20.95,267.35,24.30454545454546,0
6993-YCOBK,60,1,2,0,110.6,6586.85,109.78083333333333,0
5206-HPJKM,17,1,0,3,55.5,934.15,54.949999999999996,0
7587-RZNME,3,1,0,0,43.3,123.65,41.21666666666667,1
0748-RDGGM,70,1,1,2,109.5,7534.65,107.63785714285714,1
8393-JMVMB,1,1,0,1,19.45,19.45,19.45,0
5019-GQVCR,43,1,0,0,84.85,3645.6,84.78139534883721,0
6036-TTFYU,16,1,0,1,19.6,314.45,19.653125,0
2550-AEVRU,57,1,1,0,53.45,3053.0,53.56140350877193,0
0969-RGKCU,37,1,1,3,19.8,677.05,18.298648648648648,0
0378-CJKPV,72,1,2,3,112.1,7965.95,110.63819444444444,0
4706-AXVKM,11,1,0,3,84.8,906.85,82.44090909090909,1
5889-JTMUL,50,1,0,0,95.05,4888.7,97.774,1
9026-RNUJS,5,1,0,0,50.35,237.25,47.45,1
3746-EUBYR,1,1,0,2,74.6,74.6,74.6,1
2332-EFBJY,16,1,0,1,19.7,342.4,21.4,1
2880-FPNAE,2,1,0,0,74.2,140.1,70.05,0
1703-MGIAB,17,1,0,1,69.0,1108.0,65.17647058823529,0
4311-QTTAI,16,1,1,3,19.35,295.55,18.471875,0
9474-PHLYD,15,1,0,0,59.45,892.65,59.51,1
4318-RAJVY,10,1,1,1,19.8,198.25,19.825,0
2165-VOEGB,46,1,1,2,105.2,4822.85,104.8445652173913,1
3612-YUNGG,64,1,2,3,109.2,6741.15,105.33046875,0
2254-DLXRI,1,1,0,1,79.15,79.15,79.15,0
5062-CJJKH,25,1,1,1,53.65,1355.45,54.218,0
9028-LIHRP,71,1,2,3,100.2,7209.0,101.53521126760563,0
2219-MVUSO,8,1,0,1,45.15,438.4,54.8,1
1053-MXTTK,72,1,2,2,108.65,7726.35,107.31041666666667,0
1530-ZTDOZ,49,0,0,2,40.65,2070.75,42.26020408163265,0
1301-LOPVR,29,0,1,3,55.35,1636.95,56.44655172413793,0
0853-TWRVK,72,1,2,2,105.6,7581.5,105.29861111111111,0
8914-RBTSB,31,1,0,0,93.8,3019.5,97.40322580645162,1
6212-ATMLK,50,1,0,0,95.7,4729.75,94.595,0
8200-LGKSR,71,1,2,0,83.2,6126.1,86.2830985915493,0
1568-BEKZM,70,1,2,3,90.05,6333.4,90.47714285714285,0
0670-ANMUU,71,1,1,3,97.65,6687.85,94.19507042253521,0
6897-RWMUB,61,1,2,2,68.05,4158.25,68.16803278688525,0
0963-ZBDRN,32,1,0,0,96.2,3183.4,99.48125,1
7594-RQHXR,1,1,0,0,79.6,79.6,79.6,1
6999-CHVCF,68,1,2,2,102.1,7149.35,105.1375,0
6134-KWTBV,62,1,2,2,23.4,1429.65,23.058870967741935,0
1077-HUUJM,7,1,0,0,71.05,472.65,67.52142857142857,0
6331-EWIEB,20,1,0,0,85.25,1734.5,86.725,1
0895-LNKRC,6,1,1,1,19.45,113.5,18.916666666666668,0
2045-BMBTJ,33,0,0,2,59.45,1884.65,57.11060606060607,0
8417-GSODA,28,1,1,2,92.2,2568.15,91.71964285714286,0
5171-EPLKN,27,1,2,3,19.85,470.0,17.40740740740741,0
4452-QIIEB,7,1,0,1,43.9,278.4,39.771428571428565,0
5998-VVEJY,26,1,0,0,80.5,2088.8,80.33846153846154,1
1624-NALOJ,5,1,0,0,89.8,502.6,100.52000000000001,1
6741-EGCBI,30,1,0,3,90.5,2595.85,86.52833333333334,0
7820-ZYGNY,63,1,1,3,90.45,5825.5,92.46825396825396,0
4317-VTEOA,1,1,0,0,50.75,50.75,50.75,1
9677-AVKED,53,1,1,0,84.6,4449.75,83.95754716981132,0
1670-SVOWZ,14,1,0,3,89.65,1208.35,86.31071428571428,1
2227-JRSJX,21,1,0,2,99.15,1956.4,93.16190476190476,0
9847-HNVGP,17,1,1,1,19.95,310.6,18.27058823529412,0
6696-YDAYZ,16,1,2,1,20.5,290.55,18.159375,0
8980-WQFWL,35,1,0,0,62.1,2096.1,59.888571428571424,0
1730-ZMAME,32,1,0,0,79.5,2665.0,83.28125,0
6506-EYCNH,28,1,0,2,19.55,543.8,19.42142857142857,0
4634-JLRJT,1,1,0,1,20.35,20.35,20.35,0
9501-UKKNL,59,0,0,0,51.7,3005.8,50.94576271186441,0
2560-QTSBS,72,1,1,2,23.3,1623.15,22.543750000000003,0
7541-YLXCL,36,1,1,1,65.4,2498.4,69.4,1
4795-WRNVT,40,1,0,1,65.1,2586.0,64.65,0
6080-TCMYC,40,1,0,0,81.2,3292.3,82.3075,0
0260-ZDLGK,9,1,0,1,72.9,651.4,72.37777777777778,1
7860-UXCRM,63,1,2,3,74.5,4674.55,74.19920634920635,0
6357-JJPQT,3,1,0,0,80.5,232.35,77.45,0
2292-XQWSV,40,0,1,1,60.3,2448.5,61.2125,0
9552-TGUZV,8,1,0,1,75.0,658.1,82.2625,0
5913-INRQV,34,1,1,1,90.15,3128.8,92.02352941176471,0
8722-NGNBH,5,0,0,1,40.0,223.45,44.69,1
6210-KBBPI,9,1,0,3,99.45,919.4,102.15555555555555,1
9643-YBLUR,9,1,0,3,69.05,653.95,72.66111111111111,0
8734-FNWVH,31,1,0,2,59.7,1825.5,58.88709677419355,0
9447-YPTBX,50,1,1,2,19.85,943.1,18.862000000000002,0
0133-BMFZO,2,1,0,0,86.25,181.65,90.825,1
6128-CZOMY,1,1,0,0,45.65,45.65,45.65,1
9540-JYROE,8,1,0,1,70.1,551.35,68.91875,1
9026-LHEVG,9,0,0,0,40.75,359.4,39.93333333333333,0
2260-USTRB,2,1,0,2,70.2,115.95,57.975,1
3656-TKRVZ,3,1,0,0,55.35,165.2,55.06666666666666,1
7011-CVEUC,25,1,0,3,95.7,2338.35,93.53399999999999,0
6185-TASNN,1,1,0,0,46.3,46.3,46.3,0
7925-PNRGI,45,1,0,1,81.3,3541.1,78.69111111111111,0
8623-TMRBY,51,1,0,0,84.2,4146.05,81.29509803921569,1
1552-CZCLL,55,1,0,3,20.0,1087.25,19.76818181818182,0
3038-PQIUY,38,1,0,2,66.15,2522.4,66.37894736842105,0
1501-SGHBW,2,1,0,1,45.85,81.0,40.5,1
9313-CDOGY,38,1,0,0,19.6,717.3,18.876315789473683,0
8148-BPLZQ,34,1,0,0,49.8,1734.2,51.00588235294118,0
2623-DRYAM,70,1,1,0,101.75,7069.3,100.99000000000001,0
9987-LUTYD,13,1,1,1,55.15,742.9,57.146153846153844,0
3208-YPIOE,39,1,0,0,75.25,3017.65,77.37564102564103,1
4488-KQFDT,61,1,1,0,103.95,6423.0,105.29508196721312,0
2612-RANWT,12,1,0,2,100.15,1164.3,97.02499999999999,1
5693-PIPCS,41,1,2,3,99.65,4220.35,102.93536585365854,0
0491-KAPQG,21,1,0,0,73.7,1558.7,74.22380952380952,0
1925-LFCZZ,55,0,1,2,50.05,2743.45,49.880909090909086,0
8039-EQPIM,69,0,2,2,60.25,4055.5,58.77536231884058,0
6900-PXRMS,26,1,0,0,105.75,2710.25,104.24038461538461,1
8707-RMEZH,69,1,1,3,87.3,6055.55,87.76159420289855,0
3346-BRMIS,18,0,0,0,48.35,810.7,45.03888888888889,1
3209-ZPKFI,47,1,0,0,54.25,2538.2,54.00425531914893,0
6479-VDGRK,72,1,2,2,85.3,6129.2,85.12777777777778,0
9373-WSLOY,33,0,0,0,50.0,1750.85,53.056060606060605,0
2933-FILNV,2,0,0,1,24.4,36.55,18.275,1
3569-JFODW,72,1,2,3,90.95,6652.45,92.39513888888888,0
9819-FBNSV,37,1,0,2,72.25,2575.45,69.60675675675675,0
9544-PYPSJ,62,1,0,3,96.1,6019.35,97.08629032258065,0
1591-XWLGB,71,1,2,3,19.85,1379.6,19.430985915492958,0
0396-UKGAI,23,1,0,2,55.3,1284.2,55.834782608695654,0
3243-ZHOHY,16,1,1,1,20.1,296.15,18.509375,0
5186-EJEGL,9,1,0,1,69.5,653.25,72.58333333333333,0
7527-QNRUS,17,1,2,1,25.15,412.6,24.27058823529412,0
9986-BONCE,4,1,0,2,20.95,85.5,21.375,1
2722-JMONI,1,1,0,0,49.55,49.55,49.55,1
2203-GHNWN,24,1,0,1,79.65,1928.7,80.3625,0
3878-AVSOQ,1,1,0,0,71.25,71.25,71.25,0
3258-SYSWS,72,1,2,2,113.8,7845.8,108.96944444444445,0
5296-PSYVW,72,1,2,0,24.55,1750.7,24.31527777777778,0
6319-QSUSR,11,1,0,3,19.7,216.2,19.654545454545453,0
4083-EUGRJ,9,1,0,1,20.25,178.5,19.833333333333332,1
7579-OOPEC,2,1,0,3,50.15,115.1,57.55,1
0512-FLFDW,60,1,1,3,100.5,6029.0,100.48333333333333,0
1771-OADNZ,29,1,0,0,95.9,2745.2,94.66206896551724,1
0487-CRLZF,49,1,2,2,74.45,3721.9,75.95714285714286,0
2107-FBPTK,30,1,0,0,104.1,3121.1,104.03666666666666,0
9451-WLYRI,53,1,1,3,19.05,990.45,18.687735849056605,0
8219-VYBVI,39,1,2,1,25.0,1004.35,25.752564102564104,0
1991-VOPLL,9,1,0,1,19.05,157.65,17.516666666666666,0
9738-QLWTP,39,1,1,0,81.9,3219.75,82.5576923076923,0
1016-DJTSV,8,1,0,0,69.7,572.85,71.60625,0
9419-IPPBE,51,1,1,0,90.15,4554.85,89.31078431372549,0
0174-QRVVY,71,1,2,3,25.35,1847.55,26.021830985915493,0
5699-BNCAS,71,1,2,1,24.65,1766.75,24.883802816901408,0
2900-PHPLN,70,1,2,3,19.55,1462.05,20.88642857142857,0
0612-RTZZA,1,0,0,0,25.25,25.25,25.25,1
8106-GWQOK,38,0,2,2,60.0,2193.2,57.715789473684204,0
8751-EDEKA,28,1,0,3,89.9,2433.5,86.91071428571429,0
6878-GGDWG,32,1,0,2,19.4,641.15,20.0359375,0
4039-PIMHX,49,1,2,1,49.8,2398.4,48.946938775510205,0
8450-LUGUK,37,1,2,2,24.1,861.85,23.293243243243243,0
3604-WLABM,10,1,0,0,54.25,583.0,58.3,0
0795-GMVQO,67,1,1,3,109.9,7332.4,109.43880597014925,0
2259-OUUSZ,7,0,1,3,35.5,249.55,35.65,0
1142-IHLOO,51,1,1,3,87.55,4475.9,87.7627450980392,0
6410-LEFEN,9,1,0,0,45.15,416.45,46.27222222222222,1
4633-MKHYU,9,1,0,1,88.4,788.6,87.62222222222222,0
6257-RJOHI,4,1,0,1,50.8,202.3,50.575,0
1545-JFUML,71,1,2,0,99.0,6994.6,98.51549295774649,0
3194-ORPIK,50,1,0,2,84.4,4116.15,82.323,1
7826-VVKWT,24,1,2,0,96.55,2263.45,94.31041666666665,0
1353-GHZOS,22,1,1,2,59.75,1374.35,62.470454545454544,0
2587-EKXTS,44,1,0,0,111.5,4915.15,111.70795454545454,0
5442-BXVND,33,1,0,2,24.25,838.5,25.40909090909091,0
8816-VXNZD,1,1,0,0,75.1,75.1,75.1,1
9378-FXTIZ,54,1,1,3,70.15,3715.65,68.80833333333334,1
1723-HKXJQ,42,1,0,0,101.75,4273.45,101.74880952380951,1
7825-GKXMW,1,1,0,0,45.8,45.8,45.8,1
9753-OYLBX,1,1,0,1,20.5,20.5,20.5,0
2364-UFROM,30,1,1,0,70.4,2044.75,68.15833333333333,0
6656-JWRQX,1,0,0,1,30.55,30.55,30.55,0
6473-ULUHT,16,1,0,0,84.9,1398.25,87.390625,0
1240-KNSEZ,1,1,0,1,20.1,20.1,20.1,1
0836-SEYLU,9,0,0,1,40.65,328.95,36.55,1
4433-JCGCG,46,1,0,0,101.0,4680.05,101.74021739130436,1
3716-BDVDB,1,1,0,0,69.1,69.1,69.1,1
7688-AWMDX,71,1,2,2,54.5,3778.2,53.21408450704225,0
2842-BCQGE,43,1,0,3,75.35,3161.4,73.52093023255814,0
7244-QWYHG,50,0,1,2,44.45,2188.45,43.769,0
5899-MQZZL,13,1,0,1,75.0,999.45,76.88076923076923,1
6849-OYAMU,19,1,1,2,100.0,1888.65,99.40263157894738,1
5312-UXESG,41,1,0,2,98.05,3990.6,97.33170731707317,0
9488-HGMJH,1,1,0,0,71.15,71.15,71.15,1
6038-GCYEC,24,0,0,3,54.15,1240.25,51.677083333333336,1
2150-WLKUW,40,1,1,2,63.9,2635.0,65.875,0
7159-FVYPK,3,1,0,2,69.15,235.0,78.33333333333333,0
7032-LMBHI,37,1,1,2,64.65,2347.85,63.4554054054054,0
1150-WFARN,67,1,2,3,108.75,7156.2,106.80895522388059,1
6088-BXMRG,32,1,0,0,98.85,3089.6,96.55,0
3144-AUDBS,6,1,0,0,49.15,270.8,45.13333333333333,1
4821-SJHJV,32,1,0,0,89.6,2901.8,90.68125,0
7346-MEDWM,59,1,0,0,83.25,4949.1,83.88305084745764,0
1137-DGOWI,30,1,1,2,70.25,2198.9,73.29666666666667,0
5616-PRTNT,20,1,0,0,19.4,374.5,18.725,1
3812-LRZIR,27,1,2,0,24.5,761.95,28.22037037037037,0
4818-QIUFN,20,1,0,0,79.15,1520.9,76.045,1
9483-GCPWE,9,1,1,1,20.1,190.25,21.13888888888889,0
4227-OJHAL,68,1,1,3,73.0,5163.0,75.92647058823529,0
9220-CXRSC,69,1,2,3,61.4,4059.85,58.83840579710145,0
4993-JCRGJ,26,1,0,1,84.3,2281.6,87.75384615384615,0
9537-JALFH,69,1,2,2,19.9,1356.7,19.66231884057971,0
6698-OXETB,11,1,2,1,20.4,231.45,21.04090909090909,0
2103-ZRXFN,1,1,0,1,50.75,50.75,50.75,0
3724-BSCVH,10,1,1,1,20.45,242.4,24.240000000000002,0
4877-TSOFF,55,1,1,2,75.75,4264.25,77.53181818181818,0
9209-NWPGU,44,1,1,0,65.4,2774.55,63.05795454545455,0
6961-VCPMC,46,1,0,0,80.4,3605.2,78.37391304347825,1
7306-YDSOI,69,1,2,2,59.75,4069.9,58.984057971014494,0
5288-AHOUP,11,1,0,0,78.5,874.2,79.47272727272728,0
6688-UZPWD,11,1,0,0,102.0,1145.35,104.12272727272726,1
0655-YDGFJ,29,1,0,2,48.95,1323.7,45.6448275862069,0
8468-EHYJA,57,1,0,0,99.65,5497.05,96.43947368421053,0
6823-SIDFQ,28,1,1,3,18.25,534.7,19.09642857142857,0
1097-FSPVW,42,1,0,3,54.55,2455.05,58.453571428571436,0
2839-RFSQE,2,1,0,1,20.65,38.7,19.35,1
8328-SKJNO,23,0,1,2,40.65,947.4,41.19130434782608,0
7010-ZMVBF,18,1,0,1,20.45,357.0,19.833333333333332,0
5201-CBWYG,62,1,1,2,24.8,1476.25,23.81048387096774,0
0968-GSIKN,1,1,0,1,70.8,70.8,70.8,1
1965-DDBWU,16,1,0,3,89.05,1448.6,90.5375,1
9057-SIHCH,3,1,0,0,96.6,291.9,97.3,1
6352-GIGGQ,67,1,1,2,88.8,5903.15,88.10671641791045,0
3635-QQRQD,62,1,2,3,20.05,1201.65,19.381451612903227,0
6771-XWBDM,57,1,0,3,104.5,5921.35,103.88333333333334,1
2897-DOVND,2,1,0,0,69.8,146.65,73.325,0
3082-YVEKW,23,1,2,2,77.15,1759.4,76.49565217391304,0
0191-EQUUH,25,0,2,2,35.05,844.45,33.778,0
7134-HBPBS,72,1,2,2,108.1,7774.05,107.97291666666666,0
3489-HHPFY,2,1,0,0,84.05,134.05,67.025,0
2926-JEJJC,8,1,1,2,20.2,140.95,17.61875,0
8601-QACRS,5,1,0,1,50.6,249.95,49.989999999999995,1
4950-BDEUX,35,0,0,0,49.2,1701.65,48.61857142857143,0
5789-LDFXO,24,1,1,0,24.6,592.65,24.693749999999998,0
0508-OOLTO,2,1,0,0,71.65,135.75,67.875,0
2984-TBYKU,72,1,2,3,104.9,7732.65,107.39791666666666,0
9822-WMWVG,41,1,0,0,106.5,4282.4,104.44878048780487,0
2391-SOORI,4,1,0,0,49.35,219.65,54.9125,1
9040-KZVWO,26,1,1,2,75.5,2018.1,77.61923076923077,0
2645-QTLMB,7,1,0,0,94.25,669.0,95.57142857142857,1
4806-HIPDW,1,1,0,0,68.95,68.95,68.95,1
1548-ARAGG,4,1,0,1,58.5,224.85,56.2125,0
6339-RZCBJ,48,1,2,3,78.9,3771.5,78.57291666666667,0
4424-TKOPW,2,1,0,0,93.85,196.75,98.375,1
4415-WNGVR,12,1,1,0,79.2,943.85,78.65416666666667,0
2522-AHJXR,60,1,0,2,109.45,6572.85,109.5475,0
0412-UCCNP,55,1,2,0,59.2,3175.85,57.74272727272727,0
1816-FLZDK,1,0,0,1,29.15,29.15,29.15,0
7096-UCLNH,1,1,0,1,20.05,20.05,20.05,0
8443-ZRDBZ,4,1,0,0,76.05,318.9,79.725,1
9136-ALYBR,1,0,0,1,24.45,24.45,24.45,1
4615-PIVVU,42,1,2,3,66.5,2762.75,65.7797619047619,0
8885-QSQBX,1,1,0,2,49.55,49.55,49.55,0
7479-NITWS,7,1,0,3,89.35,631.85,90.26428571428572,1
8617-ENBDS,3,1,0,3,73.6,232.5,77.5,0
9385-NXKDA,72,1,2,3,82.65,5919.35,82.21319444444445,0
0430-IHCDJ,15,1,0,0,49.0,749.25,49.95,0
2959-MJHIC,4,1,0,0,80.35,307.4,76.85,1
6674-KVJHG,11,1,1,0,25.2,245.15,22.286363636363635,0
1814-DKOLC,5,1,0,1,25.45,134.75,26.95,0
4201-JMNGR,1,1,0,0,55.8,55.8,55.8,1
9351-HXDMR,72,1,2,3,110.9,8240.85,114.45625000000001,0
3537-HPKQT,55,1,0,3,77.75,4266.4,77.57090909090908,0
2129-ALKBS,40,1,0,0,26.2,1077.5,26.9375,0
5821-MMEIL,57,1,2,2,19.9,1115.6,19.5719298245614,0
5960-WPXQM,1,1,0,0,79.05,79.05,79.05,1
0684-AOSIH,1,1,0,0,95.0,95.0,95.0,1
8260-NGFNY,1,0,0,1,25.2,25.2,25.2,1
1309-XGFSN,52,1,1,0,80.85,4079.55,78.45288461538462,0
1866-RZZQS,41,1,0,0,98.4,4187.75,102.14024390243902,1
6968-URWQU,43,1,1,1,56.35,2391.15,55.608139534883726,0
4742-TXUEX,47,1,2,2,19.3,890.5,18.9468085106383,0
9631-XEYKE,3,1,0,2,50.4,137.25,45.75,0
8631-NBHFZ,66,1,2,3,79.4,5154.6,78.10000000000001,1
1335-MXCSE,55,1,2,3,55.25,3119.9,56.72545454545455,0
8873-TMKGR,29,1,1,1,19.1,529.5,18.25862068965517,0
8800-JOOCF,12,1,0,0,84.05,966.55,80.54583333333333,0
1469-LBJQJ,66,1,0,0,105.2,6936.85,105.10378787878788,0
4958-XCBDQ,35,1,0,0,101.4,3496.3,99.89428571428572,1
8337-UPOAQ,10,1,0,0,89.8,914.3,91.42999999999999,1
0064-YIJGF,27,1,0,2,75.75,1929.0,71.44444444444444,0
2386-OWURY,58,1,0,0,95.3,5817.7,100.3051724137931,0
1725-IQNIY,54,1,2,2,109.75,6110.2,113.15185185185184,1
0310-VQXAM,9,1,0,1,19.85,178.8,19.866666666666667,0
6598-RFFVI,2,1,1,3,19.3,28.3,14.15,1
3453-RTHJQ,6,1,0,0,69.1,435.0,72.5,0
6712-OAWRH,26,1,0,0,91.25,2351.8,90.45384615384616,1
6278-FEPBZ,9,1,0,1,20.25,186.15,20.683333333333334,0
4280-DLSHD,8,1,0,1,54.75,445.85,55.73125,0
1508-DFXCU,12,1,0,0,81.45,912.0,76.0,0
8614-VGMMV,15,1,0,0,49.1,679.55,45.30333333333333,1
7868-BGSZA,43,1,1,0,80.2,3581.6,83.29302325581395,0
2800-QQUSO,42,1,0,0,100.3,4222.95,100.54642857142856,0
2930-UOTMB,31,1,0,3,65.25,1994.3,64.33225806451613,1
7973-DZRKH,66,1,2,3,90.95,5930.05,89.84924242424243,0
5914-DVBWJ,18,1,0,0,85.45,1505.85,83.65833333333333,1
7698-YFGEZ,1,1,0,1,20.0,20.0,20.0,0
2533-QVMSK,61,1,2,0,94.1,5638.3,92.43114754098362,1
9773-PEQBZ,10,1,0,0,79.85,797.25,79.725,0
8644-XLFBW,1,1,0,0,71.65,71.65,71.65,1
0650-BWOZN,18,1,0,0,73.55,1359.45,75.525,0
8625-AZYZY,24,1,0,0,104.65,2542.45,105.93541666666665,1
7785-RDVIG,3,1,0,1,19.3,54.7,18.233333333333334,0
9602-WCXPI,50,1,1,3,20.15,989.05,19.781,0
2903-YYTBW,1,1,0,0,44.55,44.55,44.55,0
3620-MWJNE,2,1,0,1,54.45,87.3,43.65,0
8573-JGCZW,17,1,1,2,19.65,351.55,20.679411764705883,0
6837-HAEVO,69,1,2,0,105.0,7297.75,105.76449275362319,0
6701-YVNQG,72,1,2,3,88.7,6301.7,87.52361111111111,0
9306-CPCBC,3,1,0,0,74.25,210.3,70.10000000000001,1
4304-XUMGI,50,1,2,2,75.15,3822.45,76.449,0
9504-YAZWB,53,1,2,1,20.25,1048.45,19.782075471698114,0
8819-ZBYNA,58,1,2,3,109.1,6393.65,110.2353448275862,0
6174-NRBTZ,46,0,1,2,30.75,1489.3,32.37608695652174,0
9481-IEBZY,72,1,0,3,112.9,8061.5,111.96527777777777,0
1833-VGRUM,1,1,0,0,74.2,74.2,74.2,1
6137-NICCO,6,1,0,1,94.05,518.75,86.45833333333333,0
9065-ZCPQX,72,1,2,2,78.85,5763.15,80.04374999999999,0
6402-EJMWF,4,1,0,1,55.3,238.5,59.625,0
3620-EHIMZ,52,1,2,1,19.35,1031.7,19.840384615384615,0
6870-ECSHE,2,1,1,1,20.45,34.8,17.4,0
8747-UDCOI,65,1,2,2,19.35,1319.95,20.306923076923077,0
8374-XGEJJ,43,1,0,0,101.0,4388.4,102.05581395348837,1
2656-TABEH,4,1,0,0,100.2,420.2,105.05,1
6946-LMSQS,25,1,1,0,89.05,2177.45,87.098,1
4626-OZDTJ,51,1,1,3,78.65,3950.85,77.46764705882353,0
9169-BSVIN,12,1,0,2,74.75,827.05,68.92083333333333,0
2325-ZUSFD,57,1,1,2,70.1,3913.3,68.65438596491228,1
8194-PEEBY,24,1,1,1,19.9,533.5,22.229166666666668,0
6872-HXFNF,64,1,1,2,58.35,3756.45,58.69453125,0
3932-CMDTD,4,1,1,0,105.65,443.9,110.975,1
7714-YXSMB,26,1,0,2,100.5,2599.95,99.99807692307692,0
8387-UGUSU,15,1,0,1,20.05,284.3,18.953333333333333,0
1080-BWSYE,64,1,2,3,25.65,1740.8,27.2,0
4039-HEUNW,36,1,0,0,96.5,3436.1,95.44722222222222,1
1194-HVAIF,27,1,0,3,95.0,2462.55,91.20555555555556,0
0812-WUPTB,1,1,0,1,70.85,70.85,70.85,1
3594-UVONA,35,1,1,3,85.95,3110.1,88.86,1
0004-TLHLJ,4,1,0,0,73.9,280.85,70.2125,1
1767-TGTKO,8,1,0,0,45.45,411.75,51.46875,0
8439-LTUGF,10,1,0,3,20.0,198.6,19.86,0
8805-JNRAZ,2,1,0,1,49.2,103.7,51.85,0
5089-IFSDP,58,1,2,2,109.45,6144.55,105.94051724137931,1
6418-HNFED,51,1,2,3,83.25,4089.45,80.18529411764706,0
0206-OYVOC,46,1,2,1,19.25,864.2,18.786956521739132,0
7291-CDTMJ,1,1,0,2,19.65,19.65,19.65,0
7128-GGCNO,46,1,0,2,72.8,3249.4,70.63913043478261,0
0237-YFUTL,50,1,0,2,109.65,5405.8,108.116,0
7691-KGKGP,53,1,0,3,65.0,3363.8,63.46792452830189,0
6710-HSJRD,61,1,0,0,114.1,7132.15,116.92049180327868,0
3675-EQOZA,5,1,0,2,20.65,93.55,18.71,0
0840-DCNZE,47,1,1,2,86.95,4138.9,88.06170212765957,0
1732-FEKLD,54,1,1,2,94.75,5121.75,94.84722222222223,0
9862-KJTYK,19,0,0,3,25.35,566.1,29.794736842105266,0
0479-HMSWA,26,1,2,0,105.45,2715.3,104.4346153846154,0
5854-KSRBJ,70,1,2,1,25.4,1782.05,25.457857142857144,0
0365-BZUWY,17,1,0,0,102.55,1742.5,102.5,0
4817-VYYWS,30,1,0,0,100.2,2983.8,99.46000000000001,1
5701-SVCWR,1,1,0,1,24.0,24.0,24.0,0
3129-AAQOU,19,1,2,1,25.6,485.9,25.573684210526313,0
4922-CVPDX,26,1,2,3,73.5,1905.7,73.29615384615384,0
1396-QWFBJ,21,1,0,2,74.05,1565.7,74.55714285714286,1
1357-BIJKI,50,1,1,0,98.25,4858.7,97.17399999999999,0
1099-BTKWT,68,0,1,0,54.4,3723.65,54.75955882352941,0
5299-SJCZT,3,1,0,2,101.55,298.35,99.45,1
2018-PZKMU,9,1,0,0,103.1,970.45,107.82777777777778,0
7340-KEFQE,51,0,2,2,34.2,1782.0,34.94117647058823,0
4570-QHXHL,9,1,0,0,43.75,405.7,45.077777777777776,0
2403-BCASL,41,1,1,0,111.95,4534.9,110.60731707317072,1
7392-YYPYJ,22,1,0,0,100.65,2415.95,109.81590909090909,0
2898-LSJGD,21,0,1,0,55.95,1157.05,55.09761904761905,1
2223-GDSHL,71,1,2,2,116.05,8297.5,116.86619718309859,0
7359-PTSXY,1,1,0,0,45.75,45.75,45.75,1
9470-RTWDV,26,1,1,3,82.0,2083.1,80.11923076923077,0
2176-OSJUV,71,1,2,2,65.15,4681.75,65.94014084507042,0
9348-YVOMK,4,1,0,3,44.8,176.2,44.05,0
8104-OSKWT,12,1,0,0,79.8,1001.2,83.43333333333334,0
4521-YEEHE,18,1,0,0,88.85,1594.75,88.59722222222223,0
4090-KPJIP,3,1,0,0,74.95,212.4,70.8,0
3786-WOVKF,72,1,1,2,106.85,7677.4,106.63055555555555,0
4503-BDXBD,11,1,0,0,74.95,815.5,74.13636363636364,1
6086-ESGRL,1,1,0,3,80.15,80.15,80.15,1
2592-HODOV,13,1,1,3,19.3,259.65,19.97307692307692,0
3886-CERTZ,72,1,1,0,109.25,8109.8,112.63611111111112,1
7995-ZHHNZ,42,1,1,3,56.1,2386.85,56.8297619047619,0
3824-RHKVR,17,1,0,3,19.7,340.35,20.02058823529412,0
5816-SCGFC,7,1,0,1,51.3,419.35,59.90714285714286,0
5989-AXPUC,68,1,2,1,118.6,7990.05,117.50073529411765,0
4979-HPRFL,56,1,2,2,24.15,1402.25,25.040178571428573,0
8590-OHDIW,38,1,1,1,20.3,749.35,19.719736842105263,0
8015-IHCGW,72,1,2,0,115.5,8425.15,117.01597222222222,0
2332-TODQS,48,1,1,3,25.05,1171.5,24.40625,0
9278-VZKCD,52,1,0,0,109.1,5647.95,108.61442307692307,0
8008-OTEZX,35,1,1,1,19.65,708.8,20.25142857142857,0
2773-OVBPK,67,1,2,2,111.3,7567.2,112.94328358208955,0
5999-LCXAO,1,0,0,1,29.9,29.9,29.9,0
5206-XZZQI,53,1,0,1,80.6,4348.1,82.03962264150944,0
4803-LBYPN,34,1,0,1,20.8,635.9,18.70294117647059,0
5759-RCVCB,3,0,0,3,35.2,108.95,36.31666666666667,1
6372-RFVNS,1,1,0,0,78.8,78.8,78.8,1
2139-FQHLM,19,1,0,1,89.95,1682.4,88.54736842105264,0
8261-GWDBQ,60,1,2,2,116.05,6925.9,115.43166666666666,0
1093-YSWCA,11,1,2,3,19.55,223.15,20.286363636363635,0
8938-UMKPI,47,1,0,0,106.4,5127.95,109.10531914893616,1
0991-BRRFB,18,1,0,0,49.4,874.8,48.599999999999994,1
3882-IYOIJ,60,1,2,3,115.25,6758.45,112.64083333333333,0
8749-TZYEC,72,1,2,3,24.8,1874.3,26.031944444444445,0
1755-FZQEC,39,1,1,1,19.9,791.15,20.285897435897436,0
3115-JPJDD,59,1,1,3,81.25,4639.45,78.63474576271186,0
5600-KTXFM,2,1,0,1,69.95,143.9,71.95,0
3871-IKPYH,1,1,0,0,69.1,69.1,69.1,1
6319-IEJWJ,20,1,0,0,90.2,1776.55,88.8275,1
9025-AOMKI,6,1,0,2,93.55,536.4,89.39999999999999,1
6339-TBELP,71,1,2,3,86.4,6172.0,86.92957746478874,0
7964-YESJC,24,1,0,1,66.3,1559.45,64.97708333333334,0
6173-GOLSU,67,1,0,3,94.65,6079.0,90.73134328358209,0
5275-SQEIZ,1,1,0,1,80.85,80.85,80.85,1
7716-YTYHG,48,1,1,1,82.05,4029.95,83.95729166666666,1
9938-ZREHM,37,1,1,1,72.1,2658.4,71.84864864864865,0
7950-XWOVN,11,0,0,1,34.7,383.55,34.86818181818182,0
4390-KYULV,3,1,0,3,20.55,51.15,17.05,1
4647-MUZON,18,1,0,3,95.95,1745.5,96.97222222222223,0
9702-AIUJO,50,1,1,2,44.8,2230.85,44.617,0
8849-PRIQJ,67,1,1,0,109.4,7281.6,108.68059701492538,0
8851-RAGOV,25,1,0,1,71.05,1837.7,73.508,0
1304-NECVQ,2,1,0,0,78.55,149.55,74.775,1
5396-IZEPB,9,1,0,3,19.7,180.7,20.077777777777776,0
1729-VLAZJ,10,0,1,1,40.25,411.45,41.144999999999996,0
8285-ABVLB,70,1,2,3,19.85,1328.35,18.97642857142857,0
0701-TJSEF,9,1,0,2,68.25,576.95,64.10555555555555,0
5712-VBOXD,4,1,0,3,20.15,68.45,17.1125,0
6629-LADHQ,2,1,0,1,50.95,123.05,61.525,0
8945-GRKHX,1,1,0,0,78.65,78.65,78.65,1
1559-DTODC,19,0,0,2,25.15,468.35,24.650000000000002,0
4797-MIWUM,7,1,0,2,20.25,174.7,24.957142857142856,0
6959-UWKHF,1,1,0,0,42.9,42.9,42.9,1
8720-RQSBJ,1,1,0,0,44.0,44.0,44.0,0
4537-CIBHB,9,1,1,1,20.25,172.35,19.15,0
3815-SLMEF,3,0,0,1,34.25,139.35,46.449999999999996,1
5154-VEKBL,9,0,0,1,58.5,539.85,59.983333333333334,1
4324-AHJKS,5,1,0,3,55.8,300.4,60.08,0
4355-CVPVS,56,1,1,2,88.9,4968.0,88.71428571428571,0
4495-LHSSK,18,1,0,1,57.65,992.7,55.150000000000006,0
5655-JSMZM,49,1,0,0,96.2,4718.25,96.29081632653062,1
5915-ANOEI,70,1,2,1,79.15,5536.5,79.09285714285714,0
9861-PDSZP,72,1,2,3,108.05,7806.6,108.42500000000001,0
4505-EXZHB,6,1,0,0,74.4,434.1,72.35000000000001,1
7225-CBZPL,17,1,0,0,94.8,1563.9,91.99411764705883,0
6704-UTUKK,29,0,0,0,45.9,1332.4,45.9448275862069,0
4587-VVTOX,6,1,0,0,105.3,545.2,90.86666666666667,1
2019-HDCZY,63,1,2,0,102.6,6296.75,99.9484126984127,0
4652-NNHNY,16,1,0,2,73.85,1284.2,80.2625,1
8788-DOXSU,59,1,1,2,61.35,3645.5,61.78813559322034,0
7404-JLKQG,3,1,0,0,57.55,161.45,53.81666666666666,0
7421-ZLUPA,8,0,0,1,29.25,226.95,28.36875,0
8972-HJWNV,7,1,0,0,84.55,646.85,92.40714285714286,1
3274-NSDWE,68,1,2,3,19.6,1441.65,21.20073529411765,0
2632-IVXVF,68,1,2,3,111.75,7511.3,110.46029411764707,0
3692-JHONH,52,1,1,0,106.5,5621.85,108.11250000000001,0
8915-NNTRC,72,1,2,3,107.7,7919.8,109.99722222222222,0
5914-GXMDA,32,1,1,1,19.3,593.2,18.5375,0
7463-IFMQU,72,1,2,2,20.05,1423.65,19.772916666666667,0
2920-RNCEZ,1,1,0,3,69.95,69.95,69.95,0
2541-YGPKE,42,1,1,3,63.7,2763.35,65.79404761904762,0
8515-OCTJS,25,1,2,3,24.75,692.1,27.684,1
5382-TEMLV,45,1,0,2,50.9,2298.55,51.07888888888889,0
3441-CGZJH,43,0,1,3,60.4,2640.55,61.40813953488372,0
9592-ERDKV,37,1,1,1,79.25,2911.8,78.6972972972973,0
2860-RANUS,20,1,0,3,85.8,1727.5,86.375,1
5261-QSHQM,4,0,0,0,24.45,86.6,21.65,1
4778-IZARL,63,1,2,3,110.1,6705.7,106.43968253968254,0
0432-CAJZV,3,1,0,1,90.7,237.65,79.21666666666667,0
7008-LZVOZ,66,1,2,3,25.3,1672.35,25.33863636363636,0
8868-WOZGU,28,1,0,0,105.7,2979.5,106.41071428571429,1
1200-TUZHR,8,1,0,0,85.2,695.75,86.96875,0
9365-CSLBQ,71,1,2,1,24.35,1654.6,23.304225352112674,0
1334-FJSVR,1,0,0,0,24.25,24.25,24.25,1
5884-FBCTL,72,1,2,2,25.1,1857.85,25.803472222222222,0
7130-CTCUS,16,1,0,2,54.55,825.1,51.56875,0
6242-FEGFD,66,1,2,1,96.6,6424.25,97.33712121212122,0
7625-XCQRH,11,1,0,0,76.5,837.95,76.17727272727274,1
6194-HBGQN,51,1,1,3,81.15,4126.2,80.90588235294118,0
7634-WSWDB,8,0,0,0,38.5,330.8,41.35,0
6986-IXNDM,14,1,0,0,92.9,1337.45,95.53214285714286,0
1731-TVIUK,4,1,0,0,93.5,362.2,90.55,1
2987-BJXIK,70,1,2,1,84.7,5991.05,85.58642857142857,0
9769-TSBZE,70,1,2,0,66.0,4891.5,69.87857142857143,0
0406-BPDVR,54,1,1,3,101.5,5373.1,99.50185185185185,1
0618-XWMSS,28,1,0,2,74.9,2068.55,73.87678571428572,1
1395-WSWXR,24,1,2,1,20.75,487.05,20.29375,0
6023-GSSXW,69,1,2,3,61.45,4131.2,59.87246376811594,0
6752-APNJL,42,1,0,1,54.5,2301.15,54.78928571428572,0
5276-KQWHG,2,1,0,0,69.6,131.65,65.825,1
0420-HLGXF,39,1,0,0,99.75,4036.0,103.48717948717949,0
7446-KQISO,45,1,2,2,109.75,4900.65,108.90333333333332,0
9823-EALYC,72,1,2,2,80.85,5727.45,79.54791666666667,0
0582-AVCLN,38,1,2,1,20.3,743.05,19.553947368421053,0
5803-NQJZO,72,1,2,2,67.8,4804.65,66.73124999999999,0
2565-JSLRY,1,1,0,1,24.05,24.05,24.05,1
2607-DHDAK,72,1,2,3,19.8,1414.65,19.647916666666667,0
1073-XXCZD,55,1,2,2,25.7,1443.65,26.24818181818182,0
0743-HRVFF,51,0,1,0,56.15,2898.95,56.84215686274509,0
4006-HKYHO,63,1,2,2,86.7,5309.5,84.27777777777777,0
3727-JEZTU,1,1,0,1,20.4,20.4,20.4,0
8143-ETQTI,23,1,2,1,19.65,451.55,19.632608695652173,0
6689-KXGBO,1,1,0,0,50.55,50.55,50.55,1
9667-TKTVZ,2,1,0,1,54.35,117.05,58.525,0
3657-COGMW,52,1,0,3,108.1,5839.3,112.29423076923078,0
8570-KLJYJ,36,1,1,1,54.45,1893.5,52.59722222222222,0
7754-IXRMC,1,1,0,1,45.35,45.35,45.35,0
9473-CBZOP,28,1,1,1,59.0,1654.45,59.0875,0
2969-WGHQO,7,1,1,0,69.45,477.05,68.15,0
6615-NGGZJ,14,1,0,0,100.55,1415.55,101.11071428571428,1
4334-HOWRP,72,0,2,3,64.95,4546.0,63.138888888888886,0
4255-DDUOU,1,1,0,1,20.5,20.5,20.5,1
5863-OOKCL,10,1,0,1,18.85,163.2,16.32,0
1686-STUHN,42,1,1,2,19.8,849.9,20.235714285714284,0
1329-VHWNP,7,0,0,2,25.05,189.95,27.135714285714283,0
2984-MIIZL,4,1,0,2,74.8,321.9,80.475,1
0266-GMEAO,72,1,2,3,114.3,8058.55,111.92430555555556,0
5590-YRFJT,20,0,0,0,24.45,482.8,24.14,1
5574-NXZIU,63,1,2,3,109.2,7049.75,111.90079365079364,0
0019-GFNTW,56,0,2,2,45.05,2560.1,45.716071428571425,0
4256-ZWTZI,5,1,0,1,51.0,286.8,57.36,0
8309-PPCED,72,1,2,2,110.45,7982.5,110.86805555555556,0
4098-NAUKP,68,1,0,0,84.65,5683.6,83.58235294117648,0
5196-WPYOW,67,1,1,1,60.05,3994.05,59.61268656716418,0
4608-LCIMN,8,1,0,2,44.65,369.15,46.14375,0
1485-YDHMM,52,1,0,2,93.25,4631.7,89.07115384615385,0
4054-CUMIA,18,1,0,1,20.25,401.95,22.330555555555556,0
0603-TPMIB,59,1,2,1,25.45,1534.05,26.000847457627117,0
2525-GVKQU,60,1,2,1,20.6,1093.0,18.216666666666665,0
8161-QYMTT,7,1,0,0,94.1,701.3,100.18571428571428,0
9581-GVBXT,59,0,1,1,34.8,1980.3,33.56440677966101,0
5862-BRIXZ,46,0,2,2,60.75,2893.4,62.9,0
5404-GGUKR,5,1,0,0,51.35,262.3,52.46,0
3308-JSGML,59,0,2,3,64.05,3886.85,65.87881355932203,0
2126-GSEGL,70,1,2,2,84.8,5917.55,84.53642857142857,0
3677-TNKIO,14,1,0,3,71.0,914.0,65.28571428571429,1
0440-QEXBZ,44,1,0,1,50.15,2139.1,48.61590909090909,0
2434-EEVDB,64,1,2,3,94.6,5948.7,92.9484375,0
6762-QVYJO,58,0,2,1,59.75,3624.35,62.48879310344827,0
6199-IWKGC,46,1,1,0,100.25,4753.85,103.3445652173913,0
2675-DHUTR,58,1,0,0,98.9,5780.7,99.66724137931034,0
8152-VETUR,72,1,2,3,97.7,6869.7,95.4125,0
9667-EQRXU,30,0,0,0,40.3,1172.95,39.098333333333336,1
7446-YPODE,11,1,0,2,60.25,662.95,60.26818181818182,0
9522-BNTHX,34,0,0,0,56.25,1765.95,51.93970588235294,0
4676-WLUHT,54,0,2,2,46.2,2431.95,45.036111111111104,0
3329-WDIOK,3,0,0,0,50.6,155.35,51.78333333333333,1
7980-MHFLQ,72,1,2,1,24.9,1859.2,25.822222222222223,0
2873-ZLIWT,40,1,0,0,84.85,3303.05,82.57625,1
3415-TAILE,2,1,0,1,65.7,134.35,67.175,1
0757-WCUUZ,54,1,2,3,63.35,3409.1,63.13148148148148,0
1629-DQQVB,14,1,0,2,50.1,709.5,50.67857142857143,0
1915-IOFGU,1,1,0,0,70.5,70.5,70.5,1
3045-XETSH,10,1,0,0,94.85,953.45,95.345,1
0374-AACSZ,1,1,0,0,50.15,50.15,50.15,0
7239-HZZCX,1,1,0,1,19.75,19.75,19.75,1
4872-VXRIL,56,1,1,2,64.65,3665.55,65.45625,0
9140-CZQZZ,68,1,2,2,79.6,5515.8,81.11470588235295,0
3423-HHXAO,14,1,1,1,19.5,272.0,19.428571428571427,0
9938-TKDGL,68,1,2,0,99.55,6668.0,98.05882352941177,0
0531-ZZJWQ,55,1,0,0,74.0,4052.4,73.68,0
6537-QLGEX,16,0,0,0,38.9,664.4,41.525,0
2688-BHGOG,9,1,0,0,79.55,718.55,79.83888888888889,0
7683-CBDKJ,14,1,0,0,65.45,937.6,66.97142857142858,1
0946-CLJTI,58,1,0,0,98.7,5812.6,100.21724137931035,1
3160-TYXLT,53,0,0,2,46.3,2546.85,48.053773584905656,0
1325-USMEC,70,1,2,3,99.35,6944.5,99.20714285714286,0
0916-QOFDP,14,1,0,0,95.8,1346.3,96.16428571428571,0
0628-CNQRM,22,1,1,2,67.5,1544.05,70.18409090909091,1
5606-AMZBO,10,1,0,3,78.15,765.15,76.515,0
6199-IPCAO,29,1,2,1,26.1,692.55,23.88103448275862,0
7665-TOALD,1,1,0,0,69.6,69.6,69.6,1
0112-QWPNC,49,1,1,0,84.35,4059.35,82.84387755102041,1
0324-BRPCJ,68,1,0,0,100.2,6851.65,100.7595588235294,1
2777-PHDEI,1,1,0,0,78.05,78.05,78.05,1
5640-CAXOA,30,0,1,3,40.35,1187.05,39.568333333333335,0
2235-EZAIK,72,1,2,3,79.2,5401.9,75.02638888888889,0
3847-BAERP,10,1,0,1,20.9,247.0,24.7,0
1196-AMORA,7,1,0,0,73.6,520.0,74.28571428571429,1
4282-YMKNA,9,1,0,0,74.75,706.6,78.51111111111112,1
1453-RZFON,1,1,0,1,49.9,49.9,49.9,0
8263-OKETD,20,1,0,3,68.9,1370.35,68.5175,0
0670-KDOMA,1,1,0,1,20.25,20.25,20.25,0
2476-YGEFM,29,1,0,3,76.0,2215.25,76.38793103448276,0
8687-BAFGU,1,1,0,0,74.0,74.0,74.0,0
0641-EVBOJ,3,1,0,1,82.3,214.4,71.46666666666667,0
0829-XXPLX,20,1,0,2,89.4,1871.15,93.5575,0
9974-JFBHQ,64,1,0,3,99.15,6171.2,96.425,0
5356-RHIPP,1,1,0,1,20.2,20.2,20.2,1
6624-JDRDS,6,0,0,2,29.45,161.45,26.90833333333333,0
0608-JDVEC,50,1,2,0,19.8,1013.2,20.264,0
9780-FKVVF,6,1,0,2,59.15,336.7,56.11666666666667,0
1919-RTPQD,7,1,0,0,44.75,333.65,47.66428571428571,0
5214-NLTIT,72,1,2,3,90.8,6511.8,90.44166666666666,0
3345-PBBFH,8,1,0,2,49.55,393.45,49.18125,0
5055-BRMNE,67,1,2,3,106.7,7009.5,104.61940298507463,0
9189-JWSHV,24,1,0,0,93.55,2264.05,94.33541666666667,1
2190-PHBHR,72,1,2,3,94.45,6921.7,96.13472222222222,0
2650-GYRYL,33,1,1,2,19.45,600.25,18.189393939393938,0
0746-JTRFU,2,0,0,0,25.05,56.35,28.175,1
5208-FVQKB,70,1,2,1,67.95,4664.15,66.63071428571428,0
7184-LRUUR,22,1,1,2,65.25,1441.8,65.53636363636363,0
6627-CFOSN,59,1,0,2,99.45,5623.7,95.31694915254236,0
3982-JGSFD,36,1,1,3,20.35,695.85,19.329166666666666,0
1574-DYCWE,51,1,2,1,19.95,1028.75,20.17156862745098,0
7247-XOZPB,53,1,1,2,77.4,4155.95,78.41415094339622,0
2466-FCCPT,20,1,1,2,19.7,395.6,19.78,0
6211-WWLTF,63,1,2,3,99.7,6330.4,100.48253968253968,0
4826-TZEVA,40,1,0,3,74.8,2971.7,74.29249999999999,0
6016-NXBNJ,35,1,1,1,19.15,638.0,18.228571428571428,0
9138-EFSMO,26,1,1,2,78.95,2034.25,78.24038461538461,0
0576-WNXXC,27,1,0,0,95.55,2510.2,92.97037037037036,1
4632-XJMEX,53,1,1,3,62.85,3419.5,64.51886792452831,0
8910-LEDAG,34,1,0,3,71.55,2427.35,71.39264705882353,0
3452-GWUIN,19,1,0,0,94.95,1760.25,92.64473684210526,0
2716-GFZOR,43,1,0,3,86.1,3551.65,82.59651162790698,0
3724-UCSHY,6,1,0,1,19.55,122.9,20.483333333333334,0
8626-XHBIE,56,1,2,1,24.8,1424.2,25.432142857142857,0
4628-CTTLA,57,0,0,0,39.3,2111.45,37.04298245614035,1
3192-LNKRK,34,1,0,1,84.05,2909.95,85.58676470588235,0
4439-YRNVD,10,0,0,0,36.25,374.0,37.4,0
2876-VBBBL,1,1,0,1,20.25,20.25,20.25,1
6834-NXDCA,13,0,0,0,23.9,300.8,23.138461538461538,1
2208-UGTGR,56,1,0,0,98.6,5581.05,99.66160714285715,0
3005-TYFRD,55,1,0,3,103.65,5676.65,103.21181818181817,0
8670-MEFCP,36,1,2,3,92.9,3379.25,93.86805555555556,0
3079-BCHLN,47,1,1,2,19.9,942.95,20.06276595744681,0
7777-UNYHB,12,1,0,3,20.1,232.4,19.366666666666667,0
5597-GLBUC,1,1,0,0,85.45,85.45,85.45,1
7278-CKDNC,24,1,0,0,80.5,2088.45,87.01875,0
2748-MYRVK,63,1,1,2,99.9,6137.0,97.41269841269842,1
8450-UYIBU,35,0,0,0,39.85,1434.6,40.988571428571426,0
2969-VAPYH,67,1,1,3,60.5,3870.0,57.76119402985075,0
4822-YCXMX,25,1,0,0,84.8,2043.45,81.738,1
7181-OQCUT,21,1,0,1,103.85,2215.0,105.47619047619048,0
8474-UMLNT,13,1,0,2,67.8,842.25,64.78846153846153,0
9821-POOTN,35,1,0,0,75.2,2576.2,73.60571428571428,1
3836-FZSDJ,71,1,2,2,24.85,1901.0,26.774647887323944,0
9142-XMYJH,29,1,0,3,19.35,601.6,20.7448275862069,0
6559-ILWKJ,71,0,2,0,49.35,3515.25,49.51056338028169,1
0187-QSXOE,7,1,0,0,89.0,605.45,86.49285714285715,0
7733-UDMTP,57,0,0,0,55.0,3094.05,54.28157894736842,0
2649-HWLYB,65,1,2,2,76.15,4929.55,75.83923076923077,0
5214-CHIWJ,27,1,1,1,20.3,595.05,22.038888888888888,0
4229-CZMLL,6,1,0,0,74.9,469.8,78.3,1
6904-JLBGY,72,1,2,3,117.35,8436.25,117.17013888888889,0
2465-BLLEU,1,1,0,1,19.75,19.75,19.75,0
1685-VAYJF,11,1,0,3,45.2,492.0,44.72727272727273,0
8874-EJNSR,39,1,2,1,25.2,987.95,25.33205128205128,0
6917-YACBP,59,1,0,0,89.75,5496.9,93.16779661016949,0
5049-MUBWG,26,1,1,2,75.0,1908.35,73.39807692307691,0
4223-WOZCM,2,1,0,1,49.95,107.1,53.55,0
0769-MURVM,72,0,2,2,65.7,4575.35,63.54652777777778,0
9253-VIFJQ,65,1,1,3,67.05,4309.55,66.30076923076923,0
7030-FZTFM,72,1,2,3,110.9,7922.75,110.03819444444444,0
9741-YLNTD,6,1,0,2,87.95,522.35,87.05833333333334,0
5917-RYRMG,32,1,1,3,19.8,587.7,18.365625,0
5120-ZBLAI,50,1,1,2,75.7,3876.2,77.524,0
1194-BHJYC,61,0,2,1,62.15,3778.85,61.9483606557377,0
3663-MITLP,15,1,0,0,101.25,1457.25,97.15,1
0906-QVPMS,72,1,2,2,115.15,8349.45,115.96458333333334,0
9025-ZRPVR,9,1,0,1,18.95,185.6,20.62222222222222,1
1905-OEILC,1,1,0,1,19.5,19.5,19.5,0
7858-GTZSP,12,1,0,0,86.55,1066.9,88.90833333333335,0
3285-UCQVC,37,0,0,3,28.6,973.55,26.31216216216216,1
6248-BSHKG,61,1,1,1,20.4,1226.45,20.105737704918035,0
4685-TFLLS,18,1,1,2,19.8,342.3,19.016666666666666,0
3470-BTGQO,21,1,0,1,45.65,985.05,46.90714285714286,0
1209-VFFOC,68,0,2,1,56.4,3948.45,58.065441176470586,0
8224-DWCKX,12,1,0,3,73.3,828.05,69.00416666666666,0
5482-PLVPE,2,0,0,0,24.35,41.85,20.925,1
4553-DVPZG,62,1,0,0,101.35,6164.7,99.43064516129031,0
4902-OHLSK,29,1,0,0,98.65,2862.75,98.71551724137932,1
6917-IAYHD,1,0,0,1,33.6,33.6,33.6,0
0495-ZBNGW,5,1,0,2,79.9,343.95,68.78999999999999,1
8620-RJPZN,1,1,0,0,20.7,20.7,20.7,0
7572-KPVKK,62,1,2,0,104.05,6590.5,106.29838709677419,0
2642-MAWLJ,36,1,2,2,20.25,717.95,19.943055555555556,0
2357-COQEK,28,1,0,0,103.3,2890.65,103.2375,1
7103-ZGVNT,69,1,1,3,73.7,4885.85,70.80942028985508,0
3737-GCSPV,11,1,0,3,96.2,1222.05,111.09545454545454,1
2027-WKXMW,63,1,0,0,108.75,6871.7,109.07460317460317,0
7137-NAXML,23,1,1,2,20.15,405.6,17.63478260869565,0
2428-ZMCTB,10,1,0,3,19.75,208.25,20.825,0
2961-VNFKL,71,1,2,3,25.95,1801.9,25.378873239436622,0
1768-HNVGJ,45,1,0,0,70.05,3062.45,68.05444444444444,0
6963-KQYQB,70,1,2,1,24.05,1764.75,25.210714285714285,0
5934-RMPOV,22,1,0,0,84.75,1816.75,82.57954545454545,0
1207-BLKSA,52,1,2,1,23.05,1255.1,24.13653846153846,0
4088-YLDSU,55,1,1,0,104.15,5743.05,104.41909090909091,1
8316-BBQAY,65,0,2,3,59.95,3921.1,60.324615384615385,0
1166-PQLGG,72,1,2,2,19.55,1463.45,20.325694444444444,0
3146-JTQHR,10,1,1,2,19.6,189.45,18.945,0
4291-YZODP,7,1,1,1,20.05,96.8,13.828571428571427,0
4395-PZMSN,5,1,0,0,85.55,408.5,81.7,0
6427-FEFIG,24,1,2,3,78.6,1846.65,76.94375000000001,0
0017-IUDMW,72,1,2,3,116.8,8456.75,117.45486111111111,0
8706-HRADD,21,0,0,1,43.55,1011.5,48.166666666666664,0
9955-QOPOY,69,0,1,3,60.8,4263.4,61.78840579710145,0
4385-ZKVNW,44,1,0,2,54.9,2549.1,57.934090909090905,0
5446-DKWYW,61,1,1,0,65.2,3965.05,65.00081967213114,0
2034-CGRHZ,24,1,0,3,102.95,2496.7,104.02916666666665,1
5797-APWZC,1,1,0,0,90.6,90.6,90.6,1
3683-QKIUE,6,1,0,2,50.8,288.05,48.00833333333333,1
4228-ZGYUW,4,1,0,0,90.05,368.1,92.025,1
9031-ZVQPT,72,1,2,0,108.2,7840.6,108.89722222222223,0
2990-IAJSV,72,1,2,2,92.0,6632.75,92.12152777777777,0
8107-KNCIM,14,1,0,0,75.1,1013.35,72.38214285714285,0
9027-YFHQJ,7,1,0,2,25.05,152.95,21.849999999999998,0
5176-LDKUH,48,1,1,0,75.15,3772.65,78.596875,0
4644-OBGFZ,55,1,1,1,19.5,1026.35,18.66090909090909,0
7926-IJOOU,1,1,0,3,19.3,19.3,19.3,0
6480-YAGIY,45,1,1,3,112.2,5031.85,111.81888888888889,0
4029-HPFVY,3,1,0,1,70.3,220.4,73.46666666666667,0
7602-DBTOU,71,1,2,1,19.6,1416.5,19.950704225352112,0
5345-BMKWB,8,1,0,1,20.25,158.35,19.79375,0
3519-ZKXGG,3,1,0,0,75.85,256.6,85.53333333333335,1
5457-COLHT,69,1,2,2,80.65,5542.55,80.3268115942029,0
6416-TVAIH,1,1,0,0,68.5,68.5,68.5,1
5451-YHYPW,72,1,2,3,115.75,8443.7,117.27361111111112,0
5108-ADXWO,11,1,0,0,73.5,791.75,71.97727272727273,1
7998-WNZEM,71,1,2,2,80.6,5708.2,80.39718309859154,0
3066-RRJIO,1,1,0,1,69.95,69.95,69.95,1
4664-NJCMS,33,0,2,2,59.55,2016.3,61.1,0
0307-BCOPK,16,1,1,1,19.05,326.65,20.415625,0
7629-WFGLW,56,1,1,0,95.65,5471.75,97.70982142857143,0
2542-HYGIQ,1,1,0,3,19.95,19.95,19.95,0
6715-OFDBP,5,1,0,0,70.05,346.4,69.28,1
5016-LIPDW,57,1,1,1,19.4,1061.6,18.62456140350877,0
6481-LXPWL,56,0,1,3,36.1,1971.5,35.205357142857146,0
1567-DSCIC,8,1,0,0,94.0,773.65,96.70625,1
2150-UWTFY,22,1,0,1,61.15,1422.05,64.63863636363637,1
6124-ACRHJ,1,1,0,1,19.75,19.75,19.75,0
9362-MWODR,40,1,0,3,64.1,2460.35,61.50875,0
9975-GPKZU,46,1,2,3,19.75,856.5,18.619565217391305,0
9625-RZFUK,63,1,2,1,19.7,1275.85,20.2515873015873,0
5153-LXKDT,68,1,2,0,110.2,7467.5,109.81617647058823,0
5161-UBZXI,69,1,2,3,106.35,7261.75,105.2427536231884,0
1020-JPQOW,56,1,0,0,90.55,5116.6,91.36785714285715,0
7919-ZODZZ,10,1,1,1,65.9,660.05,66.005,0
0565-JUPYD,63,1,1,3,104.5,6590.8,104.61587301587302,0
6867-ACCZI,24,0,2,1,52.5,1208.15,50.33958333333334,0
5939-XAIXZ,19,1,0,1,56.1,1033.9,54.415789473684214,0
9054-FOWNV,22,1,0,0,88.75,1885.15,85.68863636363636,0
2683-BPJSO,29,1,0,0,84.45,2467.1,85.07241379310345,1
2157-MXBJS,13,1,1,1,75.3,989.45,76.11153846153846,1
8207-VVMYB,70,1,2,2,26.0,2006.95,28.670714285714286,0
9732-EQMWY,49,1,0,0,99.4,5025.0,102.55102040816327,0
9360-AHGNL,43,1,1,1,109.55,4830.25,112.3313953488372,1
1087-UDSIH,3,1,0,1,19.6,59.75,19.916666666666668,1
5269-NRGDP,42,1,1,0,73.15,3088.25,73.5297619047619,0
6195-MELTI,57,1,1,1,54.65,3134.7,54.99473684210526,0
5485-WUYWF,2,1,0,2,66.4,94.55,47.275,1
2121-JAFOM,72,1,2,3,115.55,8312.4,115.44999999999999,0
8818-DOPVL,46,1,0,0,104.45,4863.85,105.7358695652174,0
2632-UCGVD,66,1,0,3,100.05,6871.9,104.11969696969696,1
5445-PZWGX,62,1,1,0,102.0,6529.25,105.31048387096774,1
1227-UDMZR,72,1,2,2,91.15,6637.9,92.19305555555555,0
5198-HQAEN,35,1,1,0,89.7,3165.6,90.44571428571429,0
9170-CCKOU,17,1,0,3,90.2,1454.15,85.53823529411765,1
2167-FQSTQ,72,1,2,0,92.4,6786.1,94.2513888888889,0
2819-GWENI,28,1,1,1,19.9,543.0,19.392857142857142,0
1043-YCUTE,56,1,2,3,25.15,1327.15,23.699107142857144,1
3814-MLAXC,31,1,0,3,79.85,2404.15,77.55322580645162,1
3572-UUHRS,45,1,1,2,18.85,867.3,19.273333333333333,0
2692-PFYTJ,1,1,0,1,25.75,25.75,25.75,0
1226-UDFZR,2,1,0,1,49.6,114.7,57.35,1
5955-EPOAZ,6,1,0,1,20.95,109.5,18.25,0
6821-JPCDC,48,1,1,0,97.05,4692.95,97.76979166666666,0
8815-LMFLX,25,1,0,2,25.4,546.85,21.874000000000002,0
9135-HSWOC,64,1,2,2,19.7,1274.05,19.90703125,0
8582-KRHPJ,50,0,0,1,35.0,1782.4,35.648,0
5811-IWXYM,52,1,1,2,101.25,5301.1,101.94423076923077,0
7044-YAACC,4,1,0,0,70.2,280.35,70.0875,0
8189-XRIKE,32,1,0,0,90.95,2897.95,90.5609375,0
1506-YJTYT,45,1,2,3,73.85,3371.0,74.91111111111111,0
4123-DVHPH,9,1,0,0,88.05,801.3,89.03333333333333,0
6425-YQLLO,66,1,1,3,105.95,6975.25,105.68560606060606,1
5442-UTCVD,3,1,0,0,91.85,257.05,85.68333333333334,1
2228-BZDEE,54,1,2,1,20.1,1079.45,19.989814814814817,0
7734-DBOAI,1,0,0,0,40.1,40.1,40.1,1
2789-CZANW,64,1,2,2,110.3,6997.3,109.3328125,0
2091-RFFBA,31,1,0,0,73.9,2217.15,71.5209677419355,1
2114-MGINA,14,1,0,1,89.8,1129.1,80.64999999999999,1
7596-LDUXP,12,1,1,3,85.15,979.05,81.58749999999999,0
3740-RLMVT,67,1,1,2,60.95,4119.4,61.483582089552236,0
4489-SNOJF,35,1,0,0,72.25,2568.55,73.38714285714286,1
2192-OZITF,45,1,2,1,73.55,3349.1,74.42444444444445,0
5651-CPDND,10,1,0,1,46.0,492.1,49.21,0
2186-QZEYA,29,1,0,2,58.55,1718.95,59.27413793103448,0
1131-ALZWV,24,1,1,2,24.6,605.25,25.21875,0
7729-XBTWX,66,1,2,1,19.75,1344.5,20.37121212121212,0
9134-WYRVP,51,1,1,1,86.35,4267.15,83.66960784313724,0
3284-SVCRO,45,1,2,1,25.5,1121.05,24.912222222222223,0
9732-OUYRN,49,1,1,3,19.0,918.7,18.748979591836736,0
0559-CKHUS,29,1,2,1,19.55,521.8,17.99310344827586,0
2931-SVLTV,40,1,0,3,110.1,4469.1,111.7275,0
6899-PPEEA,37,1,0,0,96.55,3580.3,96.76486486486488,1
7504-UWHNB,25,1,0,0,69.75,1729.35,69.17399999999999,0
2582-FFFZR,22,0,0,0,50.6,1073.3,48.78636363636363,0
8908-NMQTX,72,0,2,2,65.6,4566.5,63.423611111111114,0
2187-LZGPL,7,0,0,3,40.1,293.3,41.9,1
1431-AIDJQ,33,1,2,3,82.1,2603.1,78.88181818181818,0
6288-LBEAR,23,1,0,1,79.1,1783.75,77.55434782608695,0
4597-NUCQV,24,1,0,0,101.25,2440.15,101.67291666666667,1
9019-QVLZD,1,1,0,0,79.55,79.55,79.55,1
8413-YNHNV,69,1,2,1,90.65,6322.1,91.62463768115943,0
5808-TOTXO,3,1,1,3,20.55,57.4,19.133333333333333,0
4369-NYSCF,56,1,1,2,75.75,4284.65,76.51160714285713,0
6333-YDVLT,65,1,1,3,110.0,7138.65,109.8253846153846,0
5324-KTGCG,71,1,1,0,20.85,1539.75,21.68661971830986,0
5599-HVLTW,14,1,0,2,80.35,1058.1,75.57857142857142,0
7394-LWLYN,2,1,0,0,70.15,123.8,61.9,0
3707-LRWZD,32,1,1,0,84.05,2781.85,86.9328125,1
6873-UDNLD,40,1,0,0,67.45,2731.0,68.275,0
2700-LUEVA,1,1,0,3,20.75,20.75,20.75,0
1455-ESIQH,1,1,0,0,89.1,89.1,89.1,1
0958-YHXGP,7,1,0,1,69.9,497.3,71.04285714285714,0
1101-SSWAG,15,1,0,0,51.1,711.15,47.41,0
2979-SXESE,17,1,0,0,94.4,1607.2,94.54117647058824,1
4013-TLDHQ,19,1,0,0,78.25,1490.95,78.47105263157896,1
5743-KHMNA,71,1,2,2,25.55,1898.1,26.733802816901406,0
4194-FJARJ,54,1,2,2,60.0,3273.95,60.6287037037037,0
5325-UWTWJ,31,1,0,3,90.55,2929.75,94.50806451612904,0
3969-GYXEL,11,1,0,0,76.4,838.7,76.24545454545455,0
9208-OLGAQ,18,1,0,0,84.95,1443.65,80.20277777777778,0
3244-CQPHU,72,1,2,2,110.1,7746.7,107.59305555555555,0
2674-MLXMN,71,1,0,3,99.65,6951.15,97.90352112676055,0
9708-HPXWZ,5,0,0,3,45.4,214.75,42.95,0
6992-TKNYO,38,1,1,3,69.0,2669.45,70.2486842105263,0
4468-YDOVK,5,1,0,2,48.65,235.2,47.04,0
3754-DXMRT,2,1,0,0,44.15,92.65,46.325,1
5792-JALQC,52,1,2,2,59.85,3103.25,59.67788461538461,0
7130-VTEWQ,8,1,0,0,75.75,606.25,75.78125,1
2200-DSAAL,68,1,2,0,80.65,5330.2,78.38529411764705,0
4302-ZYFEL,69,1,1,3,20.55,1403.1,20.33478260869565,0
9351-LZYGF,42,1,0,3,66.4,2727.8,64.94761904761906,0
4366-CTOUZ,50,1,2,1,100.2,5038.45,100.76899999999999,0
6121-VZNQB,1,1,0,1,19.1,19.1,19.1,1
7903-CMPEY,1,1,0,0,80.3,80.3,80.3,1
1518-OMDIK,33,1,0,3,44.55,1462.6,44.32121212121212,0
6671-NGWON,7,1,0,1,20.35,150.6,21.514285714285712,0
0595-ITUDF,64,1,0,0,91.8,5960.5,93.1328125,0
6996-KNSML,1,1,0,0,74.9,74.9,74.9,1
1955-IBMMB,59,1,2,2,20.2,1192.3,20.208474576271186,0
0096-BXERS,6,1,0,0,50.35,314.55,52.425000000000004,0
3806-YAZOV,3,1,0,1,18.8,56.0,18.666666666666668,0
7998-ZLXWN,15,1,0,3,20.45,330.8,22.053333333333335,0
6253-WRFHY,13,1,1,0,64.75,877.35,67.48846153846154,0
9133-AYJZG,23,1,0,3,98.7,2249.1,97.78695652173913,0
2675-OTVVJ,31,1,0,0,89.45,2807.65,90.56935483870969,0
8680-CGLTP,29,1,1,0,58.75,1696.2,58.4896551724138,0
8430-TWCBX,49,1,1,3,20.7,1032.05,21.062244897959182,0
5018-GWURO,56,1,0,2,85.6,4902.8,87.55,0
6741-QRLUP,63,1,2,3,80.3,4995.35,79.29126984126985,0
4737-HOBAX,63,1,2,3,79.8,5034.05,79.90555555555555,0
0537-QYZZN,24,1,0,0,79.85,1857.75,77.40625,0
3340-QBBFM,36,1,1,3,54.1,1992.85,55.356944444444444,0
1704-NRWYE,9,1,0,0,80.85,751.65,83.51666666666667,1
2592-SEIFQ,3,0,0,0,24.75,66.95,22.316666666666666,1
8200-KLNYW,21,1,1,1,80.9,1714.95,81.66428571428571,0
3372-CDXFJ,13,1,1,2,24.5,343.6,26.430769230769233,0
4781-ZXYGU,1,1,0,2,20.15,20.15,20.15,0
7632-YUTXB,25,1,1,1,20.05,520.1,20.804000000000002,0
2718-YSKCS,71,1,2,2,19.6,1387.45,19.541549295774647,0
9896-UYMIE,66,1,1,2,114.3,7383.7,111.87424242424242,0
0853-NWIFK,45,1,1,0,100.3,4483.95,99.64333333333333,0
8212-CRQXP,22,1,0,3,80.0,1706.45,77.56590909090909,0
6980-CDGFC,67,1,1,2,20.85,1327.4,19.811940298507466,0
7691-XVTZH,68,1,2,2,89.95,5974.3,87.85735294117647,0
7481-ATQQS,49,1,0,3,90.85,4515.85,92.16020408163266,1
2277-VWCNI,4,1,0,1,48.75,179.85,44.9625,0
1088-CNNKB,63,1,1,3,80.0,5040.2,80.0031746031746,0
8642-GVWRF,2,1,0,2,79.7,165.0,82.5,1
1930-BZLHI,21,1,1,1,20.35,422.7,20.128571428571426,0
3400-ESFUW,55,1,2,2,57.55,3046.4,55.38909090909091,1
5868-YTYKS,1,1,0,1,20.25,20.25,20.25,0
3525-DVKFN,17,1,2,1,19.4,358.05,21.061764705882354,0
1482-OXZSY,30,1,0,2,100.4,2936.25,97.875,0
0377-JBKKT,22,1,0,1,57.95,1271.8,57.809090909090905,0
5778-BVOFB,9,1,0,2,59.5,530.05,58.89444444444444,0
3373-YZZYM,1,1,0,1,19.2,19.2,19.2,0
2057-ZBLPD,21,1,0,0,86.5,1808.7,86.12857142857143,1
0228-MAUWC,19,1,0,0,59.55,1144.6,60.24210526315789,0
5502-RLUYV,69,1,0,0,103.95,7446.9,107.92608695652173,1
0023-HGHWL,1,0,0,0,25.1,25.1,25.1,1
7663-YJHSN,72,1,2,2,103.95,7556.9,104.95694444444445,0
4915-BFSXL,70,1,2,3,68.95,4858.7,69.41,0
3086-RUCRN,66,1,0,2,103.1,6595.0,99.92424242424242,0
5215-LNLDJ,7,0,0,0,24.7,149.05,21.292857142857144,0
7576-JMYWV,46,1,0,0,110.2,4972.1,108.08913043478262,0
9039-RBEEE,39,0,0,3,48.95,1880.85,48.22692307692307,1
0257-KXZGU,32,1,0,2,62.45,2045.55,63.9234375,0
1307-ATKGB,24,1,0,0,89.55,2187.15,91.13125000000001,0
8417-FMLZI,6,1,0,3,83.55,477.55,79.59166666666667,1
3714-XPXBW,37,1,0,3,78.9,2976.95,80.4581081081081,0
1850-AKQEP,8,1,0,1,20.35,178.7,22.3375,0
2824-DXNKN,72,1,2,2,71.45,5025.85,69.80347222222223,0
5227-JSCFE,71,0,2,3,46.35,3353.4,47.23098591549296,0
0848-ZGQIJ,16,1,0,2,94.65,1461.15,91.321875,0
3621-CHYVB,57,0,0,2,49.9,2782.4,48.8140350877193,0
8042-RNLKO,66,1,1,2,25.45,1699.15,25.74469696969697,0
1792-UXAFY,17,1,0,0,89.15,1496.9,88.0529411764706,1
5372-FBKBN,21,1,0,1,20.75,452.2,21.53333333333333,0
0420-TXVSG,66,1,2,3,66.1,4428.45,67.09772727272727,0
6217-TOWGS,17,1,0,2,75.4,1322.55,77.79705882352941,0
0515-YPMCW,1,1,0,1,70.45,70.45,70.45,1
0378-XSZPU,58,1,1,3,60.3,3563.8,61.4448275862069,1
1045-LTCYT,8,1,0,3,21.05,139.75,17.46875,0
1544-JJMYL,27,1,1,3,69.35,1927.3,71.38148148148149,0
4636-JGAAI,34,1,0,1,88.85,3000.25,88.24264705882354,0
6874-SGLHU,30,1,1,2,97.0,3021.3,100.71000000000001,0
5951-AOFIH,33,1,0,3,66.4,2245.4,68.04242424242425,0
4729-XKASR,1,0,0,0,24.75,24.75,24.75,1
3059-NGMXB,14,1,0,1,69.2,944.65,67.475,0
8652-YHIYU,16,1,1,3,79.5,1264.2,79.0125,0
5278-PNYOX,49,1,2,3,100.65,4917.75,100.36224489795919,0
5449-FIBXJ,19,1,0,0,103.3,2012.7,105.93157894736842,1
3486-HOOGQ,70,1,2,2,79.7,5743.3,82.04714285714286,0
5061-PBXFW,32,1,0,2,61.4,1864.65,58.2703125,0
8630-FJLIB,18,1,0,0,69.8,1221.65,67.86944444444445,0
3891-NLXJB,37,0,2,1,40.55,1390.85,37.59054054054054,0
4749-OJKQU,4,1,0,0,75.65,302.35,75.5875,0
0577-WHMEV,16,1,0,0,90.7,1374.9,85.93125,0
5453-AXEPF,17,1,0,2,80.5,1336.9,78.64117647058823,0
3639-XJHKQ,19,1,0,0,60.6,1297.8,68.30526315789473,0
3716-LRGXK,60,1,2,3,101.15,6067.4,101.12333333333332,0
2263-SFSQZ,51,1,2,1,24.95,1222.25,23.965686274509803,0
9950-MTGYX,28,1,2,3,20.3,487.95,17.426785714285714,0
3397-AVTKU,43,1,2,0,60.0,2548.55,59.268604651162796,0
4825-FUREZ,42,1,2,0,20.25,835.5,19.892857142857142,0
9837-BMCLM,3,1,0,0,78.5,242.05,80.68333333333334,1
2672-OJQZP,1,1,0,1,44.75,44.75,44.75,0
0137-UDEUO,3,1,0,1,19.85,63.75,21.25,1
3134-DSHVC,63,1,2,3,98.0,6218.45,98.70555555555555,0
6161-UUUTA,3,1,0,0,79.9,260.9,86.96666666666665,1
7821-DPRQE,68,1,0,0,107.7,7320.9,107.66029411764706,0
6543-XRMYR,30,1,0,0,99.7,2967.35,98.91166666666666,1
2001-EWBQU,60,1,2,0,104.7,6333.8,105.56333333333333,0
4925-LMHOK,15,1,0,3,58.6,939.7,62.64666666666667,1
1608-GMEWB,45,1,0,2,93.9,4200.25,93.33888888888889,0
6695-AMZUF,70,1,2,3,86.45,5950.2,85.00285714285714,0
1455-UGQVH,10,1,0,0,98.5,1037.75,103.775,1
8410-BGQXN,4,1,0,1,19.4,93.4,23.35,0
8280-MQRQN,1,1,0,1,50.45,50.45,50.45,1
1619-YWUBB,68,1,2,3,24.95,1614.9,23.748529411764707,0
7611-YKYTC,22,1,0,2,75.0,1573.95,71.54318181818182,0
2037-SGXHH,38,1,0,0,94.65,3624.3,95.3763157894737,1
3178-FESZO,1,1,0,3,100.25,100.25,100.25,1
0365-GXEZS,18,1,0,0,78.2,1468.75,81.59722222222223,0
0082-OQIQY,29,1,0,0,94.2,2607.6,89.91724137931034,0
6087-MVHJH,16,1,0,0,88.45,1422.1,88.88125,1
4603-JANFB,1,1,0,0,69.85,69.85,69.85,1
3018-TFTSU,12,1,0,2,81.7,858.6,71.55,1
3606-SBKRY,31,0,1,0,50.05,1523.4,49.141935483870974,0
4806-KEXQR,4,1,0,0,79.9,324.3,81.075,1
0667-NSRGI,48,1,1,1,69.55,3435.6,71.575,0
7083-YNSKY,15,1,0,3,25.4,399.6,26.64,1
6893-ODYYE,50,1,1,3,90.1,4549.45,90.98899999999999,0
8242-JSVBO,7,1,0,2,44.65,322.5,46.07142857142857,0
2479-BRAMR,41,1,0,2,83.75,3273.55,79.84268292682927,1
9541-ZPSEA,68,1,2,3,80.35,5375.15,79.04632352941177,0
2665-NPTGL,26,1,0,2,98.1,2510.7,96.5653846153846,0
1139-WUOAH,57,0,2,3,53.35,3090.05,54.21140350877193,0
4693-VWVBO,3,1,0,0,19.55,61.05,20.349999999999998,0
7434-SHXLS,1,1,0,1,20.9,20.9,20.9,1
6937-GCDGQ,19,1,1,2,48.95,955.6,50.294736842105266,0
0988-JRWWP,3,1,0,0,54.2,140.4,46.800000000000004,0
5075-JSDKI,59,1,2,0,24.45,1493.1,25.306779661016947,0
7908-QCBCA,1,1,0,1,69.4,69.4,69.4,1
8644-XYTSV,42,0,0,2,40.15,1626.05,38.71547619047619,0
6711-FLDFB,7,1,0,0,74.9,541.15,77.30714285714285,1
3873-WOSBC,67,1,2,3,25.6,1784.9,26.64029850746269,0
7465-ZZRVX,1,1,0,0,70.35,70.35,70.35,0
7975-JMZNT,66,1,2,2,91.7,6075.9,92.0590909090909,0
7251-XFOIL,61,1,0,1,89.2,5500.6,90.17377049180328,0
4116-IQRFR,4,1,1,3,24.1,73.1,18.275,0
3714-JTVOV,42,1,0,3,74.15,3229.4,76.89047619047619,1
8259-DZLIZ,64,1,1,2,53.85,3399.85,53.12265625,0
0442-ZXKVS,54,1,1,2,115.6,6431.05,119.09351851851852,0
7853-WNZSY,1,1,0,3,19.75,19.75,19.75,0
3120-FAZKD,54,1,2,2,24.05,1230.9,22.794444444444448,0
8606-OEGQZ,18,1,2,3,25.3,454.65,25.258333333333333,0
0225-ZORZP,3,1,0,0,84.3,235.05,78.35000000000001,0
4702-IOQDC,1,1,0,0,70.1,70.1,70.1,1
9489-JMTTN,72,1,2,3,89.75,6595.9,91.60972222222222,0
0575-CUQOV,60,1,1,0,97.95,5867.0,97.78333333333333,0
0967-BMLBD,11,1,1,1,20.0,196.35,17.849999999999998,0
6178-KFNHS,12,1,0,0,78.3,909.25,75.77083333333333,1
2830-LEWOA,61,1,1,3,103.9,6449.15,105.72377049180328,0
5006-MXVRN,39,1,2,3,20.7,762.45,19.55,0
1264-BYWMS,55,1,0,0,96.8,5283.95,96.07181818181817,1
9658-WYUFB,17,1,0,0,94.4,1617.5,95.1470588235294,1
8327-WKMIE,37,1,1,3,20.15,785.75,21.236486486486488,0
6917-FIJHC,72,1,2,1,26.0,1776.0,24.666666666666668,0
5329-KRDTM,72,1,2,3,77.35,5396.25,74.94791666666667,0
7797-EJMDP,8,1,0,2,66.05,574.5,71.8125,0
3530-VWVGU,22,1,0,1,19.9,400.3,18.195454545454545,0
2013-SGDXK,1,1,0,0,84.3,84.3,84.3,1
6368-NWMCE,38,1,0,3,68.15,2656.3,69.90263157894738,0
3633-CDBUW,17,1,1,0,80.85,1445.95,85.05588235294118,0
0707-HOVVN,70,1,2,2,75.5,5212.65,74.46642857142857,0
8580-QVLOC,72,1,2,3,92.45,6440.25,89.44791666666667,1
3956-MGXOG,28,1,0,0,80.6,2244.95,80.17678571428571,0
9274-UARKJ,15,1,0,2,83.2,1130.0,75.33333333333333,0
4077-HWUYD,72,1,2,2,87.55,6463.15,89.76597222222222,0
2012-NWRPA,11,1,0,0,99.55,1131.2,102.83636363636364,1
8808-ELEHO,8,1,0,0,81.25,585.95,73.24375,1
0103-CSITQ,57,1,1,2,109.4,6252.7,109.69649122807017,0
3506-LCJDC,1,1,0,2,19.95,19.95,19.95,1
8671-KKKOS,46,0,0,0,45.55,2062.15,44.82934782608696,0
7305-ZWMAJ,30,1,1,3,20.7,587.1,19.57,0
9518-XXBXE,10,1,0,0,75.3,720.45,72.045,0
3934-HXCFZ,23,1,0,0,99.25,2186.4,95.0608695652174,1
6578-KRMAW,32,1,0,3,93.4,2979.3,93.103125,0
4860-IJUDE,13,1,0,3,73.75,956.65,73.58846153846153,0
7666-WKRON,39,1,2,0,80.45,3201.55,82.09102564102565,1
9688-YGXVR,44,1,0,3,88.15,3973.2,90.3,0
0423-UDIJQ,9,1,0,1,49.2,447.9,49.766666666666666,0
1945-XISKS,67,1,2,1,19.65,1335.2,19.928358208955224,0
4910-AQFFX,9,1,0,2,79.35,661.25,73.47222222222223,1
2154-KVJFF,15,1,0,0,79.75,1111.85,74.12333333333332,1
5360-LJCNJ,71,1,2,2,105.15,7555.0,106.40845070422536,0
2607-FBDFF,1,1,0,3,49.0,49.0,49.0,0
9647-ERGBE,30,1,0,0,100.05,3046.15,101.53833333333334,1
3428-XZMAZ,1,1,0,0,69.35,69.35,69.35,1
1100-DDVRV,17,0,0,1,49.8,836.35,49.19705882352941,0
0378-TOVMS,3,1,0,0,85.8,272.2,90.73333333333333,1
4355-HBJHH,67,1,2,0,79.7,5293.4,79.00597014925373,1
6728-WYQBC,1,1,0,2,20.95,20.95,20.95,0
9058-CBREO,1,1,0,1,50.55,50.55,50.55,1
9029-FEGVJ,32,1,0,1,79.3,2570.0,80.3125,0
7216-KAOID,41,1,1,2,19.5,798.2,19.46829268292683,0
0318-QUUOB,1,1,0,0,80.55,80.55,80.55,1
6145-NNPNO,1,1,0,2,44.15,44.15,44.15,0
5520-FVEWJ,12,1,0,0,84.5,916.9,76.40833333333333,1
5339-TJFEK,62,1,0,0,105.5,6487.2,104.63225806451612,0
5572-ZDXHY,22,1,0,1,84.3,1855.65,84.34772727272728,1
2074-GUHPQ,17,1,0,3,92.7,1556.85,91.57941176470588,0
4625-XMOYM,72,1,2,2,26.25,1988.05,27.611805555555556,0
5827-MWCZK,56,1,0,3,96.95,5432.2,97.00357142857142,0
1385-TQOZW,9,1,0,3,20.45,147.55,16.394444444444446,0
5914-XRFQB,72,1,2,2,115.8,8424.9,117.01249999999999,0
4329-YPDDQ,20,1,0,2,108.2,2203.7,110.18499999999999,0
4804-NCPET,19,1,2,1,20.2,387.4,20.389473684210525,0
3750-CKVKH,2,1,0,0,67.75,116.65,58.325,1
5944-UGLLK,53,0,1,3,54.9,3045.75,57.466981132075475,0
8063-GBATB,27,1,0,0,85.25,2287.25,84.71296296296296,1
7787-BNTZM,6,1,0,2,20.15,130.5,21.75,0
2252-ISRNH,9,1,1,0,90.35,767.9,85.32222222222222,0
9415-TPKRV,8,1,0,0,55.75,446.8,55.85,0
5322-TEUJK,71,1,2,2,114.6,8100.25,114.08802816901408,0
4547-KQRTM,10,1,0,2,80.05,830.7,83.07000000000001,1
4877-EVATK,1,1,0,1,20.0,20.0,20.0,1
1866-DIOQZ,71,0,1,2,66.8,4689.15,66.0443661971831,0
8375-KVTHK,68,1,1,0,100.3,6754.35,99.32867647058823,0
2697-NQBPF,34,1,0,0,105.35,3540.65,104.13676470588236,0
3709-OIJEA,26,1,1,0,85.2,2184.6,84.02307692307691,0
7639-SUPCW,22,1,0,3,48.8,1054.6,47.93636363636363,1
1386-ZIKUV,7,1,0,1,18.95,130.55,18.650000000000002,0
0599-XNYDO,20,1,0,2,69.8,1540.35,77.0175,0
6377-WHAOX,60,1,0,0,106.15,6411.25,106.85416666666667,0
6855-VLGOS,72,1,2,0,20.55,1432.55,19.896527777777777,0
8999-XXGNS,72,1,1,3,105.75,7629.85,105.9701388888889,0
8746-OQQRW,4,1,0,1,25.25,101.9,25.475,0
3181-MIZBN,16,1,0,0,19.75,313.4,19.5875,0
0471-ARVMX,62,1,1,0,104.85,6312.9,101.82096774193548,0
7766-CLTIC,10,1,0,1,60.95,629.55,62.955,0
5650-YLIBA,31,1,0,0,81.15,2640.55,85.17903225806452,0
0825-CPPQH,71,1,2,3,19.1,1372.45,19.330281690140847,0
9084-OAYKL,58,1,2,1,20.8,1212.25,20.900862068965516,0
6122-LJADA,70,1,2,3,90.15,6237.05,89.10071428571429,0
2400-XIWIO,71,1,2,0,90.1,6310.9,88.88591549295774,0
7524-VRLPL,69,1,2,3,74.1,5031.0,72.91304347826087,0
1069-XAIEM,1,1,0,0,85.05,85.05,85.05,1
7569-NMZYQ,72,1,2,2,118.75,8672.45,120.45069444444445,0
5201-USSQZ,26,1,0,3,85.9,2196.45,84.47884615384615,0
2105-PHWON,33,1,0,3,95.0,3008.15,91.1560606060606,0
1494-EJZDW,10,1,2,1,20.15,220.8,22.080000000000002,0
4884-TVUQF,57,1,2,3,101.3,5779.6,101.39649122807018,0
8003-EWNDZ,10,1,0,0,21.2,222.65,22.265,0
1897-RCFUM,39,1,1,1,24.2,914.6,23.451282051282053,0
9256-JTBNZ,11,1,0,2,20.3,246.3,22.39090909090909,0
4658-HCOHW,21,1,0,0,102.8,2110.15,100.48333333333333,1
2211-RMNHO,68,1,2,2,85.3,5560.0,81.76470588235294,0
2432-TFSMK,18,1,1,3,89.6,1633.0,90.72222222222223,0
3440-JPSCL,6,1,0,1,99.95,547.65,91.27499999999999,1
4929-ROART,18,1,0,1,56.25,969.85,53.88055555555556,0
1834-ABKHQ,52,1,1,2,50.95,2610.65,50.204807692307696,0
1741-WTPON,56,1,2,1,115.85,6567.9,117.28392857142856,0
3932-IJWDZ,45,1,0,2,103.65,4747.85,105.50777777777779,0
1240-HCBOH,67,1,2,1,26.1,1759.55,26.26194029850746,0
3594-KADLU,3,0,0,1,35.1,101.1,33.699999999999996,0
8065-BVEPF,65,1,0,2,99.1,6496.15,99.94076923076922,0
3796-ENZGF,63,1,2,1,67.25,4234.15,67.20873015873015,0
1734-ZMNTZ,11,1,2,1,25.0,300.7,27.336363636363636,0
2853-CWQFQ,1,1,0,1,59.55,59.55,59.55,0
0813-TAXXS,55,1,2,2,77.8,4323.35,78.60636363636364,0
2519-TWKFS,25,1,1,1,55.1,1466.1,58.644,0
2889-FPWRM,72,1,1,2,117.8,8684.8,120.6222222222222,1
0626-QXNGV,72,1,2,3,24.15,1776.45,24.672916666666666,0
6723-CEGQI,65,0,2,1,45.25,2933.95,45.137692307692305,0
6987-XQSJT,54,1,0,0,79.5,4370.25,80.93055555555556,1
4732-RRJZC,7,1,0,1,20.25,144.35,20.62142857142857,0
9499-XPZXM,72,1,2,2,64.75,4804.75,66.73263888888889,0
4338-EYCER,21,1,0,2,54.6,1125.2,53.58095238095238,0
3007-FDPEA,2,1,0,2,20.7,39.85,19.925,0
6350-XFYGW,4,1,0,0,94.75,422.4,105.6,0
4290-BSXUX,3,1,0,2,79.65,251.75,83.91666666666667,1
8513-OLYGY,72,1,2,3,115.8,8332.15,115.72430555555555,0
0311-QYWSS,6,1,0,0,49.45,314.6,52.43333333333334,0
8705-DWKTI,52,1,0,3,83.8,4331.4,83.29615384615384,0
8755-IWJHN,69,1,0,2,95.35,6382.0,92.4927536231884,0
0325-XBFAC,8,1,0,0,94.7,740.3,92.5375,1
4480-QQRHC,8,1,0,2,74.05,600.15,75.01875,0
0929-PECLO,63,1,0,2,89.6,5538.8,87.91746031746032,0
3680-CTHUH,60,1,1,3,116.6,7049.5,117.49166666666666,0
1202-KKGFU,12,1,0,2,54.2,690.5,57.541666666666664,0
6112-KTHFQ,13,1,0,1,19.3,279.3,21.484615384615385,0
1852-XEMDW,22,1,0,1,65.05,1427.55,64.88863636363637,0
2462-XIIJB,5,1,0,0,92.5,452.7,90.53999999999999,1
4760-XOHVN,1,1,0,1,19.45,19.45,19.45,1
1820-DJFPH,72,1,2,2,24.05,1709.15,23.738194444444446,0
9426-SXNHE,2,1,0,2,18.75,53.15,26.575,0
9068-FHQHD,40,1,2,2,20.15,777.35,19.43375,0
1269-FOYWN,44,1,1,2,20.0,860.85,19.56477272727273,0
9470-YFUYI,71,1,1,2,71.0,5012.1,70.59295774647887,0
7817-BOQPW,2,1,0,0,75.55,166.3,83.15,1
7402-EYFXX,26,1,0,0,93.6,2404.1,92.46538461538461,0
1853-UDXBW,1,1,0,0,70.0,70.0,70.0,1
9895-VFOXH,1,0,0,1,24.4,24.4,24.4,0
5458-CQJTA,65,1,2,2,74.8,4820.15,74.15615384615384,1
1230-QAJDW,3,1,0,1,65.25,209.9,69.96666666666667,0
5701-ZIKJE,13,1,0,1,50.55,610.75,46.98076923076923,0
5219-YIPTK,33,1,0,0,104.4,3409.6,103.32121212121211,1
5032-MIYKT,1,1,0,1,70.7,70.7,70.7,0
7396-VJUZB,4,1,0,1,45.25,155.35,38.8375,0
9717-QEBGU,2,1,0,0,70.3,144.0,72.0,0
5172-RKOCB,72,1,2,3,108.95,7875.0,109.375,0
6509-TSGWN,37,1,0,1,26.45,911.6,24.63783783783784,0
3540-RZJYU,15,1,0,0,86.2,1270.2,84.68,1
3178-CIFOT,23,1,1,3,19.65,478.1,20.786956521739132,0
2091-MJTFX,30,0,0,3,51.2,1561.5,52.05,1
4530-NDRKU,42,1,1,0,19.05,761.85,18.139285714285716,0
5985-TBABQ,32,1,1,1,74.75,2282.95,71.3421875,0
9800-ONTFE,22,1,0,2,75.8,1615.1,73.41363636363636,0
6743-HHQPF,42,0,0,3,25.1,1097.15,26.12261904761905,0
8455-HIRAQ,8,1,0,1,44.45,369.3,46.1625,0
6616-AALSR,65,1,2,3,104.3,6725.3,103.46615384615384,0
0883-EIBTI,2,1,0,1,19.5,31.55,15.775,1
9415-ZNBSX,70,1,2,2,89.0,6293.2,89.90285714285714,0
4018-KJYUY,22,1,0,3,20.15,432.5,19.65909090909091,0
0722-TROQR,4,1,0,0,74.9,321.75,80.4375,1
7571-YXDAD,2,1,0,3,74.9,147.15,73.575,1
3884-UEBXB,67,0,2,2,36.15,2434.45,36.33507462686567,0
8780-RSYYU,25,1,0,3,19.2,532.1,21.284000000000002,0
5537-UXXVS,20,1,0,2,19.25,375.25,18.7625,0
1791-PQHBB,2,1,0,3,61.2,125.95,62.975,0
8701-DGLVH,51,1,2,1,20.45,1042.65,20.444117647058825,0
8741-LQOBK,46,0,0,2,35.05,1620.25,35.22282608695652,0
3393-FMZPV,25,1,0,0,100.25,2387.75,95.51,1
8082-GHXOP,13,1,0,1,44.0,659.35,50.71923076923077,0
6402-ZFPPI,25,1,0,1,102.8,2660.2,106.40799999999999,1
0980-FEXWF,26,1,1,1,50.35,1285.8,49.45384615384615,0
7486-KSRVI,43,1,1,0,100.0,4211.55,97.94302325581396,1
3011-WQKSZ,19,1,0,0,20.0,377.55,19.871052631578948,0
8443-WVPSS,10,1,0,0,99.85,990.9,99.09,1
3006-XIMLN,2,1,0,2,94.2,193.8,96.9,1
8218-FFJDS,72,1,2,2,86.4,6058.95,84.15208333333334,0
1986-PHGZF,18,1,0,3,58.4,964.9,53.605555555555554,0
9965-YOKZB,9,1,0,0,83.85,790.15,87.79444444444444,1
0504-HHAPI,27,1,0,3,88.3,2467.75,91.39814814814815,1
9360-OMDZZ,24,1,0,0,94.1,2322.85,96.78541666666666,0
6305-YLBMM,69,1,1,2,104.05,7262.0,105.2463768115942,1
0345-XMMUG,46,1,2,3,108.9,4854.3,105.52826086956522,0
8024-XNAFQ,72,1,2,2,107.4,7748.75,107.62152777777777,0
3647-GMGDH,22,1,0,3,94.7,1914.9,87.0409090909091,1
2988-GBIVW,70,1,0,0,90.85,6470.1,92.43,0
2832-SCUCO,2,1,0,0,19.9,57.4,28.7,0
7036-ZZKBD,31,1,0,3,66.4,2019.8,65.15483870967742,0
3791-LGQCY,56,1,0,2,100.65,5688.05,101.57232142857143,1
0265-PSUAE,16,1,0,2,100.7,1522.7,95.16875,0
0463-TXOAK,52,1,2,3,25.6,1334.5,25.66346153846154,0
0594-UFTUL,13,1,0,1,19.85,252.0,19.384615384615383,0
9509-MPYOD,35,1,1,1,20.75,700.45,20.012857142857143,0
9128-CPXKI,59,1,2,0,95.8,5655.45,95.85508474576271,0
0129-KPTWJ,72,1,0,0,94.65,6747.35,93.71319444444445,0
8166-ZZTFS,66,1,2,2,80.55,5265.1,79.77424242424243,1
5855-EIBDE,49,1,2,3,106.65,5174.35,105.59897959183674,0
5365-LLFYV,2,1,0,1,45.85,105.6,52.8,0
5956-YHHRX,21,1,0,0,104.35,2271.85,108.18333333333332,0
6008-NAIXK,54,0,1,0,55.45,2966.95,54.943518518518516,0
2956-GGUCQ,24,1,0,0,78.85,1772.25,73.84375,1
1928-BXYIV,1,1,0,0,61.15,61.15,61.15,0
5760-FXFVO,6,1,0,0,78.95,494.95,82.49166666666666,0
6595-COKXZ,1,1,0,1,44.45,44.45,44.45,1
0961-ZWLVI,49,1,1,3,109.2,5290.45,107.96836734693878,0
5181-OABFK,56,1,2,3,61.3,3346.8,59.76428571428572,0
4007-NHVHI,56,1,0,0,96.85,5219.65,93.20803571428571,0
7816-VGHTO,6,0,2,1,40.55,217.5,36.25,0
5871-DGTXZ,32,1,1,1,19.8,607.7,18.990625,0
7550-WIQVA,50,1,1,0,108.25,5431.4,108.62799999999999,0
7544-ZVIKX,58,1,1,2,105.05,6004.85,103.53189655172415,0
0016-QLJIS,65,1,2,1,90.45,5957.9,91.66,0
7508-DQAKK,64,1,2,3,86.4,5442.05,85.03203125,0
5176-OLSKT,66,1,2,2,66.9,4370.25,66.2159090909091,0
9356-AXGMP,38,1,1,0,110.7,4428.6,116.54210526315791,0
3556-BVQGL,20,1,1,1,20.0,416.45,20.822499999999998,0
0362-ZBZWJ,36,1,0,0,84.9,3067.2,85.19999999999999,1
8979-CAMGB,64,1,1,0,102.1,6688.1,104.5015625,0
4211-MMAZN,1,1,0,1,20.25,20.25,20.25,1
7581-EBBOU,60,1,1,3,70.15,4224.7,70.41166666666666,0
4274-OWWYO,1,1,0,0,74.35,74.35,74.35,1
5073-RZGBK,50,1,1,2,80.05,4042.2,80.844,0
1541-ETJZO,1,1,0,1,62.05,62.05,62.05,1
2192-CKRLV,72,0,2,0,49.2,3580.95,49.735416666666666,0
3154-HMWUU,60,1,2,2,20.5,1198.8,19.98,0
6119-SPUDB,46,0,2,1,38.25,1755.35,38.15978260869565,0
6522-OIQSX,69,0,2,3,54.95,3772.5,54.67391304347826,0
7813-ZGGAW,31,1,0,2,96.6,2877.95,92.83709677419354,0
8748-HFWBO,19,1,1,1,19.9,357.7,18.826315789473682,0
1052-QJIBV,71,1,2,3,19.9,1397.3,19.680281690140845,0
1319-YLZJG,12,1,0,0,84.6,959.9,79.99166666666666,0
4106-HADHQ,39,1,1,3,80.0,3182.95,81.61410256410257,1
0723-FDLAY,44,1,1,2,85.25,3704.15,84.18522727272727,0
3050-RLLXC,56,1,2,3,81.25,4620.4,82.50714285714285,0
9298-WGMRW,72,1,2,2,115.5,8312.75,115.45486111111111,0
2369-UAPKZ,5,1,0,1,104.1,541.9,108.38,1
3088-LHEFH,11,1,0,2,79.0,929.3,84.48181818181818,0
2778-OCLGR,24,0,0,2,39.1,971.3,40.47083333333333,1
6583-KQJLK,15,1,0,0,94.65,1285.05,85.67,0
8544-JNBOX,72,1,2,1,20.8,1521.2,21.12777777777778,0
6681-ZSEXG,56,1,2,3,59.5,3389.25,60.52232142857143,0
6139-ZZRBQ,64,1,2,2,20.05,1198.05,18.71953125,0
6116-RFVHN,34,1,0,0,100.45,3414.65,100.43088235294118,0
0637-KVDLV,2,1,0,0,76.5,162.45,81.225,1
8884-FEEWR,35,1,1,2,20.6,754.0,21.542857142857144,0
3125-RAHBV,22,1,1,3,20.3,467.15,21.23409090909091,0
6633-MPWBS,5,1,0,0,49.2,216.9,43.38,1
0373-AIVNJ,9,0,1,1,39.55,373.0,41.44444444444444,0
8785-EPNCG,11,1,0,3,23.15,245.2,22.29090909090909,1
1682-VCOIO,23,1,1,1,20.45,481.1,20.917391304347827,0
5729-KLZAR,4,1,0,0,80.85,302.75,75.6875,1
2072-ZVJJX,68,1,2,2,25.25,1728.2,25.41470588235294,0
8849-AYPTR,33,1,0,0,91.25,2964.05,89.81969696969698,0
9518-IMLHK,31,1,0,2,72.45,2156.25,69.55645161290323,0
1582-RAFML,1,1,0,1,60.1,60.1,60.1,1
3646-ITDGM,56,1,2,2,19.7,1051.9,18.78392857142857,0
8740-CRYFY,1,1,0,0,78.95,78.95,78.95,1
3569-VLDHH,66,1,1,0,75.1,5013.0,75.95454545454545,0
8224-KDLKN,72,1,2,2,25.0,1738.9,24.15138888888889,0
7594-LZNWR,34,1,0,3,69.15,2275.1,66.91470588235293,0
4001-TSBTV,58,1,0,0,91.55,5511.65,95.02844827586206,0
2962-XPMCQ,2,1,0,0,45.15,98.5,49.25,1
8727-XDPUD,37,0,2,3,35.8,1316.9,35.5918918918919,0
1043-UXOVO,71,1,2,3,113.15,7993.3,112.58169014084507,0
1064-FBXNK,1,1,1,3,19.85,19.85,19.85,0
3996-ZNWYK,71,1,2,3,19.8,1388.45,19.555633802816903,0
2878-DHMIN,35,1,1,0,19.9,666.0,19.02857142857143,0
7762-ONLJY,6,1,1,1,19.7,94.45,15.741666666666667,0
1678-FYZOW,3,1,0,0,79.4,244.65,81.55,1
5795-BKOYE,69,1,1,2,59.1,4134.7,59.9231884057971,0
8627-EHGIP,44,0,1,1,53.95,2375.4,53.98636363636364,1
7402-PWYJJ,53,1,1,0,91.15,4862.5,91.74528301886792,0
5480-TBGPH,24,1,0,3,99.3,2431.35,101.30624999999999,1
0018-NYROU,5,1,0,0,68.95,351.5,70.3,0
7501-VTYLJ,2,1,0,1,51.55,106.2,53.1,0
7608-RGIRO,62,1,2,1,24.4,1413.0,22.79032258064516,0
0480-BIXDE,19,1,0,0,96.8,1743.05,91.73947368421052,0
5895-QSXOD,9,1,0,1,70.05,657.5,73.05555555555556,0
9814-AOUDH,53,1,2,3,19.5,1050.5,19.82075471698113,0
6175-IRFIT,5,1,0,1,78.75,426.35,85.27000000000001,0
8760-ZRHKE,71,1,1,0,69.2,4982.5,70.17605633802818,0
1622-HSHSF,1,1,0,1,19.55,19.55,19.55,0
8854-CCVSQ,18,1,0,0,80.65,1451.9,80.66111111111111,1
6749-UTDVX,72,1,2,0,103.65,7634.8,106.03888888888889,0
5542-DHSXL,4,1,0,1,54.7,235.05,58.7625,0
9102-OXKFY,59,1,2,3,54.15,3116.15,52.816101694915254,0
0511-JTEOY,1,1,0,1,71.1,71.1,71.1,1
5216-WASFJ,31,1,0,0,84.85,2633.4,84.9483870967742,0
7808-DVWEP,3,1,0,2,20.0,49.65,16.55,0
7067-KSAZT,65,1,1,0,106.25,6979.8,107.38153846153847,1
2284-VFLKH,49,1,1,3,99.25,4920.8,100.42448979591838,0
0366-NQSHS,2,1,0,1,19.35,46.35,23.175,0
6532-YLWSI,53,1,1,2,20.8,1021.8,19.279245283018867,1
3807-BPOMJ,55,1,1,0,94.75,5276.1,95.92909090909092,0
3892-NXAZG,72,1,2,3,114.05,8289.2,115.1277777777778,0
4948-WBBKL,36,1,0,2,74.9,2659.45,73.8736111111111,0
4182-BGSIQ,10,1,0,2,19.8,196.75,19.675,0
9300-AGZNL,1,1,0,0,94.0,94.0,94.0,1
0988-AADSA,72,1,2,2,80.85,5824.75,80.89930555555556,0
9972-NKTFD,28,1,0,2,54.65,1517.5,54.19642857142857,0
3717-LNXKW,38,1,0,2,91.7,3479.05,91.55394736842106,0
5734-EJKXG,61,1,1,0,118.6,7365.7,120.74918032786886,0
2207-RYYRL,52,1,2,1,24.55,1331.05,25.597115384615385,0
6729-FZWSY,67,1,1,1,19.45,1195.95,17.85,0
9695-IDRZR,34,1,2,3,116.15,3946.9,116.08529411764707,0
8144-DGHXP,54,1,2,0,80.6,4299.95,79.6287037037037,0
7814-LEEVE,1,1,0,2,20.3,20.3,20.3,0
1112-CUNAO,15,1,0,0,89.85,1424.95,94.99666666666667,1
5175-AOBHI,4,1,0,1,46.0,193.6,48.4,1
5174-RNGBH,9,1,0,1,66.25,620.55,68.94999999999999,1
8631-WUXGY,46,1,0,0,99.8,4391.25,95.46195652173913,0
7270-BDIOA,22,1,0,0,90.0,1993.8,90.62727272727273,1
9565-JSNFM,38,1,1,2,70.45,2597.6,68.3578947368421,1
5906-DVAPM,55,1,1,3,75.0,4213.9,76.61636363636363,0
6654-QGBZZ,1,1,0,1,19.9,19.9,19.9,0
8348-JLBUG,64,1,1,3,80.3,5017.7,78.4015625,0
0607-DAAHE,53,1,2,2,19.75,1052.35,19.85566037735849,1
5641-DMBFJ,58,1,2,0,84.3,4916.4,84.7655172413793,0
9200-NLNPD,56,0,1,2,54.05,2959.8,52.853571428571435,0
2664-XJZNO,72,1,2,3,104.9,7559.55,104.99375,0
9732-KPKBW,1,1,0,0,53.95,53.95,53.95,1
3339-EAQNV,72,1,1,3,97.25,7133.1,99.07083333333334,0
0921-OHLVP,22,1,0,0,83.05,1799.3,81.78636363636363,0
3389-YGYAI,8,1,0,0,105.5,829.55,103.69375,1
9560-ARGQJ,16,1,0,0,81.0,1312.15,82.009375,1
8350-NYMVI,39,0,0,2,41.1,1597.05,40.949999999999996,0
1600-DILPE,12,1,0,2,45.0,524.35,43.69583333333333,0
0536-ESJEP,54,1,2,2,74.55,4191.45,77.61944444444444,0
4654-GGUII,18,0,1,1,40.2,711.95,39.55277777777778,0
6478-HRRCZ,32,1,1,1,70.5,2201.75,68.8046875,0
8510-BBWMU,41,1,1,1,19.75,806.95,19.681707317073172,0
6857-TKDJV,67,1,2,2,24.65,1620.45,24.18582089552239,0
2360-RDGRO,65,1,0,0,104.25,6812.95,104.81461538461538,0
0584-BJQGZ,25,1,0,2,78.35,1837.9,73.516,0
5134-IKDAY,1,1,0,0,69.8,69.8,69.8,1
1360-XFJMR,67,1,1,3,109.7,7344.45,109.6186567164179,0
3070-DVEYC,7,1,0,1,73.75,545.15,77.87857142857142,1
5730-RIITO,43,0,0,3,33.45,1500.25,34.88953488372093,0
9058-MJLZC,24,1,0,0,94.6,2283.15,95.13125000000001,0
5707-ORNDZ,9,1,0,0,54.55,494.05,54.894444444444446,1
0902-XKXPN,69,1,2,2,20.2,1376.5,19.94927536231884,0
5177-RVZNU,37,1,1,2,20.3,755.4,20.416216216216217,0
0056-EPFBG,20,0,2,3,39.4,825.4,41.269999999999996,0
8993-IZEUX,7,1,0,2,69.15,488.65,69.80714285714285,0
8696-JKZNU,37,1,0,0,76.25,2841.55,76.79864864864865,1
5380-AFSSK,5,1,0,1,93.9,486.85,97.37,1
8190-ZTQFB,41,0,1,0,51.35,2075.1,50.61219512195122,0
0931-MHTEM,54,1,1,3,100.05,5299.65,98.14166666666667,0
2055-PDADH,3,1,0,0,70.4,204.7,68.23333333333333,1
7515-LODFU,69,1,2,3,20.3,1356.3,19.656521739130433,0
0440-UEDAI,53,1,1,3,94.45,5042.75,95.14622641509433,0
1337-BOZWO,18,0,1,3,46.4,812.4,45.13333333333333,0
0868-VJRDR,64,1,2,3,104.05,6605.55,103.21171875,0
8714-EUHJO,31,1,0,0,91.15,2995.45,96.62741935483871,1
6344-SFJVH,20,0,0,3,24.9,505.95,25.2975,0
3950-VPYJB,57,1,1,1,59.6,3509.4,61.56842105263158,0
8041-TMEID,63,1,2,3,108.5,6991.9,110.98253968253968,0
7321-ZNSLA,13,0,2,1,40.55,590.35,45.41153846153846,0
6941-KXRRV,48,1,1,2,58.95,2789.7,58.11875,0
3721-CNEYS,2,1,0,0,70.95,137.95,68.975,1
8727-JQFHV,57,1,2,1,20.75,1123.15,19.704385964912284,0
9475-NNDGC,71,1,1,2,113.15,7953.25,112.01760563380282,0
1355-KUSBG,7,1,0,0,48.8,349.8,49.971428571428575,0
3688-FTHLT,16,1,0,2,63.05,1067.05,66.690625,0
0899-LIIBW,34,1,0,0,100.85,3527.3,103.74411764705883,0
2568-OIADY,37,1,0,0,99.5,3762.0,101.67567567567568,1
1384-RCUXW,16,1,0,1,80.55,1248.9,78.05625,0
5825-XJOCM,48,1,1,2,64.4,3035.35,63.23645833333333,0
6848-YLDFR,58,1,1,3,75.2,4300.8,74.15172413793104,0
8125-QPFJD,72,1,2,2,84.9,6065.3,84.24027777777778,0
2320-YKQBO,7,1,0,1,19.3,144.95,20.707142857142856,0
1193-RTSLK,38,1,0,3,83.9,3233.6,85.09473684210526,1
2302-ANTDP,48,1,0,0,117.45,5438.9,113.31041666666665,1
5923-GXUOC,10,1,0,0,104.4,1081.45,108.14500000000001,1
4973-RLZVI,30,1,1,3,74.65,2308.6,76.95333333333333,0
7869-ZYDST,31,1,0,3,59.05,1882.8,60.73548387096774,0
4501-UYKBC,46,1,1,3,69.1,3255.35,70.76847826086956,0
1215-EXRMO,50,1,2,1,20.55,1067.65,21.353,0
2305-MRGLV,28,1,0,2,76.55,2065.4,73.76428571428572,0
8404-VIOMB,66,0,2,2,62.5,4136.4,62.672727272727265,0
5233-GEEAX,8,0,0,0,29.4,221.9,27.7375,1
2359-KLTEK,41,1,0,2,94.9,3848.0,93.85365853658537,0
5304-EFJLP,72,1,2,2,111.65,8022.85,111.42847222222223,0
2673-ZALNP,7,1,1,1,19.9,173.15,24.735714285714288,0
9184-GALIL,38,1,0,1,20.45,781.25,20.55921052631579,0
4393-RYCRE,44,1,1,0,106.05,4510.8,102.51818181818182,0
9746-MDMBK,47,1,1,2,113.45,5317.8,113.14468085106384,0
3162-ZJZFU,53,1,0,0,92.55,4779.45,90.17830188679245,0
8404-GFGCZ,4,1,0,0,65.6,250.1,62.525,0
8875-AKBYH,20,1,0,0,84.35,1745.2,87.26,0
4432-ADRLB,2,1,0,1,44.65,74.9,37.45,1
0533-UCAAU,57,1,1,3,71.1,4140.1,72.63333333333334,0
1394-SUIUH,44,1,0,0,85.15,3670.5,83.42045454545455,0
3521-MNKLV,24,1,0,1,49.7,1167.8,48.65833333333333,0
2533-TIBIX,15,0,0,2,30.2,469.65,31.31,0
8993-PHFWD,3,0,0,0,25.25,58.9,19.633333333333333,1
1565-RHDJD,4,1,0,2,84.05,333.55,83.3875,1
7137-RYLPP,37,1,0,0,85.7,3171.15,85.70675675675676,1
3765-JXVKY,1,1,0,0,74.7,74.7,74.7,1
5092-STPKP,24,1,0,3,56.35,1381.2,57.550000000000004,0
7330-WZLNC,5,1,0,0,90.8,455.5,91.1,1
0114-PEGZZ,33,1,0,0,107.55,3645.5,110.46969696969697,0
3359-DSRKA,58,1,2,1,19.85,1158.85,19.980172413793102,0
8639-NHQEI,72,1,2,2,95.9,6954.15,96.58541666666666,0
7161-DFHUF,71,1,2,1,23.85,1672.1,23.55070422535211,0
3957-LXOLK,28,1,0,0,106.15,3152.5,112.58928571428571,1
3720-DBRWL,51,1,2,3,83.85,4307.1,84.45294117647059,0
6635-MYYYZ,30,1,1,2,85.35,2530.4,84.34666666666666,1
8565-WUXZU,72,1,2,3,84.8,6141.65,85.30069444444445,0
5281-BUZGT,36,1,0,0,90.85,3186.7,88.51944444444445,1
4994-OBRSZ,14,1,2,2,76.1,1054.8,75.34285714285714,0
0562-FGDCR,72,1,2,1,74.55,5430.65,75.42569444444445,0
2436-QBZFP,22,0,0,0,39.2,849.9,38.63181818181818,0
3420-YJLQT,2,1,0,0,79.55,151.75,75.875,0
6040-CGACY,15,1,0,1,19.6,299.4,19.959999999999997,0
6582-PLFUU,51,1,2,3,19.55,1086.75,21.308823529411764,0
8242-PDSGJ,70,0,2,3,39.15,2692.75,38.46785714285714,0
0264-CNITK,71,1,2,2,20.1,1389.6,19.57183098591549,0
0089-IIQKO,39,1,0,3,99.95,3767.4,96.60000000000001,0
7839-NUIAA,61,1,0,0,59.8,3641.5,59.69672131147541,0
6075-QMNRR,52,1,0,2,49.75,2535.55,48.760576923076925,0
5378-IKEEG,1,0,0,0,35.75,35.75,35.75,1
5966-EMAZU,64,1,1,1,108.5,6880.85,107.51328125,0
0440-EKDCF,62,1,2,3,60.15,3753.2,60.53548387096774,0
4774-HHGGS,30,1,2,1,19.05,637.55,21.251666666666665,0
2718-GAXQD,4,1,0,0,46.0,181.6,45.4,1
2055-BFOCC,63,1,1,2,84.0,5329.55,84.59603174603176,0
8180-AKMJV,1,1,0,3,44.55,44.55,44.55,0
4298-OYIFC,15,1,0,0,103.45,1539.8,102.65333333333334,0
5566-SOEZD,27,1,1,3,80.65,2209.75,81.8425925925926,0
9842-EFSYY,4,0,0,1,57.2,223.75,55.9375,0
2272-WUSPA,72,1,2,0,110.75,7751.7,107.6625,0
4584-LBNMK,45,1,1,3,24.7,1174.35,26.096666666666664,0
3898-GUYTS,45,1,0,0,97.05,4385.05,97.44555555555556,0
0930-EHUZA,36,1,1,1,76.35,2606.35,72.39861111111111,0
6413-XKKPU,17,1,0,0,89.4,1539.45,90.55588235294118,1
9975-SKRNR,1,1,0,1,18.9,18.9,18.9,0
3703-KBKZP,16,1,0,2,74.45,1261.35,78.834375,0
1449-XQEMT,3,1,0,1,19.8,58.15,19.383333333333333,1
2626-URJFX,4,1,0,0,50.9,225.6,56.4,1
4973-MGTON,71,1,2,3,84.4,5969.3,84.07464788732395,0
3682-YEUWS,10,1,0,1,24.4,253.9,25.39,0
1223-UNPKS,20,1,2,1,20.05,400.0,20.0,0
2612-RRIDN,4,1,0,0,81.0,340.85,85.2125,1
4735-ASGMA,26,1,0,0,98.35,2515.3,96.7423076923077,1
3446-QDSZF,4,1,0,3,55.5,227.35,56.8375,0
3669-LVWZB,5,0,0,1,51.0,305.95,61.19,1
6892-EZDTG,4,1,0,0,91.65,365.4,91.35,1
5117-IFGPS,29,1,0,0,84.3,2357.75,81.30172413793103,0
7379-FNIUJ,2,1,0,0,100.2,198.5,99.25,0
1627-AFWVJ,29,1,2,1,19.4,554.25,19.112068965517242,0
9725-SCPZG,1,1,0,0,90.85,90.85,90.85,1
5884-GCYMI,1,1,0,1,69.4,69.4,69.4,1
3217-FZDMN,8,1,0,3,94.45,742.95,92.86875,1
4486-EFAEB,13,1,0,0,20.4,251.65,19.357692307692307,0
0060-FUALY,59,1,0,0,94.75,5597.65,94.87542372881356,0
7853-GVUDZ,1,1,0,3,20.15,20.15,20.15,1
7480-QNVZJ,50,1,0,0,95.7,4816.7,96.334,1
6954-OOYZZ,18,1,0,2,44.35,768.05,42.669444444444444,0
7088-FBAWU,17,1,0,1,74.55,1215.8,71.51764705882353,0
8313-AFGBW,47,1,2,0,73.6,3522.65,74.95,0
3943-KDREE,26,1,0,2,74.95,1834.95,70.575,1
9239-ZBZZV,6,0,0,0,47.95,305.1,50.85,1
3097-IDVPU,19,1,0,3,50.1,910.45,47.91842105263158,0
4398-HSCJH,3,1,0,0,63.6,155.65,51.88333333333333,1
2197-OMWGI,68,0,2,0,53.0,3656.25,53.768382352941174,0
2303-PJYHN,2,1,0,2,19.85,52.0,26.0,0
9795-VOWON,7,0,1,3,24.35,150.85,21.55,0
1237-WIYYZ,18,1,0,1,19.55,389.25,21.625,0
1987-AUELQ,71,1,2,3,25.05,1873.7,26.390140845070423,0
7852-LECYP,13,1,0,3,93.8,1261.0,97.0,0
4430-UZIPO,3,0,0,1,36.85,108.7,36.233333333333334,1
4822-LPTYJ,72,1,2,2,103.75,7346.2,102.03055555555555,0
8165-CBKXO,66,0,2,3,56.75,3708.4,56.18787878787879,0
6527-PZFPV,24,1,1,3,20.8,469.65,19.568749999999998,0
4855-SNKMY,1,1,0,0,44.1,44.1,44.1,1
9593-CVZKR,56,1,2,1,24.45,1385.85,24.74732142857143,0
8595-SIZNC,22,1,1,2,25.6,548.8,24.94545454545454,0
8008-HAWED,14,0,0,0,50.75,712.75,50.910714285714285,1
7124-UGSUR,61,1,1,3,104.4,6405.0,105.0,1
1862-SKORY,40,0,0,0,39.3,1637.4,40.935,1
5236-XMZJY,42,1,0,2,59.65,2536.55,60.394047619047626,0
4827-DPADN,72,1,2,2,83.3,6042.7,83.92638888888888,0
2694-CIUMO,12,1,0,3,79.55,958.25,79.85416666666667,0
5846-ABOBJ,71,1,2,2,24.45,1730.65,24.375352112676058,0
1439-LCGVL,26,1,1,1,19.2,459.6,17.676923076923078,0
0909-SDHNU,7,0,0,1,29.8,201.95,28.849999999999998,0
4647-XXZAM,6,1,0,1,45.5,285.2,47.53333333333333,0
1502-XFCVR,58,1,1,0,106.45,6145.85,105.96293103448276,1
7740-KKCXF,51,0,0,3,30.05,1529.45,29.98921568627451,0
5360-XGYAZ,72,0,2,2,65.65,4664.5,64.78472222222223,0
9692-TUSXH,18,1,0,0,96.05,1740.7,96.70555555555556,1
7912-SYRQT,7,1,0,2,75.1,552.95,78.99285714285715,1
3557-HTYWR,47,1,2,1,74.05,3496.3,74.38936170212766,0
4816-JBHOV,2,1,0,0,44.7,93.7,46.85,1
8920-NAVAY,62,1,1,2,110.75,7053.35,113.76370967741936,0
1699-TLDLZ,16,1,2,1,19.7,301.55,18.846875,0
5600-PDUJF,6,1,0,3,49.5,312.7,52.11666666666667,0
8292-TYSPY,19,1,0,3,55.0,1046.5,55.078947368421055,1
0567-XRHCU,69,0,2,3,43.95,2960.1,42.9,0
1867-BDVFH,11,1,0,0,74.35,834.2,75.83636363636364,1
2067-QYTCF,64,1,0,0,111.15,6953.4,108.646875,0
2359-QWQUL,39,1,1,3,104.7,4134.85,106.02179487179488,1
9103-TCIHJ,15,1,0,1,55.7,899.8,59.986666666666665,1
7407-SUJIZ,25,1,0,1,20.6,541.5,21.66,0
9150-KPBJQ,6,1,2,3,19.65,116.85,19.474999999999998,0
0052-DCKON,66,1,1,2,115.8,7942.15,120.33560606060605,0
3654-ARMGP,61,1,2,3,88.65,5321.25,87.23360655737704,0
9699-UBQFS,43,1,0,0,94.5,4156.8,96.66976744186047,0
9367-TCUYN,12,1,0,1,20.1,223.6,18.633333333333333,0
1261-FWTTE,23,0,0,2,34.65,768.45,33.410869565217396,0
3528-HFRIQ,71,0,0,2,52.3,3765.05,53.02887323943662,0
0708-SJDIS,34,1,0,1,65.0,2157.5,63.455882352941174,0
4140-WJAWW,5,1,0,3,19.85,108.05,21.61,1
2073-QBVBI,41,0,1,1,35.45,1391.65,33.94268292682927,0
6928-ONTRW,72,1,2,3,19.7,1379.8,19.163888888888888,0
3320-VEOYC,14,1,0,0,95.6,1273.3,90.95,0
5231-FIQPA,41,1,2,1,19.85,810.45,19.76707317073171,0
6617-WLBQC,23,1,1,3,81.85,1810.85,78.73260869565217,0
2599-CIPQE,71,1,2,3,109.3,7782.85,109.61760563380282,0
6653-CBBOM,1,1,0,0,70.3,70.3,70.3,1
8774-GSBUN,72,1,2,1,25.4,1797.1,24.959722222222222,0
7326-RIGQZ,6,1,0,0,69.8,377.85,62.975,0
1401-FTHFQ,23,1,1,3,20.0,445.3,19.360869565217392,0
3247-ZVOUO,10,1,0,0,85.55,851.75,85.175,1
0254-FNMCI,72,1,2,0,109.9,7624.2,105.89166666666667,0
1848-LBZHY,7,1,0,2,50.3,355.1,50.728571428571435,0
6101-IMRMM,6,1,0,1,94.5,575.45,95.90833333333335,1
8118-TJAFG,9,1,0,0,101.5,906.85,100.76111111111112,0
5429-LWCMV,12,1,0,0,89.15,1057.55,88.12916666666666,0
7298-IZWLY,1,1,0,1,19.4,19.4,19.4,0
9758-MFWGD,48,0,1,2,29.9,1388.75,28.932291666666668,0
3955-JBZZM,20,1,0,0,78.8,1641.3,82.065,0
1268-ASBGA,16,1,0,3,85.35,1375.15,85.946875,1
8943-URTMR,2,1,0,1,79.65,152.7,76.35,1
4815-TUMEQ,10,1,1,1,19.3,185.2,18.52,0
4713-LZDRV,2,1,0,0,79.6,195.05,97.525,1
9909-IDLEK,20,1,0,1,96.8,1826.7,91.33500000000001,0
4092-OFQZS,20,1,1,1,20.65,417.5,20.875,0
1561-BWHIN,19,1,1,1,19.8,344.5,18.13157894736842,0
4325-NFSKC,19,1,0,0,90.6,1660.0,87.36842105263158,1
9927-DSWDF,22,1,0,0,104.6,2180.55,99.1159090909091,0
9500-LTVBP,35,1,0,3,80.05,2835.9,81.02571428571429,0
7252-NTGSS,1,1,0,1,45.15,45.15,45.15,0
8149-AIQCG,39,1,0,3,73.15,2730.85,70.02179487179487,0
1360-JYXKQ,54,1,1,0,99.1,5437.1,100.68703703703704,0
2955-PSXOE,1,1,0,2,20.2,20.2,20.2,1
7762-URZQH,66,1,2,3,106.05,6981.35,105.7780303030303,1
0899-WZRSD,56,1,0,1,105.35,5794.45,103.47232142857142,0
3255-GRXMG,18,1,0,3,45.65,747.2,41.51111111111111,0
4828-FAZPK,16,1,0,3,79.95,1267.95,79.246875,0
6094-ZIVKX,68,1,1,3,54.45,3674.95,54.04338235294117,0
6925-BAYGL,53,1,2,3,25.1,1275.6,24.067924528301884,0
3262-EIDHV,72,1,2,3,84.7,5893.9,81.85972222222222,0
7354-OIJLX,9,1,0,0,75.85,724.65,80.51666666666667,0
1376-HHBDV,30,1,0,1,48.8,1536.75,51.225,0
6907-NZZIJ,36,1,0,0,99.15,3615.6,100.43333333333334,1
6133-OZILE,18,0,0,0,35.2,607.3,33.73888888888889,0
4135-FRWKJ,55,1,1,0,76.25,4154.55,75.53727272727274,0
2911-UREFD,39,0,0,0,55.9,2184.35,56.008974358974356,1
3744-ZRRDZ,21,1,0,0,82.35,1852.85,88.23095238095237,1
5673-TIYIB,2,0,0,3,40.4,77.15,38.575,1
6551-ZCOTS,33,1,1,2,24.9,847.8,25.690909090909088,0
7191-ADRGF,44,0,2,2,54.3,2390.45,54.32840909090908,0
5018-LXQQG,30,1,0,2,66.3,1923.5,64.11666666666666,0
6892-BOGQE,71,1,2,2,20.9,1493.2,21.03098591549296,0
1602-IJQQE,4,1,0,0,75.35,338.1,84.525,1
4628-WQCQQ,35,1,1,0,85.15,3030.6,86.58857142857143,1
1746-TGTWV,1,1,0,3,75.35,75.35,75.35,0
5995-SNNEW,23,1,0,0,104.45,2184.85,94.99347826086957,0
8050-WYBND,22,0,1,3,49.45,1031.4,46.88181818181818,0
2821-WARNZ,49,1,1,3,19.45,921.3,18.802040816326528,0
4879-GZLFH,42,1,0,0,92.15,3875.4,92.27142857142857,0
1644-IRKSF,33,1,1,0,93.8,3124.5,94.68181818181819,1
8314-HTWVE,7,1,2,1,19.85,144.15,20.592857142857145,0
9402-ROUMJ,67,1,1,2,100.25,6689.0,99.83582089552239,0
2507-QZPQS,15,1,0,0,95.7,1451.1,96.74,0
7159-NOKYQ,67,1,2,0,93.15,6368.2,95.04776119402985,0
5707-ZMDJP,53,1,2,1,69.7,3729.6,70.36981132075472,0
8779-YIQQA,21,1,1,1,19.8,350.1,16.67142857142857,0
7136-IHZJA,40,1,0,1,71.35,2847.2,71.17999999999999,0
8966-OIQHG,22,1,1,2,20.75,452.35,20.561363636363637,0
7074-STDCN,39,0,0,0,40.6,1494.5,38.32051282051282,0
3705-PSNGL,45,1,1,0,20.4,930.45,20.67666666666667,1
8739-QOTTN,2,1,0,1,20.35,41.85,20.925,0
1399-OUPJN,57,1,2,2,19.75,1272.05,22.316666666666666,0
0277-BKSQP,8,1,0,0,54.4,475.1,59.3875,0
6502-HCJTI,7,1,0,3,94.7,673.1,96.15714285714286,1
2606-RMDHZ,6,0,0,3,30.5,208.7,34.78333333333333,1
5774-XZTQC,7,1,0,1,20.45,150.75,21.535714285714285,0
2676-SSLTO,49,1,2,2,66.15,3199.0,65.28571428571429,0
6266-QHOJZ,65,1,1,0,89.85,5844.65,89.9176923076923,0
7269-JISCY,55,1,1,2,45.05,2462.6,44.77454545454545,0
0363-SVHYR,71,1,2,2,86.85,6263.8,88.22253521126761,0
8547-NSBBO,35,1,0,1,96.75,3403.4,97.24000000000001,0
8258-GSTJK,3,1,0,0,77.0,237.75,79.25,1
6861-OKBCE,11,1,0,3,20.1,221.35,20.12272727272727,1
9940-RHLFB,1,1,0,0,75.3,75.3,75.3,1
6591-QGOYB,17,1,0,2,106.65,1672.1,98.35882352941177,0
9070-BCKQP,72,1,2,3,110.15,7881.2,109.46111111111111,0
6421-SZVEM,28,1,1,2,82.85,2320.8,82.88571428571429,0
1328-EUZHC,18,1,2,1,20.1,370.5,20.583333333333332,0
2995-UPRYS,40,1,1,3,99.2,4062.2,101.55499999999999,1
8878-RYUKI,52,1,0,0,59.45,3043.7,58.5326923076923,0
9633-DENPU,47,1,0,2,58.6,2723.4,57.94468085106383,0
7811-JIVPF,23,1,0,3,49.7,1081.25,47.01086956521739,0
7113-HIPFI,66,1,2,1,65.85,4097.05,62.07651515151515,0
8541-QVFKM,8,1,0,0,73.5,632.2,79.025,0
6686-YPGHK,47,1,0,1,85.5,4042.3,86.00638297872341,1
1383-EZRWL,7,1,0,1,20.05,164.85,23.55,1
9258-CNWAC,71,1,2,3,113.65,8166.8,115.02535211267606,0
5371-VYLSX,50,1,0,0,83.4,4113.7,82.274,0
6374-AFWOX,46,1,2,1,65.65,3047.15,66.24239130434783,0
4759-TRPLW,1,1,0,0,70.4,70.4,70.4,1
5317-FLPJF,66,0,2,2,61.35,4193.4,63.53636363636363,0
7621-VPNET,42,1,0,3,85.9,3729.75,88.80357142857143,0
6034-YMTOB,5,1,0,1,75.65,399.45,79.89,0
8563-IIOXK,7,1,1,0,49.75,331.3,47.32857142857143,1
4903-CNOZC,29,1,1,3,70.9,1964.6,67.7448275862069,0
4353-HYOJD,27,1,0,1,49.85,1336.15,49.48703703703704,0
8020-BWHYL,15,1,0,3,75.3,1147.45,76.49666666666667,1
7267-FRMJW,25,1,2,1,20.1,486.05,19.442,0
2982-VPSGI,11,1,0,0,94.0,1078.9,98.08181818181819,1
4188-FRABG,57,1,0,0,103.05,5925.75,103.96052631578948,0
8199-ZLLSA,67,1,1,2,118.35,7804.15,116.47985074626865,1
4128-ETESU,47,1,0,0,99.7,4747.2,101.00425531914894,0
0620-DLSLK,13,1,0,1,81.9,1028.9,79.14615384615385,0
4625-EWPTF,8,0,0,0,30.45,226.45,28.30625,1
5980-NOPLP,44,1,0,0,96.1,4364.1,99.18409090909091,1
3850-OKINF,71,1,1,0,66.2,4692.55,66.09225352112676,0
6892-XPFPU,24,1,0,0,104.25,2433.9,101.41250000000001,1
8010-EZLOU,15,1,0,0,80.2,1217.25,81.15,1
1156-ZFYDO,1,1,0,0,19.75,19.75,19.75,0
3295-YVUSR,2,1,0,1,72.6,154.3,77.15,0
8016-NCFVO,55,1,0,0,116.5,6382.55,116.04636363636364,0
4119-ZYPZY,71,1,2,0,106.8,7623.2,107.36901408450704,0
5549-ZGHFB,50,1,2,1,24.95,1261.45,25.229,0
7577-SWIFR,1,1,0,0,89.25,89.25,89.25,0
0303-WMMRN,5,1,0,1,19.25,86.05,17.21,0
6408-OTUBZ,66,1,1,2,104.55,6779.05,102.7128787878788,0
5204-HMGYF,49,1,1,1,87.2,4345.0,88.6734693877551,0
1078-TDCRN,3,0,0,0,30.75,82.85,27.616666666666664,0
3727-OVPRY,66,1,1,3,25.7,1714.55,25.9780303030303,0
3797-FKOGQ,11,1,0,0,86.2,893.2,81.2,0
7622-NXQZR,28,0,0,3,30.1,810.85,28.958928571428572,0
6196-HBOBZ,65,1,2,0,99.35,6347.55,97.65461538461538,0
3970-XGJDU,62,1,2,3,19.2,1123.65,18.123387096774195,0
7017-VFULY,2,1,0,2,20.1,43.15,21.575,0
5562-YJQGT,2,1,0,3,20.35,35.1,17.55,0
8807-OPMBM,55,1,2,3,25.65,1388.0,25.236363636363638,0
5439-WIKXB,41,1,0,0,94.55,3851.45,93.93780487804878,0
9874-QLCLH,17,1,0,0,104.2,1743.5,102.55882352941177,1
8294-UIMBA,30,1,1,2,94.4,2638.1,87.93666666666667,0
8109-YUOHE,17,1,1,1,56.1,946.95,55.70294117647059,0
5840-NVDCG,16,1,2,2,68.25,1114.85,69.678125,0
8092-NLTGF,72,1,2,2,24.75,1777.6,24.688888888888886,0
5928-QLDHB,9,1,0,0,76.25,684.85,76.09444444444445,0
9840-EFJQB,1,1,0,0,74.35,74.35,74.35,0
0696-UKTOX,23,1,0,0,54.15,1312.45,57.06304347826087,0
4801-KFYKL,8,1,0,2,19.45,159.2,19.9,0
3472-OAOOR,19,0,0,1,34.95,610.2,32.11578947368421,0
6135-OZQVA,7,1,0,0,53.65,404.35,57.76428571428572,0
8062-YBDOE,1,1,0,0,69.65,69.65,69.65,1
2252-JHJGE,61,1,1,0,104.0,6363.45,104.31885245901638,0
4188-PCPIG,57,1,2,3,70.35,4124.65,72.36228070175439,0
6000-APYLU,9,1,0,0,80.8,713.1,79.23333333333333,1
7105-BENQF,15,1,1,1,64.85,950.75,63.38333333333333,0
7721-DVEKZ,1,1,0,1,19.65,19.65,19.65,0
3566-VVORZ,12,1,0,2,45.9,505.95,42.1625,0
9507-HSMMZ,54,1,2,1,20.0,1149.65,21.289814814814818,0
2480-SQIOB,4,1,0,0,44.8,169.65,42.4125,0
0947-IDHRQ,7,1,0,1,80.3,526.7,75.24285714285715,1
7813-TKCVO,20,1,1,1,20.35,393.15,19.6575,0
0128-MKWSG,26,0,0,1,45.8,1147.0,44.11538461538461,0
3672-YITQD,36,1,0,0,84.1,3021.6,83.93333333333334,1
4350-ZTLPI,53,1,1,2,108.95,5718.2,107.89056603773585,0
9048-JVYVF,3,1,0,0,69.35,191.35,63.78333333333333,1
0361-HJRDX,68,0,2,3,64.35,4539.6,66.75882352941177,0
5727-MYATE,72,1,2,3,90.8,6397.6,88.85555555555555,0
3823-KYNQY,12,1,1,3,24.95,280.4,23.366666666666664,0
8988-ECPJR,34,1,0,1,79.6,2718.3,79.95,1
7570-WELNY,68,1,2,2,84.7,5711.05,83.9860294117647,0
3021-VLNRJ,50,1,1,3,70.8,3478.15,69.563,0
3776-EKTKM,1,0,0,0,36.45,36.45,36.45,1
2080-CAZNM,41,1,0,0,104.4,4133.95,100.8280487804878,0
1028-FFNJK,30,1,0,0,101.5,2917.65,97.25500000000001,0
6907-FLBER,1,1,0,0,54.3,54.3,54.3,0
3001-UNBTL,29,1,0,0,103.95,2964.8,102.2344827586207,0
5982-PSMKW,23,1,2,3,91.1,2198.3,95.57826086956523,0
3507-GASNP,60,1,2,1,19.95,1189.9,19.831666666666667,0
7096-ZNBZI,72,1,2,3,26.45,1914.5,26.59027777777778,0
1902-XBTFB,22,1,0,0,89.4,2001.5,90.97727272727273,1
1676-MQAOA,72,1,2,2,75.1,5336.35,74.11597222222223,0
0786-IVLAW,66,1,1,2,108.1,7238.6,109.67575757575759,0
7566-DSRLQ,72,1,2,0,110.15,7998.8,111.09444444444445,0
0643-OKLRP,47,1,0,0,80.35,3825.85,81.40106382978723,1
7245-JMTTQ,51,1,1,0,111.5,5703.25,111.82843137254902,0
6050-IJRHS,70,1,1,0,106.5,7397.0,105.67142857142858,0
6202-JVYEU,9,1,1,0,19.9,164.6,18.288888888888888,0
8591-TKMZH,59,1,2,1,111.1,6555.2,111.10508474576271,0
0734-OXWBT,3,1,0,1,70.7,225.65,75.21666666666667,0
4282-ACRXS,38,0,0,0,24.85,955.75,25.151315789473685,0
0365-TRTPY,37,1,0,2,91.2,3382.3,91.41351351351352,0
7349-ALMUX,37,1,2,2,65.6,2313.8,62.53513513513514,0
9381-NDKME,24,0,0,3,40.65,933.3,38.887499999999996,1
6502-KUGLL,14,1,0,2,59.45,780.85,55.775,0
1841-YSJGV,72,1,2,3,109.95,7852.4,109.0611111111111,0
2794-XIMMO,53,0,1,0,60.45,3184.25,60.08018867924528,1
8382-SHQEH,8,1,0,0,84.9,764.95,95.61875,1
3511-BFTJW,72,0,2,3,38.5,2763.0,38.375,0
7668-XCFYV,17,1,0,0,92.55,1614.7,94.98235294117647,0
2983-ZANRP,2,1,0,2,73.55,145.4,72.7,1
7845-URHJN,8,1,0,2,20.15,156.25,19.53125,1
3034-ZBEQN,48,0,1,1,34.7,1604.5,33.427083333333336,1
5018-HEKFO,10,1,0,1,24.5,270.15,27.014999999999997,0
3976-NLDEZ,1,1,0,1,20.6,20.6,20.6,0
2282-YGNOR,29,1,1,3,58.0,1734.5,59.810344827586206,0
5336-UFNZP,65,1,1,0,107.45,7047.5,108.42307692307692,0
6854-EXGSF,8,1,0,2,65.5,573.15,71.64375,0
1241-EZFMJ,61,1,2,2,25.45,1538.6,25.22295081967213,0
9233-PSYHO,45,1,1,2,100.15,4459.8,99.10666666666667,0
5376-PCKNB,72,1,1,3,104.45,7459.0,103.59722222222223,0
8044-BGWPI,12,1,0,0,21.15,306.05,25.504166666666666,0
4060-LDNLU,7,1,0,0,96.2,639.7,91.38571428571429,0
3589-PPVKW,9,1,0,1,44.4,348.15,38.68333333333333,0
8327-LZKAS,43,1,1,0,107.55,4533.9,105.43953488372092,1
5887-IKKYO,58,1,2,2,94.35,5563.65,95.925,0
1075-BGWOH,16,1,0,0,98.75,1587.55,99.221875,1
1755-RMCXH,2,1,0,1,20.3,40.25,20.125,0
0302-JOIVN,8,1,0,0,101.15,842.9,105.3625,1
3858-XHYJO,40,1,1,2,105.75,4228.55,105.71375,0
4299-SIMNS,9,1,0,0,81.15,784.45,87.16111111111111,0
7025-IWFHT,41,1,1,0,89.55,3729.75,90.96951219512195,0
6261-LHRTG,26,1,0,3,54.75,1406.9,54.111538461538466,0
7841-FCRQD,33,1,1,3,53.75,1857.3,56.28181818181818,0
2056-EVGZL,68,1,1,3,105.75,7322.5,107.68382352941177,0
8777-MBMTS,65,1,2,3,105.85,6725.5,103.46923076923076,0
7753-USQYQ,55,1,1,0,64.2,3627.3,65.9509090909091,0
5366-IJEQJ,20,1,0,0,88.7,1761.45,88.0725,1
7661-CPURM,19,1,1,3,87.7,1725.95,90.83947368421053,0
6233-HXJMX,45,1,0,3,89.3,4192.15,93.15888888888888,0
5902-WBLSE,70,1,2,3,20.15,1411.2,20.16,0
1981-INRFU,2,1,0,0,79.75,164.5,82.25,1
4971-PUYQO,27,1,0,1,94.55,2724.6,100.91111111111111,1
3239-TPHPZ,12,1,2,0,20.05,264.55,22.045833333333334,0
5115-GZDEL,72,0,2,3,67.2,4671.7,64.88472222222222,0
3338-CVVEH,12,1,0,0,94.55,1173.55,97.79583333333333,0
8485-GJCDN,5,1,0,1,69.05,318.5,63.7,1
2615-YVMYX,71,1,0,0,107.5,7713.55,108.64154929577465,0
2851-STERV,35,1,1,0,73.0,2471.25,70.60714285714286,0
4393-GEADV,70,1,2,3,114.75,7842.3,112.03285714285714,0
8486-AYEQH,31,1,0,0,76.05,2227.8,71.86451612903227,0
1527-SXDPN,52,1,2,2,96.25,4990.25,95.96634615384616,1
6029-WTIPC,37,1,0,0,101.1,3744.05,101.19054054054054,1
8634-CILSZ,69,1,1,2,104.7,7220.35,104.64275362318841,1
5419-JKZNQ,30,1,0,1,77.9,2351.45,78.38166666666666,0
2495-KZNFB,33,1,0,0,90.65,2989.6,90.5939393939394,0
1409-PHXTF,54,1,2,0,110.45,6077.75,112.55092592592592,0
4560-WQAQW,59,1,1,2,68.7,4070.95,68.99915254237288,0
9591-YVTEB,55,0,0,0,44.85,2479.05,45.07363636363637,0
9309-BZGNT,69,0,1,3,29.8,2134.3,30.93188405797102,0
4274-DRSQT,66,1,1,2,88.9,6000.1,90.91060606060607,0
2027-DNKIV,37,1,1,1,58.75,2203.1,59.54324324324324,0
8075-GXIUB,9,1,1,3,19.85,183.15,20.35,0
2885-HIJDH,69,1,2,2,86.9,6194.1,89.7695652173913,0
5424-RLQLC,10,1,0,1,59.65,638.95,63.895,0
6682-QJDGB,40,1,0,1,55.25,2139.2,53.48,1
6507-DTJZV,13,1,0,3,66.4,831.75,63.98076923076923,0
8780-IXSTS,6,1,0,0,90.1,521.3,86.88333333333333,1
7673-BQGKU,69,1,2,2,20.15,1337.5,19.384057971014492,0
6723-WSNTY,66,1,1,3,108.1,7181.95,108.81742424242424,0
9530-EHPOH,11,1,0,0,53.75,608.0,55.27272727272727,1
2725-IWWBA,46,1,1,1,56.9,2560.1,55.654347826086955,0
0345-HKJVM,6,1,0,0,89.3,577.6,96.26666666666667,1
1061-PNTHC,56,1,0,1,109.6,5953.0,106.30357142857143,0
0394-YONDK,70,1,2,3,25.15,1790.15,25.57357142857143,0
6574-MCOEH,33,1,1,0,79.15,2531.4,76.70909090909092,0
7399-QHBJS,72,1,2,3,66.75,4760.3,66.11527777777778,0
3049-SOLAY,3,1,0,0,95.2,292.85,97.61666666666667,1
0997-YTLNY,19,1,0,1,48.8,953.65,50.19210526315789,0
3317-HRTNN,5,0,0,0,45.7,198.0,39.6,1
9479-HYNYL,71,1,2,3,80.7,5705.05,80.35281690140846,0
3235-ETOOB,8,1,0,0,74.5,609.9,76.2375,1
9708-KFDBY,1,1,0,3,20.55,20.55,20.55,0
8058-INTPH,1,1,0,0,79.65,79.65,79.65,1
3642-GKTCT,61,1,1,1,115.1,6993.65,114.64999999999999,0
0774-RMNUW,71,0,2,2,59.7,4122.65,58.06549295774647,0
1334-PDUKM,68,1,1,3,86.45,5762.95,84.74926470588235,0
0756-MPZRL,46,0,1,3,33.7,1537.85,33.43152173913043,0
2242-MFOTG,33,1,1,2,80.1,2603.3,78.88787878787879,0
2927-CVULT,53,1,2,2,104.05,5566.4,105.02641509433961,0
2144-BFDSO,50,1,0,2,108.75,5431.9,108.63799999999999,0
8745-PVESG,57,0,1,3,41.1,2258.25,39.61842105263158,0
7647-GYYKX,54,1,2,2,20.35,1092.35,20.2287037037037,0
5647-FXOTP,60,1,0,0,105.9,6401.25,106.6875,0
5569-OUICF,28,1,0,3,101.3,2812.2,100.43571428571428,1
8821-XNHVZ,1,1,0,1,80.05,80.05,80.05,1
2082-OJVTK,29,1,0,0,89.2,2698.35,93.04655172413793,1
9700-ISPUP,10,1,0,0,65.5,616.9,61.69,0
9839-ETQOE,43,0,0,0,40.45,1912.85,44.48488372093023,0
6078-VESFR,13,1,0,2,70.45,849.1,65.31538461538462,0
9027-TMATR,43,1,2,0,78.8,3460.3,80.47209302325582,0
5940-NFXKV,19,1,0,0,83.65,1465.75,77.14473684210526,1
1941-HOSAM,1,1,0,0,90.1,90.1,90.1,0
9110-HSGTV,69,1,2,3,82.45,5555.3,80.51159420289855,0
0704-VCUMB,61,1,2,3,20.25,1278.8,20.963934426229507,0
6171-ZTVYB,43,1,0,2,66.25,2907.35,67.61279069767441,0
8053-WWDRO,6,1,0,2,19.5,146.3,24.383333333333336,1
9564-KCLHR,1,1,0,1,51.25,51.25,51.25,1
1935-IMVBB,56,1,0,1,89.7,4952.95,88.44553571428571,0
2535-PBCGC,70,0,2,2,64.55,4504.9,64.35571428571428,0
2082-CEFLT,1,1,0,0,45.6,45.6,45.6,1
1470-PSXNM,49,1,1,0,93.65,4520.15,92.24795918367346,0
1213-NGCUN,6,1,0,2,49.65,267.35,44.55833333333334,1
2498-XLDZR,32,1,2,1,73.6,2316.85,72.4015625,0
9866-OCCKE,72,1,2,1,109.75,8075.35,112.1576388888889,0
5338-YHWYT,37,1,2,3,61.45,2302.35,62.225675675675674,0
7718-UPSKJ,69,1,1,3,106.4,7251.9,105.1,0
8731-WBBMB,26,1,0,2,81.9,2078.55,79.94423076923077,0
1448-CYWKC,58,1,1,3,105.2,6225.4,107.33448275862068,0
7901-IIDQV,24,1,1,2,54.6,1242.25,51.760416666666664,0
2690-DVRVK,5,1,1,0,20.55,99.45,19.89,0
5688-KZTSN,15,1,0,0,20.0,288.05,19.203333333333333,1
1270-XKUCC,30,1,2,1,19.7,599.25,19.975,0
0334-ZFJSR,55,1,1,3,66.05,3462.1,62.947272727272725,0
2894-QOJRX,25,0,0,2,34.0,853.0,34.12,1
5747-PMBSQ,10,1,0,1,92.5,934.1,93.41,1
5583-EJXRD,44,0,2,3,54.05,2375.2,53.98181818181818,0
4565-EVZMJ,47,1,1,1,58.9,2813.05,59.85212765957447,0
3143-JQEGI,13,1,0,0,88.35,1222.8,94.06153846153846,1
6386-SZZKH,49,1,2,2,107.95,5293.2,108.02448979591837,1
3327-YBAKM,64,1,1,1,96.9,6314.35,98.66171875,0
9441-QHEVC,1,1,0,1,19.1,19.1,19.1,0
6705-LNMDD,20,1,0,1,50.0,1003.05,50.152499999999996,0
2580-ASVVY,37,0,2,0,45.4,1593.1,43.056756756756755,0
3370-GQEAL,30,1,0,0,85.45,2509.95,83.66499999999999,0
5032-USPKF,38,1,1,2,84.1,3187.65,83.88552631578948,0
2982-IHMFT,1,1,0,1,74.45,74.45,74.45,1
3521-SYVOR,37,1,0,0,64.75,2345.2,63.38378378378378,1
4254-QPEDE,52,0,2,3,66.25,3330.1,64.04038461538461,0
6283-GITPX,71,1,2,3,76.9,5522.7,77.78450704225352,0
9526-JAWYF,26,1,0,0,89.8,2335.3,89.81923076923077,1
0771-CHWSK,66,1,2,3,74.6,4798.4,72.7030303030303,0
9788-HNGUT,72,1,2,3,116.95,8594.4,119.36666666666666,0
9495-REDIY,25,0,1,3,40.65,970.55,38.821999999999996,0
5375-XLDOF,69,1,2,2,114.35,7665.8,111.09855072463769,0
1172-VIYBP,53,1,2,2,69.7,3686.05,69.54811320754717,0
5649-VUKMC,12,1,1,1,95.5,1115.15,92.92916666666667,1
6559-PDZLR,26,1,0,0,98.65,2537.0,97.57692307692308,0
8992-OBVDG,21,1,0,1,61.65,1393.6,66.36190476190475,0
4273-MBHYA,1,1,0,0,89.35,89.35,89.35,0
4724-WXVWF,48,1,0,0,95.4,4445.3,92.61041666666667,0
5701-GUXDC,26,0,1,3,35.4,978.6,37.63846153846154,0
1460-UZPRJ,60,1,2,1,19.95,1258.15,20.96916666666667,0
6082-GLJIX,18,1,0,1,19.25,331.35,18.408333333333335,0
5143-EGQFK,10,0,0,0,29.65,291.4,29.139999999999997,1
4919-IKATY,5,1,0,0,84.5,453.75,90.75,1
2495-TTHBQ,4,1,1,1,20.4,84.75,21.1875,0
0485-ZBSLN,65,1,2,3,24.75,1715.1,26.386153846153846,0
3810-PJUHR,70,1,2,1,25.35,1715.15,24.502142857142857,0
9050-QLROH,18,1,0,3,90.7,1597.25,88.73611111111111,1
0847-HGRML,62,1,2,2,20.0,1250.1,20.16290322580645,0
8232-CTLKO,66,1,2,0,59.75,3996.8,60.55757575757576,0
9227-YBAXE,65,1,2,2,82.5,5215.1,80.2323076923077,0
6168-WFVVF,3,1,0,0,70.3,235.5,78.5,1
9860-LISIZ,34,1,0,1,20.35,673.2,19.8,0
0112-QAWRZ,16,1,0,2,90.8,1442.2,90.1375,0
0877-SDMBN,54,1,1,2,103.95,5639.05,104.42685185185185,1
2786-GCDPI,50,1,0,0,104.95,5222.35,104.447,0
4043-MKDTV,71,1,2,0,105.25,7291.75,102.70070422535211,0
8065-YKXKD,10,1,0,0,74.75,799.65,79.965,1
9637-EIHEQ,1,1,0,0,50.8,50.8,50.8,1
9229-RQABD,18,1,1,1,23.75,424.5,23.583333333333332,0
8313-KTIHG,4,1,0,0,61.3,249.4,62.35,0
5320-BRKGK,58,1,2,1,75.8,4415.75,76.13362068965517,0
6284-KMNUF,56,1,1,0,98.0,5270.6,94.11785714285715,0
9689-PTNPG,2,1,0,0,80.25,144.55,72.275,1
9465-RWMXL,32,1,0,0,78.9,2447.95,76.4984375,1
6229-UOLQL,56,0,1,1,52.0,2884.9,51.51607142857143,0
2362-IBOOY,36,1,0,0,84.75,3050.15,84.72638888888889,1
3137-LUPIX,4,1,0,1,64.4,253.0,63.25,0
0843-WTBXE,53,1,0,2,85.45,4517.25,85.23113207547169,1
6143-JQKEA,10,1,0,3,45.8,436.2,43.62,0
8676-OOQEJ,4,0,0,0,30.5,118.4,29.6,0
5515-IDEJJ,1,1,0,1,19.9,19.9,19.9,1
9701-CDXHR,51,1,0,1,69.15,3649.6,71.56078431372549,0
7450-NWRTR,12,1,0,0,99.45,1200.15,100.0125,1
8124-NZVGJ,6,0,1,1,49.25,255.6,42.6,0
2162-FRZAA,63,0,2,2,39.35,2395.05,38.01666666666667,0
5376-DEQCP,1,1,0,0,70.6,70.6,70.6,1
5118-MUEYH,48,1,0,3,105.1,5083.55,105.90729166666667,0
9095-HFAFX,5,1,0,3,81.0,389.6,77.92,1
5627-TVBPP,35,1,1,3,20.1,644.5,18.414285714285715,0
2379-ENZGV,6,1,0,0,84.85,523.5,87.25,1
3936-QQFLL,2,1,0,1,19.75,39.3,19.65,0
2589-AYCRP,50,1,1,2,19.75,989.05,19.781,0
4067-HLYQI,33,1,0,2,70.4,2406.1,72.9121212121212,0
5124-EOGYE,31,1,2,1,20.45,638.55,20.598387096774193,0
5057-RKGLH,9,1,2,1,20.35,191.1,21.233333333333334,0
0292-WEGCH,54,1,0,0,86.2,4524.05,83.77870370370371,0
8910-ICHIU,46,1,1,3,95.65,4664.2,101.39565217391304,0
4097-YODCF,34,1,1,0,103.8,3470.8,102.08235294117648,0
9715-WZCLW,71,1,2,0,97.2,6910.3,97.32816901408451,0
9786-YWNHU,63,1,2,1,63.55,4014.2,63.717460317460315,0
6407-GSJNL,51,1,2,2,24.95,1288.0,25.254901960784313,0
6005-OBZPH,26,1,0,0,89.15,2277.65,87.60192307692309,1
4049-ZPALD,64,1,2,2,99.0,6375.8,99.621875,0
7932-WPTDS,1,0,0,0,24.8,24.8,24.8,1
3733-UOCWF,61,1,1,2,85.55,5251.75,86.09426229508196,0
6833-JMZYP,15,1,0,3,94.0,1505.45,100.36333333333333,0
2722-VOJQL,64,1,1,3,105.65,6903.1,107.8609375,1
1310-QRITU,18,1,0,0,50.3,913.3,50.73888888888889,0
8961-QDZZJ,57,1,1,0,95.0,5535.8,97.11929824561403,0
9715-SBVSU,14,1,2,2,61.4,815.55,58.253571428571426,0
8490-BXHEO,18,1,0,3,80.55,1411.65,78.42500000000001,0
7173-TETGO,72,1,2,2,78.5,5602.25,77.80902777777777,0
7929-SKFGK,70,1,2,3,114.3,8244.3,117.77571428571427,0
2300-RQGOI,38,1,2,1,20.05,741.5,19.513157894736842,0
3563-SVYLG,68,1,2,3,62.65,4375.8,64.35000000000001,0
5228-EXCET,13,1,0,0,80.85,1008.7,77.5923076923077,1
6435-VWCCY,65,1,2,3,92.7,5968.4,91.82153846153845,0
4998-IKFSE,30,1,0,0,100.45,3096.9,103.23,0
8630-QSGXK,51,1,2,2,75.2,3901.25,76.49509803921569,0
2455-USLMV,31,1,0,3,84.75,2613.4,84.30322580645162,0
7394-FKDNK,9,1,0,0,89.45,853.1,94.78888888888889,1
9488-FVZCC,72,1,2,2,79.5,5661.7,78.63472222222222,0
6331-LWDTQ,10,1,0,3,72.15,794.25,79.425,1
5995-WWKKG,37,1,1,0,19.8,695.05,18.785135135135135,0
1597-FZREH,2,1,0,0,76.4,160.8,80.4,1
7879-CGSFV,55,1,1,1,100.9,5552.05,100.94636363636364,0
9921-EZKBY,33,1,0,2,95.3,3275.15,99.2469696969697,0
7432-FFVAR,46,1,1,2,90.95,4236.6,92.10000000000001,0
7246-ZGQDF,1,1,0,0,54.5,54.5,54.5,0
7000-WCEVQ,20,1,0,1,61.6,1174.35,58.717499999999994,1
0727-IWKVK,9,1,0,0,79.9,741.7,82.41111111111111,1
5959-BELXA,32,1,0,3,96.15,3019.25,94.3515625,1
4456-RHSNB,19,1,0,2,49.6,962.9,50.67894736842105,0
3512-IZIKN,70,1,2,3,65.3,4759.75,67.99642857142857,1
2481-SBOYW,61,1,2,3,25.0,1498.35,24.563114754098358,0
7109-MFBYV,26,1,0,0,45.45,1233.15,47.42884615384616,0
1833-TCXKK,45,1,0,2,107.75,4882.8,108.50666666666667,0
1832-PEUTS,62,1,2,3,89.1,5411.65,87.28467741935484,0
6141-OOXUQ,1,1,0,1,19.65,19.65,19.65,1
8660-BUETV,3,1,0,1,44.75,148.05,49.35,0
0580-PIQHM,41,1,1,2,101.6,3930.55,95.86707317073171,0
5696-CEIQJ,67,1,2,2,103.15,6895.5,102.91791044776119,0
7503-ZGUZJ,1,1,0,1,84.65,84.65,84.65,1
1696-HXOWK,71,1,1,1,95.65,6856.95,96.57676056338028,0
3026-ATZYV,37,1,1,2,75.1,2658.8,71.85945945945946,0
4012-YCFAI,60,1,2,1,61.35,3766.2,62.769999999999996,0
2506-TNFCO,1,1,0,0,69.55,69.55,69.55,1
9970-QBCDA,6,1,0,3,19.7,129.55,21.59166666666667,0
8718-PTMEZ,13,0,0,0,31.05,347.25,26.71153846153846,1
9496-IVVRP,11,1,0,2,51.0,581.7,52.88181818181818,0
2207-OBZNX,7,1,0,1,51.0,354.05,50.57857142857143,1
2657-VPXTA,10,1,0,0,88.85,929.45,92.94500000000001,0
6551-VLJMV,34,1,2,3,20.05,679.0,19.970588235294116,0
1221-GHZEP,62,1,2,1,65.1,3846.75,62.04435483870968,0
9289-LBQVU,64,1,1,1,70.15,4480.7,70.0109375,0
6142-VSJQO,1,1,0,2,44.35,44.35,44.35,1
3458-IDMFK,25,1,2,1,20.75,499.4,19.976,0
6933-FHBZC,26,1,1,1,56.05,1553.2,59.73846153846154,0
0221-NAUXK,10,1,1,2,19.95,219.5,21.95,0
9770-KXGQU,53,1,1,1,98.6,5311.85,100.22358490566039,0
6437-UKHMV,7,1,0,0,79.7,586.05,83.72142857142856,1
6538-POCHL,33,1,0,3,79.0,2576.8,78.0848484848485,0
6726-NNFWD,71,1,2,3,89.45,6435.25,90.63732394366197,0
3002-WQZWT,29,1,0,0,74.2,1993.25,68.73275862068965,0
4277-UDIEF,24,1,0,2,81.0,1923.85,80.16041666666666,0
1208-NBVFH,20,1,0,0,49.6,939.8,46.989999999999995,0
4912-PIGUY,1,1,0,0,84.6,84.6,84.6,0
1114-CENIM,54,1,0,3,55.0,3092.65,57.2712962962963,1
6060-DRTNL,5,1,0,1,84.85,415.55,83.11,1
2725-TTRIQ,72,1,2,2,84.2,5986.55,83.14652777777778,0
3374-TTZTK,52,1,2,0,106.3,5487.0,105.51923076923077,0
8990-ZXLSU,9,1,0,0,69.05,651.5,72.38888888888889,0
2275-RBYQS,1,1,0,1,45.4,45.4,45.4,0
8473-VUVJN,1,1,0,0,73.65,73.65,73.65,1
6289-CPNLD,33,1,1,1,73.9,2405.05,72.88030303030304,1
5536-SLHPM,55,1,0,0,77.75,4458.15,81.05727272727272,1
4419-UJMUS,69,1,2,0,99.35,6856.45,99.36884057971014,0
7794-JASDG,1,1,0,1,50.75,50.75,50.75,0
7609-YBPXG,54,1,2,2,87.1,4735.2,87.68888888888888,0
5519-TEEUH,33,1,1,1,20.15,682.15,20.671212121212122,0
7856-GANIL,45,1,1,2,98.7,4525.8,100.57333333333334,0
0804-XBFBV,11,0,0,0,25.2,321.05,29.186363636363637,0
2676-OXPPQ,6,1,0,2,55.7,335.65,55.94166666666666,0
3703-TTEPD,21,1,0,2,65.35,1424.4,67.82857142857144,0
2799-TSLAG,65,1,2,2,25.3,1748.55,26.90076923076923,0
0196-VULGZ,6,1,0,0,84.35,474.9,79.14999999999999,1
8837-VVWLQ,8,1,0,0,84.95,668.4,83.55,1
2696-NARTR,11,1,0,0,73.85,926.25,84.20454545454545,1
2208-NKVVH,43,1,2,1,24.25,1077.95,25.06860465116279,0
7614-QVWQL,49,0,1,2,51.8,2541.25,51.86224489795919,1
1976-CFOCS,1,1,0,0,46.0,46.0,46.0,1
4631-OACRM,15,1,0,0,79.4,1156.1,77.07333333333332,1
7139-JZFVG,60,1,2,2,60.5,3694.45,61.57416666666666,0
4987-GQWPO,17,0,0,3,25.1,382.8,22.51764705882353,0
3755-JBMNH,16,1,0,2,71.8,1167.8,72.9875,1
1757-TCATG,35,1,1,2,20.05,746.75,21.335714285714285,0
6345-ULYRW,44,1,1,1,88.4,3912.9,88.92954545454546,1
4776-XSKYQ,12,0,1,3,30.25,368.85,30.7375,0
8048-DSDFQ,1,1,0,1,20.2,20.2,20.2,0
5753-QQWPW,28,1,1,0,59.9,1654.7,59.096428571428575,0
6010-DDPPW,70,1,2,2,25.15,1940.85,27.72642857142857,0
1809-DMJHQ,5,1,0,1,46.0,221.7,44.339999999999996,1
6693-FRIRW,18,1,0,3,101.3,1794.65,99.70277777777778,0
6586-MYGKD,70,1,2,3,76.95,5289.8,75.56857142857143,0
3173-NVMPX,9,1,0,1,55.3,501.2,55.68888888888889,0
0248-PGHBZ,67,1,2,2,92.45,6140.85,91.65447761194031,0
0623-GDISB,1,1,0,2,48.45,48.45,48.45,0
2892-GESUL,18,1,2,1,19.35,309.25,17.180555555555557,0
6923-EFPNL,4,1,0,3,51.75,201.1,50.275,1
7472-EQOAV,71,1,1,2,86.7,6179.35,87.0330985915493,0
9574-RKJIF,30,1,0,0,94.4,2838.7,94.62333333333332,1
2043-WVTQJ,1,1,0,1,55.7,55.7,55.7,0
8034-RYTVV,55,1,1,3,84.25,4589.85,83.45181818181818,0
3863-QSTYI,59,1,0,0,64.65,3735.45,63.31271186440678,0
2619-WFQWU,1,1,0,1,70.15,70.15,70.15,1
5044-LRQAQ,7,1,0,2,69.2,477.55,68.22142857142858,0
1716-LSAMB,45,1,2,2,54.65,2553.7,56.748888888888885,0
1333-PBMXB,54,1,1,2,24.75,1342.15,24.85462962962963,0
6546-OPBBH,51,1,1,1,23.95,1216.35,23.849999999999998,0
5985-BEHZK,72,1,1,3,105.0,7578.05,105.25069444444445,0
9127-QRZMH,44,1,1,2,59.85,2603.95,59.18068181818182,0
5919-VCZYM,2,1,0,1,20.05,42.7,21.35,0
9644-KVCNC,66,1,1,2,92.15,6056.9,91.77121212121212,0
2137-DQMEV,68,0,1,1,44.8,2983.65,43.87720588235294,0
8174-LNWMW,31,1,2,3,20.9,689.35,22.23709677419355,0
9279-CJEOJ,21,1,0,2,95.4,2025.1,96.43333333333332,0
7964-VEXDG,21,1,0,0,80.35,1747.2,83.2,0
2404-JIBFC,55,1,2,2,85.1,4657.95,84.69,0
0778-NELLA,9,0,0,3,34.7,296.1,32.900000000000006,1
8029-XYPWT,71,1,2,2,115.05,8016.6,112.90985915492958,0
4614-NUVZD,1,1,0,0,81.1,81.1,81.1,1
4632-PAOYU,22,1,1,1,19.95,433.5,19.704545454545453,0
3803-KMQFW,1,1,0,1,20.55,20.55,20.55,1
6804-GDMOI,61,1,2,0,106.6,6428.4,105.38360655737705,1
2990-OGYTD,67,1,2,2,86.15,5883.85,87.81865671641792,0
6646-JPPHA,14,1,0,0,78.85,1043.8,74.55714285714285,0
9572-MTILT,59,1,0,0,106.75,6252.9,105.98135593220339,1
7658-UYUQS,21,1,0,2,86.55,1857.25,88.44047619047619,0
7880-XSOJX,4,0,0,1,42.4,146.4,36.6,0
9611-CTWIH,3,1,0,0,89.45,240.45,80.14999999999999,1
4589-IUAJB,70,1,2,2,24.25,1724.15,24.630714285714287,0
0329-GTIAJ,3,1,0,0,97.9,315.3,105.10000000000001,1
8746-BFOAJ,21,1,1,2,20.5,429.55,20.454761904761906,0
8457-XIGKN,20,1,0,3,19.6,356.15,17.807499999999997,0
6072-NUQCB,22,1,1,2,20.25,488.25,22.193181818181817,0
6629-CZTTH,1,1,0,1,55.7,55.7,55.7,1
8838-GPHZP,63,1,2,1,20.6,1298.7,20.614285714285714,0
8750-QWZAJ,70,1,2,2,19.8,1378.75,19.696428571428573,0
5364-EVNIB,13,1,0,0,79.8,973.45,74.88076923076923,1
6918-UMQCG,5,1,0,0,80.2,384.25,76.85,0
0675-NCDYU,72,1,2,3,116.4,8543.25,118.65625,0
6339-DKLMK,13,0,0,0,31.65,389.95,29.996153846153845,0
1346-PJWTK,61,1,0,3,94.15,5731.85,93.96475409836066,0
5088-QZLRL,1,1,0,0,20.65,20.65,20.65,0
8023-QHAIO,56,1,0,2,76.85,4275.75,76.35267857142857,0
4397-FRLTA,4,1,0,1,20.15,84.5,21.125,0
3057-VJJQE,35,1,2,1,55.25,1924.1,54.97428571428571,0
5087-SUURX,18,0,0,0,39.05,669.85,37.21388888888889,1
2302-OUZXB,72,1,2,2,82.15,5784.3,80.3375,0
8133-ANHHJ,49,1,1,2,103.0,5166.2,105.43265306122449,0
2270-CHBFN,44,1,0,3,95.1,4060.55,92.28522727272728,0
0013-EXCHZ,3,1,0,1,83.9,267.4,89.13333333333333,1
5982-FPVQN,37,1,0,0,95.15,3532.85,95.48243243243243,0
9107-UKCKY,61,1,1,0,79.8,4914.8,80.57049180327868,0
4654-ULTTN,70,1,2,3,74.8,5315.8,75.94,0
5550-VFRLC,1,1,0,0,69.85,69.85,69.85,1
5546-BYZSM,41,1,0,0,20.45,775.6,18.917073170731708,0
1492-KGETH,70,1,1,2,78.35,5445.95,77.79928571428572,0
4929-BSTRX,1,1,0,1,53.55,53.55,53.55,1
4163-HFTUK,51,1,1,0,19.1,1007.8,19.76078431372549,0
8215-NGSPE,42,1,2,1,20.0,833.55,19.84642857142857,0
2225-ZRGSG,70,1,2,2,93.9,6579.05,93.98642857142858,1
8859-YSTWS,48,1,1,2,19.95,1004.5,20.927083333333332,0
5271-YNWVR,68,1,2,0,113.15,7856.0,115.52941176470588,1
7601-DHFWZ,48,1,2,3,24.0,1183.05,24.646874999999998,0
2657-ALMWY,26,1,0,0,84.95,2169.75,83.45192307692308,1
6330-JKLPC,11,1,0,2,80.5,896.9,81.53636363636363,1
4667-OHGKG,1,1,0,1,19.3,19.3,19.3,1
1998-VHJHK,27,1,1,1,19.15,501.35,18.56851851851852,0
1707-HABPF,46,1,1,2,91.3,4126.35,89.70326086956523,0
1660-HSOOQ,1,1,0,1,49.65,49.65,49.65,1
7253-UVNDW,46,1,2,3,54.35,2460.15,53.481521739130436,1
0487-VVUVK,25,1,0,1,19.15,477.6,19.104,0
7228-OMTPN,4,1,0,0,88.45,370.65,92.6625,1
5063-IUOKK,13,1,2,1,19.75,265.75,20.442307692307693,0
4508-OEBEY,31,1,1,3,75.5,2424.45,78.20806451612903,0
0027-KWYKW,23,1,0,0,83.75,1849.95,80.43260869565218,0
2308-STERM,2,1,0,1,19.4,61.05,30.525,0
5982-XMDEX,65,1,2,2,26.5,1698.55,26.13153846153846,0
6284-AHOOQ,22,1,0,2,90.5,1910.6,86.84545454545454,1
6051-PTVNS,55,1,1,3,19.15,998.1,18.14727272727273,0
2344-JMOGN,9,1,0,1,94.85,890.6,98.95555555555556,1
3799-ISUZQ,7,1,0,2,69.95,529.5,75.64285714285714,1
2877-VDUER,35,0,1,1,40.9,1383.6,39.53142857142857,0
9152-AMKAK,6,1,2,1,80.25,493.4,82.23333333333333,0
1794-HBQTJ,1,1,0,3,48.6,48.6,48.6,1
9432-VOFYX,17,1,0,0,70.8,1207.0,71.0,0
8049-WJCLQ,10,1,0,1,60.2,563.5,56.35,0
6586-PSJOX,15,1,1,3,55.2,864.55,57.63666666666666,0
2460-FPSYH,40,0,0,0,55.8,2109.35,52.73375,1
9705-ZJBCG,13,1,1,2,54.15,701.05,53.926923076923075,0
4818-DRBQT,29,1,0,2,80.15,2265.25,78.11206896551724,1
1320-HTRDR,3,1,0,0,75.5,220.6,73.53333333333333,1
6847-KJLTS,58,1,0,2,100.4,5749.8,99.13448275862069,0
9670-BPNXF,45,1,1,3,62.55,2796.45,62.14333333333333,0
3913-FCUUW,72,1,2,2,70.45,5165.7,71.74583333333334,0
3301-VKTGC,68,1,1,2,85.5,5696.6,83.77352941176471,0
1493-AMTIE,1,1,0,2,20.2,20.2,20.2,1
9555-SAHUZ,38,1,0,0,54.5,2076.05,54.63289473684211,0
0816-TSPHQ,2,1,0,1,20.75,44.2,22.1,0
9932-WBWIK,11,1,0,1,20.35,215.25,19.568181818181817,0
4619-EVPHY,20,1,1,2,91.0,1859.5,92.975,0
5286-YHCVC,72,1,2,2,104.8,7470.1,103.7513888888889,0
6424-ELEYH,3,1,0,3,74.75,229.5,76.5,1
4391-RESHN,23,1,0,1,104.05,2470.1,107.39565217391304,1
9115-YQHGA,40,1,0,0,51.1,2092.9,52.322500000000005,0
4462-CYWMH,62,1,0,2,89.8,5629.55,90.7991935483871,0
8963-MQVYN,22,1,0,0,20.55,469.85,21.356818181818184,0
2458-EOMRE,11,1,0,2,64.05,733.95,66.72272727272728,0
9334-GWGOW,7,1,0,0,74.85,485.25,69.32142857142857,0
6821-BUXUX,13,1,0,0,96.65,1244.5,95.73076923076923,1
5028-HTLJB,1,1,0,1,20.05,20.05,20.05,1
9801-GDWGV,39,1,0,0,103.45,3994.45,102.42179487179487,1
6542-LWGXJ,3,0,0,1,25.0,78.25,26.083333333333332,0
5567-GZKQY,58,1,2,3,20.3,1131.5,19.50862068965517,0
1222-LRYKO,6,1,0,1,26.35,184.05,30.675,0
2320-JRSDE,1,1,0,0,19.9,19.9,19.9,1
2087-QAREY,22,1,0,1,54.7,1178.75,53.57954545454545,0
0601-WZHJF,14,0,0,0,46.35,667.7,47.69285714285714,1
4423-JWZJN,64,1,1,3,90.25,5629.15,87.95546875,0
5143-WMWOG,1,1,0,0,19.95,19.95,19.95,1
6490-FGZAT,6,1,0,1,20.65,109.3,18.216666666666665,0
5393-RXQSZ,1,1,0,0,79.6,79.6,79.6,1
7452-FOLON,39,1,1,2,25.45,958.45,24.575641025641026,0
2320-TZRRH,20,1,1,1,19.5,403.15,20.1575,0
0231-LXVAP,1,1,0,0,75.9,75.9,75.9,1
9444-JTXHZ,1,1,0,0,76.2,76.2,76.2,1
4942-VZZOM,64,1,1,3,66.15,4392.5,68.6328125,0
5510-BOIUJ,1,1,0,1,19.25,19.25,19.25,1
7502-BNYGS,46,1,0,3,69.1,3168.0,68.8695652173913,0
4291-HYEBC,28,0,1,0,39.1,1096.6,39.16428571428571,0
6147-CBCRA,33,1,0,1,20.05,669.45,20.28636363636364,0
6047-SUHPR,39,1,1,0,59.8,2343.85,60.09871794871795,0
4471-KXAUH,42,1,0,0,84.3,3588.4,85.43809523809524,1
9752-ZNQUT,1,1,0,0,48.6,48.6,48.6,0
7638-QVMVY,7,1,0,0,79.0,522.95,74.70714285714287,1
1576-PFZIW,70,1,2,3,105.35,7511.9,107.31285714285714,0
5666-MBJPT,65,1,2,2,25.1,1725.0,26.53846153846154,0
7312-XSBAT,1,1,0,0,49.75,49.75,49.75,0
3096-GKWEB,18,1,0,0,94.75,1691.9,93.99444444444445,0
2371-JQHZZ,24,1,0,0,93.0,2248.05,93.66875,0
0674-GCDXG,63,1,2,2,71.9,4479.2,71.0984126984127,0
1121-QSIVB,44,1,1,1,77.55,3471.1,78.88863636363637,0
4396-KLSEH,4,1,0,0,19.85,63.0,15.75,0
3244-DCJWY,1,1,0,0,70.25,70.25,70.25,1
2824-MYYBN,37,1,0,0,95.25,3314.15,89.57162162162163,0
0875-CABNR,10,1,0,3,84.6,865.55,86.55499999999999,1
6345-HOVES,34,0,0,2,25.05,852.7,25.079411764705885,0
8318-LCNBW,35,0,1,3,53.15,1930.9,55.16857142857143,0
6469-QJKZW,4,1,0,0,20.15,91.4,22.85,0
0147-ESWWR,39,1,0,0,101.25,3949.15,101.26025641025642,0
1217-VASWC,43,1,1,2,100.55,4304.0,100.09302325581395,0
7812-FZHPE,17,1,0,1,24.1,409.9,24.11176470588235,1
6370-ZVHDV,61,1,2,2,25.3,1554.9,25.49016393442623,0
5915-DGNVC,49,1,1,0,71.8,3472.05,70.85816326530613,0
6260-XLACS,4,1,1,1,19.7,117.8,29.45,0
3566-CAAYU,64,0,2,0,49.85,3210.35,50.16171875,0
4983-CCWMC,3,1,0,1,69.6,207.4,69.13333333333334,0
9103-CXVOK,1,1,0,0,19.75,19.75,19.75,0
2896-TBNBE,40,1,1,0,80.8,3132.75,78.31875,0
4797-AXPXK,1,1,0,0,60.0,60.0,60.0,1
5229-PRWKT,8,1,0,0,86.55,649.65,81.20625,1
6982-UQZLY,1,1,0,1,20.85,20.85,20.85,1
2522-WLNSF,34,1,1,2,64.2,2106.3,61.95,0
3841-CONLJ,1,0,0,0,35.0,35.0,35.0,0
5057-LCOUI,39,0,0,0,50.75,2011.4,51.57435897435898,1
0193-ESZXP,58,1,1,3,105.5,6205.5,106.99137931034483,1
4475-NVTLU,45,1,2,0,19.2,903.7,20.082222222222224,0
4369-HTUIF,6,1,0,2,85.15,503.6,83.93333333333334,1
9386-LDCZR,43,1,1,3,90.65,3882.3,90.28604651162792,0
9585-KKMFD,41,1,2,1,20.0,879.8,21.458536585365852,0
5399-ZIMKF,5,1,0,0,74.65,383.65,76.72999999999999,0
0336-KXKFK,72,0,2,3,61.2,4390.25,60.97569444444444,0
5619-XZZKR,4,1,1,1,19.95,68.2,17.05,0
3948-FVVRP,9,1,0,1,54.8,452.8,50.31111111111111,0
5327-XOKKY,72,1,2,3,73.45,5329.0,74.01388888888889,0
0983-TATYJ,33,1,1,1,51.45,1758.9,53.300000000000004,0
1813-JYWTO,72,1,2,2,80.45,5737.6,79.6888888888889,0
0156-FVPTA,22,1,0,0,54.2,1152.7,52.39545454545455,1
1984-FCOWB,70,1,1,0,109.5,7674.55,109.63642857142857,1
0654-HMSHN,21,1,0,0,104.4,2157.95,102.7595238095238,1
6719-OXYBR,15,1,0,0,85.3,1219.85,81.32333333333332,0
3312-ZWLGF,29,1,0,0,79.3,2414.55,83.26034482758621,0
6476-YHMGA,15,1,0,2,76.5,1155.6,77.03999999999999,0
5287-QWLKY,71,1,0,3,105.1,7548.1,106.3112676056338,1
0795-XCCTE,72,1,2,2,25.4,1809.35,25.12986111111111,0
0168-XZKBB,19,1,0,0,86.85,1564.4,82.33684210526316,0
3785-NRHYR,1,1,0,1,19.65,19.65,19.65,0
5196-SGOAK,1,1,0,0,75.7,75.7,75.7,1
4537-DKTAL,2,1,0,0,45.55,84.4,42.2,0
7072-MBHEV,11,1,0,3,78.1,864.85,78.62272727272727,0
5602-BVFMK,12,1,1,1,19.3,228.75,19.0625,0
6297-NOOPG,70,1,2,0,110.5,7752.05,110.74357142857143,0
1891-UAWWU,20,1,0,0,90.8,1951.0,97.55,1
8204-TIFGJ,23,1,0,2,20.3,470.6,20.460869565217394,0
8050-DVOJX,49,1,2,3,81.35,4060.9,82.87551020408164,0
6108-OQZDQ,4,1,0,0,97.95,384.5,96.125,1
0363-QJVFX,32,1,0,3,108.15,3432.9,107.278125,1
8903-XEBGX,2,1,0,0,55.3,108.65,54.325,0
8169-SAEJD,69,0,2,3,56.55,3952.65,57.28478260869565,0
9840-DVNDC,6,1,0,3,80.5,463.05,77.175,1
1089-XZWHH,24,1,2,1,19.7,494.05,20.585416666666667,0
2325-WINES,32,1,1,3,104.05,3416.85,106.7765625,0
6064-ZATLR,27,1,2,2,52.85,1498.65,55.50555555555556,0
3096-JRDSO,27,1,0,2,104.3,2867.75,106.21296296296296,1
7824-PANSQ,58,1,0,2,80.65,4807.35,82.88534482758621,0
8042-JVNFH,1,1,0,1,71.35,71.35,71.35,1
9648-BCHKM,18,1,2,3,24.65,471.35,26.186111111111114,0
2888-ADFAO,47,1,2,2,21.3,1041.8,22.16595744680851,0
8707-HOEDG,70,1,2,0,110.2,7689.8,109.85428571428572,0
3374-LXDEV,13,1,0,0,89.4,1132.35,87.10384615384615,1
4072-IPYLT,36,1,0,3,51.05,1815.0,50.416666666666664,0
7167-PCEYD,67,1,2,1,19.8,1311.3,19.571641791044776,0
4936-YPJNK,10,1,0,1,19.9,199.45,19.945,0
1580-BMCMR,19,1,0,0,87.3,1637.3,86.17368421052632,0
4817-KEQSP,71,1,2,2,19.85,1326.35,18.680985915492958,0
6408-WHTEF,72,1,2,1,89.4,6376.55,88.56319444444445,0
9251-AWQGT,48,1,2,1,20.0,935.9,19.497916666666665,0
8749-CLJXC,1,1,0,1,20.05,20.05,20.05,0
7989-VCQOH,18,1,0,0,83.25,1611.15,89.50833333333334,0
5049-GLYVG,1,1,0,1,20.6,20.6,20.6,1
4199-QHJNM,67,1,2,2,102.9,6989.7,104.32388059701492,0
8882-TLVRW,69,0,2,1,39.1,2779.5,40.28260869565217,0
5883-GTGVD,19,1,0,0,99.95,1931.75,101.67105263157895,1
5135-GRQJV,72,1,2,1,114.5,8331.95,115.7215277777778,0
2384-OVPSA,38,1,2,1,20.2,735.9,19.36578947368421,0
1371-WEPDS,40,1,1,0,55.8,2283.3,57.0825,0
3580-GICBM,61,1,2,1,24.2,1445.2,23.691803278688525,0
4817-QRJSX,10,1,0,3,81.0,818.05,81.80499999999999,1
9730-DRTMJ,32,1,1,3,72.8,2333.05,72.9078125,0
4686-UXDML,21,1,0,3,99.85,1992.55,94.88333333333333,0
3349-ANQNH,59,1,1,0,99.5,5890.0,99.83050847457628,0
2398-YPMUR,13,1,0,0,70.15,916.75,70.51923076923077,1
0932-YIXYU,47,1,2,3,20.25,1029.8,21.91063829787234,0
7480-SPLEF,69,1,2,2,26.0,1796.55,26.03695652173913,0
7636-XUHWW,2,1,0,3,19.9,33.7,16.85,0
1431-CYWMH,22,1,0,2,19.05,454.05,20.638636363636365,0
5937-EORGB,15,1,0,0,96.5,1392.25,92.81666666666666,0
6349-JDHQP,53,1,2,3,19.85,1049.6,19.80377358490566,0
5539-HIVAK,28,1,0,1,25.7,734.6,26.235714285714288,0
5847-MXBEO,22,1,1,1,20.3,475.1,21.595454545454547,0
9985-MWVIX,1,1,0,1,70.15,70.15,70.15,1
4583-PARNH,16,1,0,0,91.55,1540.05,96.253125,0
1116-FRYVH,48,0,2,1,39.4,1978.65,41.221875000000004,0
1421-HCERK,30,1,0,2,105.7,3181.8,106.06,0
9633-XQABV,3,1,0,0,70.25,229.7,76.56666666666666,0
0716-BQNDX,57,1,2,0,93.75,5625.55,98.69385964912281,0
1265-XTECC,68,1,1,3,96.55,6581.9,96.79264705882352,1
1183-CANVH,23,1,1,2,60.0,1347.15,58.571739130434786,0
1972-XMUWV,65,1,2,3,59.8,3808.2,58.58769230769231,0
8679-LZBMD,44,1,1,2,90.65,3974.15,90.32159090909092,0
3407-JMJQQ,71,1,2,2,109.0,7661.8,107.91267605633803,0
6252-DFGTK,37,1,1,3,68.1,2479.25,67.00675675675676,0
1539-LNKHM,12,1,0,1,20.4,266.6,22.21666666666667,0
8645-KOMJQ,69,1,2,2,81.95,5601.4,81.17971014492753,0
0289-IVARM,35,1,0,0,60.55,1982.6,56.645714285714284,0
9761-XUJWD,5,1,0,2,65.6,339.9,67.97999999999999,0
4057-FKCZK,58,1,2,2,82.5,4828.05,83.24224137931034,0
4291-TPNFG,72,1,2,2,82.3,5980.55,83.06319444444445,0
6087-YPWHO,72,1,2,1,68.15,4808.7,66.7875,0
3090-QFUVD,1,1,0,3,20.3,20.3,20.3,0
2237-ZFSMY,39,1,1,0,95.55,3692.85,94.68846153846154,1
1722-LDZJS,53,1,1,3,20.2,1068.15,20.15377358490566,0
1818-ESQMW,27,1,0,0,89.2,2383.6,88.28148148148148,0
4871-JTKJF,1,1,0,0,69.65,69.65,69.65,1
1415-YFWLT,1,1,0,0,89.3,89.3,89.3,1
7401-RUBNK,18,1,0,0,74.8,1438.05,79.89166666666667,0
0506-YLVKJ,46,1,2,1,20.2,917.45,19.944565217391304,0
8661-BOYNW,72,1,2,3,84.4,6096.45,84.67291666666667,0
6711-VTNRE,36,1,0,0,87.55,3078.1,85.50277777777778,1
4815-GBTCD,4,0,0,0,25.15,99.95,24.9875,0
2805-AUFQN,25,1,2,3,19.8,475.2,19.008,0
0980-PVMRC,40,0,0,0,50.85,2036.55,50.91375,0
7233-DRTRF,63,1,0,0,102.4,6444.05,102.28650793650795,0
3500-RMZLT,15,1,0,1,96.3,1426.75,95.11666666666666,1
3873-NFTGI,14,1,0,3,55.5,767.55,54.824999999999996,0
1162-ECVII,72,1,2,2,109.75,7932.5,110.17361111111111,0
7048-GXDAY,39,1,0,0,106.4,4040.65,103.60641025641026,0
8571-ZCMCX,47,0,2,3,60.0,2768.65,58.90744680851064,0
1169-WCVAK,19,1,0,3,88.8,1672.35,88.01842105263158,0
4548-SDBKE,5,1,0,0,85.2,474.8,94.96000000000001,1
8066-POXGX,13,0,0,0,35.1,446.1,34.315384615384616,1
7129-CAKJW,17,1,0,2,80.05,1345.65,79.15588235294118,0
8695-ARGXZ,34,1,0,0,75.55,2425.4,71.33529411764707,0
3570-YUEKJ,42,1,0,0,49.55,2077.95,49.474999999999994,0
4143-OOBWZ,5,1,0,0,81.3,416.3,83.26,1
1555-HAPSU,71,1,2,3,23.9,1663.5,23.429577464788732,0
1697-NVVGY,19,1,0,2,66.4,1286.05,67.68684210526315,0
7854-EKTJL,2,1,0,0,19.6,35.85,17.925,1
8464-EETCQ,57,1,2,3,18.8,1094.35,19.19912280701754,0
2419-FSORS,72,1,2,0,108.4,7719.5,107.21527777777777,0
8132-YPVBX,6,1,0,1,85.95,514.6,85.76666666666667,0
9102-IAYHT,17,1,0,0,85.45,1451.6,85.38823529411764,1
6754-LZUKA,61,1,2,2,80.9,4932.5,80.86065573770492,0
3422-LYEPQ,1,1,0,0,71.0,71.0,71.0,1
8099-MZPUJ,48,1,2,3,111.8,5443.65,113.409375,0
0787-LHDYT,16,1,0,3,20.6,330.25,20.640625,0
2642-DTVCO,9,1,0,0,85.05,746.5,82.94444444444444,1
0374-IOEGQ,3,1,0,0,44.6,122.7,40.9,0
4361-JEIVL,1,1,0,0,44.4,44.4,44.4,1
3197-NNYNB,65,1,2,3,105.1,6631.85,102.02846153846154,0
3396-DKDEL,70,1,2,3,115.15,8250.0,117.85714285714286,0
1752-OZXFY,60,1,1,1,59.8,3561.15,59.3525,0
9066-QRSDU,69,1,1,0,26.3,1763.55,25.558695652173913,0
9112-WSNPU,35,1,0,0,70.55,2419.0,69.11428571428571,0
9867-NNXLC,22,1,0,1,20.05,470.2,21.37272727272727,0
5321-NTRKC,66,1,2,2,79.85,5234.95,79.31742424242424,0
1363-TXLSL,1,1,0,0,70.3,70.3,70.3,1
9507-EXLTT,1,1,0,2,79.35,79.35,79.35,1
3161-GETRM,34,1,0,3,90.05,3097.0,91.08823529411765,0
0402-OAMEN,72,1,2,2,24.45,1709.1,23.737499999999997,0
6933-VLYFX,31,0,1,0,59.95,1848.8,59.63870967741936,0
6754-WKSHP,30,1,1,2,25.35,723.3,24.11,0
9846-GKXAS,9,1,0,2,90.8,809.75,89.97222222222223,1
6017-PPLPX,20,1,0,0,70.45,1470.95,73.5475,1
4976-LNFVV,19,0,0,3,34.3,577.15,30.376315789473683,0
5055-MGMGF,65,1,0,0,105.05,6914.95,106.38384615384615,0
4641-FROLU,30,1,2,1,19.3,602.9,20.096666666666668,0
2862-JVEOY,6,1,1,1,19.15,124.4,20.733333333333334,0
2969-QWUBZ,2,0,0,0,51.4,96.8,48.4,0
9822-BIIGN,53,1,0,0,71.85,3827.9,72.22452830188679,0
2077-MPJQO,7,1,0,0,75.4,533.05,76.14999999999999,0
1534-OULXE,61,1,1,2,49.7,2961.4,48.54754098360656,0
7136-RVDTZ,70,0,1,0,45.25,3264.45,46.635,1
2971-SGAFL,13,1,0,0,78.75,995.35,76.56538461538462,0
1480-IVEVR,35,1,1,2,81.6,2815.25,80.43571428571428,0
2905-KFQUV,2,1,0,3,70.4,154.8,77.4,0
4581-SSPWD,3,1,0,0,75.8,246.3,82.10000000000001,1
3370-HXOPH,3,1,0,0,76.1,257.6,85.86666666666667,0
9391-YZEJW,62,1,1,2,94.0,5757.2,92.85806451612903,0
9958-MEKUC,72,1,2,3,103.95,7517.7,104.4125,0
0281-CNTZX,63,1,2,2,19.95,1234.8,19.599999999999998,0
6927-WTFIV,20,1,0,3,71.3,1389.2,69.46000000000001,1
4118-CEVPF,35,1,1,2,110.8,3836.3,109.60857142857144,0
3398-ZOUAA,21,1,0,0,69.1,1474.75,70.22619047619048,1
9114-VEPUF,62,1,1,0,96.1,6001.45,96.79758064516129,0
7876-BEUTG,15,1,0,1,48.8,720.1,48.00666666666667,0
2338-BQEZT,55,1,0,3,50.55,2832.75,51.50454545454546,0
9873-MNDKV,11,1,0,1,44.65,472.25,42.93181818181818,0
0378-NHQXU,17,1,0,0,88.25,1460.65,85.92058823529412,1
8241-JUIQO,61,1,1,2,19.45,1336.35,21.907377049180326,0
2194-IIQOF,71,1,2,3,89.3,6388.65,89.98098591549295,0
4512-ZUIYL,2,1,0,2,70.0,153.05,76.525,1
9631-RXVJM,35,1,2,1,19.25,677.9,19.36857142857143,0
9584-EXCDZ,17,1,0,2,70.5,1165.6,68.56470588235294,0
7969-AULMZ,21,1,0,0,97.35,2119.5,100.92857142857143,1
5093-FEGLU,47,1,2,2,19.65,921.55,19.607446808510637,0
2621-UDNLU,3,1,0,1,20.85,72.0,24.0,0
7526-IVLYU,3,1,0,1,19.65,68.35,22.78333333333333,0
2428-HYUNX,44,1,2,3,19.35,847.25,19.255681818181817,0
9214-EKVXR,1,1,0,1,44.0,44.0,44.0,0
3410-MHHUM,44,1,1,0,94.4,4295.35,97.62159090909091,0
0568-ONFPC,5,1,0,2,25.9,135.0,27.0,1
0733-VUNUW,24,1,0,2,55.65,1400.55,58.356249999999996,1
4550-EVXNY,1,1,0,0,69.65,69.65,69.65,1
2122-YWVYA,18,1,0,0,75.4,1380.4,76.6888888888889,0
2968-SSGAA,10,1,0,0,100.6,1060.2,106.02000000000001,1
2296-DKZFP,65,1,2,2,71.0,4386.2,67.48,0
4844-JJWUY,1,1,0,0,86.0,86.0,86.0,1
6777-TGHTM,53,1,1,3,106.95,5785.5,109.16037735849056,1
8909-BOLNL,3,1,1,1,21.2,52.05,17.349999999999998,0
6603-YRDCJ,33,1,2,1,61.05,2018.4,61.163636363636364,0
3538-WZPHD,3,0,0,0,29.6,79.45,26.483333333333334,1
3229-USWAR,34,1,1,2,79.95,2727.3,80.21470588235294,0
2138-VFAPZ,14,1,2,1,19.7,263.65,18.832142857142856,0
6131-JLWZM,13,1,0,1,20.3,275.4,21.184615384615384,0
4785-QRJHC,46,0,1,2,59.9,2816.65,61.231521739130436,1
0269-XFESX,23,1,1,1,24.35,538.5,23.41304347826087,0
1709-EJDOX,47,1,2,1,19.75,948.9,20.18936170212766,0
4316-XCSLJ,17,1,0,1,50.3,846.8,49.811764705882354,0
8610-WFCJF,49,1,0,0,95.6,4783.5,97.62244897959184,1
9693-XMUOB,59,0,0,0,50.25,2997.45,50.80423728813559,0
0383-CLDDA,69,1,2,3,85.35,5897.4,85.4695652173913,0
4905-JEFDW,11,0,1,0,41.6,470.6,42.78181818181818,1
2709-UQGNP,10,1,0,1,51.65,524.5,52.45,0
3549-ZTMNH,12,1,2,2,24.0,269.65,22.47083333333333,0
7881-INRLC,45,1,0,3,100.85,4740.0,105.33333333333333,1
8033-ATFAS,39,1,0,1,59.85,2341.5,60.03846153846154,0
1635-NZATJ,71,1,2,3,25.45,1789.65,25.206338028169014,0
0562-HKHML,71,1,2,3,23.9,1626.4,22.907042253521126,0
8277-RVRSV,33,1,1,3,24.15,800.3,24.25151515151515,0
9943-VSZUV,67,1,0,1,75.7,5060.85,75.53507462686568,0
0117-LFRMW,37,0,0,2,40.2,1448.8,39.15675675675676,1
6172-FECYY,49,1,0,0,84.5,4254.85,86.83367346938776,1
7054-ENNGU,9,1,0,1,50.85,466.6,51.84444444444445,0
1455-HFBXA,52,1,2,3,91.6,4627.8,88.99615384615385,0
9402-CXWPL,70,1,1,0,98.9,6838.6,97.69428571428573,0
1628-BIZYP,1,1,0,0,85.0,85.0,85.0,0
1965-AKTSX,14,1,0,0,78.95,1101.85,78.70357142857142,1
0082-LDZUE,1,1,0,1,44.3,44.3,44.3,0
4786-UKSNZ,1,1,0,1,20.2,20.2,20.2,1
5343-SGUBI,52,1,1,1,80.2,4297.6,82.64615384615385,0
0856-NAOES,6,1,0,1,60.9,414.1,69.01666666666667,0
1976-AZZPJ,7,0,0,1,34.2,256.6,36.65714285714286,0
7248-VZQLC,47,1,0,2,85.2,3969.35,84.45425531914893,1
6156-UZDLF,26,1,1,3,87.15,2274.1,87.46538461538461,0
3099-OONVS,25,1,0,0,54.3,1296.8,51.872,0
9500-WBGRP,69,1,2,1,19.1,1268.85,18.389130434782608,0
5183-KLYEM,72,1,2,3,112.75,8192.6,113.78611111111111,0
5144-PQCDZ,4,1,0,1,19.95,59.25,14.8125,0
8514-VZHEB,59,1,2,1,19.5,1147.85,19.45508474576271,0
6625-IUTTT,67,1,2,2,65.55,4361.55,65.09776119402986,0
9355-NPPFS,26,1,0,0,78.8,2006.1,77.1576923076923,0
0068-FIGTF,27,1,1,1,78.2,2078.95,76.99814814814815,0
5965-GGPRW,72,1,2,2,105.25,7609.75,105.69097222222223,0
8035-PWSEV,6,1,0,0,89.25,487.05,81.175,0
2236-HILPA,62,1,2,3,20.65,1218.45,19.65241935483871,0
1840-BIUOG,20,1,1,0,68.7,1416.2,70.81,0
1356-MKYSK,6,1,0,3,78.65,483.3,80.55,0
6080-LNESI,51,1,2,1,24.75,1234.6,24.2078431372549,0
1830-IPXVJ,61,1,2,3,19.75,1311.6,21.501639344262294,0
5828-DWPIL,62,1,0,0,89.1,5618.3,90.61774193548388,0
8398-TBIYD,72,1,2,2,84.7,6185.15,85.9048611111111,0
0011-IGKFF,13,1,0,0,98.0,1237.85,95.21923076923076,1
4192-GORJT,5,1,0,0,94.45,498.1,99.62,1
6496-SLWHQ,3,1,0,0,105.0,294.45,98.14999999999999,1
9912-GVSEQ,26,1,0,0,93.85,2381.55,91.59807692307693,1
2931-FSOHN,13,1,0,0,59.9,788.35,60.642307692307696,0
9418-RUKPH,38,1,2,1,19.95,756.4,19.905263157894737,0
5383-MMTWC,8,1,0,0,84.0,613.4,76.675,1
9971-ZWPBF,34,1,0,0,108.9,3625.2,106.62352941176471,0
4712-AUQZO,18,0,0,1,33.6,550.35,30.575000000000003,0
9711-FJTBX,56,1,1,1,85.85,4793.8,85.60357142857143,0
2908-ZTPNF,36,0,0,2,34.85,1267.2,35.2,0
7240-ETPTR,9,0,0,0,48.75,442.2,49.13333333333333,1
2202-CUYXZ,1,1,0,0,84.85,84.85,84.85,1
5995-OIGLP,12,1,0,1,56.65,654.85,54.57083333333333,1
8421-WZOOW,57,1,0,3,95.3,5567.45,97.67456140350878,0
6261-RCVNS,42,1,1,3,73.9,3160.55,75.25119047619049,1
7951-QKZPL,33,1,2,1,24.5,740.3,22.433333333333334,1
1414-YADCW,70,1,2,2,84.6,5706.2,81.51714285714286,0
8756-RDDLT,68,0,0,0,44.95,3085.35,45.37279411764706,0
2862-PFNIK,1,0,0,0,24.7,24.7,24.7,0
5816-QVHRX,37,1,0,3,100.3,3541.4,95.71351351351352,0
4430-YHXGG,4,1,0,1,25.45,84.2,21.05,0
6888-SBYAI,1,1,0,1,50.7,50.7,50.7,0
7395-XWZOY,20,0,0,3,55.0,1165.55,58.277499999999996,0
7169-YWAMK,72,1,2,2,68.4,4855.35,67.43541666666667,0
3640-PHQXK,31,1,0,0,89.9,2806.9,90.54516129032258,1
6877-LGWXO,18,1,0,0,78.55,1422.65,79.03611111111111,1
6859-RKMZJ,11,1,0,2,55.05,608.15,55.28636363636363,0
2729-VNVAP,33,1,2,3,19.8,641.35,19.434848484848487,0
2957-JIRMN,62,1,1,0,84.45,4959.15,79.98629032258064,0
2049-BAFNW,1,0,0,1,35.9,35.9,35.9,0
3842-QTGDL,16,1,0,2,80.75,1321.3,82.58125,0
7163-OCEQI,22,1,1,1,78.65,1663.75,75.625,0
9782-LGXMC,49,1,0,2,61.75,3024.15,61.71734693877551,0
5975-BAICR,36,1,1,3,63.7,2188.5,60.791666666666664,0
8019-ENHXU,42,1,0,0,99.45,4138.05,98.525,1
5167-GBFRE,4,0,0,2,25.2,102.5,25.625,1
9033-EOXWV,12,1,1,1,74.05,872.65,72.72083333333333,1
4673-KKSLS,31,1,0,0,87.6,2724.25,87.87903225806451,0
4853-OITSN,5,1,0,0,89.15,413.25,82.65,0
9800-OUIGR,66,1,2,3,20.0,1374.2,20.82121212121212,0
1324-NLTJE,15,1,0,3,55.0,757.1,50.473333333333336,1
2324-EFHVG,64,1,2,2,104.4,6692.65,104.57265625,0
7094-MSZAO,10,1,0,3,20.05,218.5,21.85,0
1522-VVDMG,7,1,0,0,89.75,608.8,86.97142857142856,1
6907-CQGPN,29,0,0,0,34.3,1004.75,34.64655172413793,0
0780-XNZFN,57,1,2,2,20.65,1125.6,19.74736842105263,0
0239-OXEXL,46,1,0,1,84.25,3847.6,83.64347826086956,0
2675-IJRGJ,53,1,2,2,19.65,978.0,18.452830188679247,0
7049-GKVZY,17,1,1,3,79.85,1387.35,81.60882352941177,0
8577-QSOCG,38,1,2,1,20.2,746.05,19.632894736842104,0
3721-CNZHX,15,1,1,1,19.8,304.6,20.30666666666667,0
0212-ISBBF,22,0,0,0,50.35,1098.85,49.94772727272727,0
9185-TQCVP,14,1,0,0,85.15,1139.2,81.37142857142858,1
3585-YNADK,57,1,1,2,74.6,4368.95,76.64824561403509,0
5271-DBYSJ,11,1,0,3,79.15,827.7,75.24545454545455,0
1099-GODLO,1,1,2,1,20.35,20.35,20.35,0
6828-HMKWP,12,1,2,2,21.05,262.05,21.837500000000002,0
5567-WSELE,3,1,0,0,94.6,279.55,93.18333333333334,1
1472-TNCWL,36,1,0,0,94.7,3512.5,97.56944444444444,0
8063-RJYNF,16,1,0,0,94.25,1483.25,92.703125,1
0687-ZVTHB,65,1,1,3,72.45,4653.85,71.59769230769231,1
2080-GKCWQ,2,1,0,0,74.95,151.75,75.875,0
9661-ACXBS,42,1,0,0,105.2,4400.75,104.7797619047619,1
2193-SFWQW,72,1,2,2,111.95,8033.1,111.57083333333334,0
5656-JAMLX,62,1,2,2,19.85,1253.65,20.220161290322583,0
3462-BJQQA,6,1,0,0,89.75,552.65,92.10833333333333,0
0442-TDYUO,48,1,2,1,20.05,1036.0,21.583333333333332,0
6733-LRIZX,35,1,2,0,108.95,4025.5,115.01428571428572,0
9503-XJUME,52,1,1,3,19.65,928.4,17.853846153846153,0
4367-NHWMM,1,0,0,1,24.9,24.9,24.9,0
3727-RJMEO,6,1,0,0,82.85,460.25,76.70833333333333,1
3779-OSWCF,71,1,2,3,93.2,6506.15,91.63591549295774,0
6736-DHUQI,67,1,1,2,84.8,5598.3,83.55671641791045,0
3915-ODIYG,60,1,1,0,71.75,4374.55,72.90916666666666,0
1360-RCYRT,23,0,0,2,30.35,678.75,29.51086956521739,0
2724-FJDYW,39,0,1,2,54.85,2191.7,56.197435897435895,0
4451-RWASJ,15,1,1,1,19.5,239.75,15.983333333333333,0
6646-VRFOL,53,1,0,0,103.85,5485.5,103.5,1
3460-TJBWI,24,1,2,1,24.2,609.05,25.37708333333333,0
5917-HBSDW,37,1,0,0,19.35,683.75,18.47972972972973,0
5685-IIXLY,5,1,0,0,83.6,404.2,80.84,1
5671-UUNXD,50,1,1,0,100.65,5189.75,103.795,0
0956-ACVZC,54,1,1,3,94.1,5060.9,93.72037037037036,0
2325-NBPZG,3,1,0,0,74.55,233.65,77.88333333333334,0
4250-ZBWLV,68,1,1,0,108.45,7176.55,105.53750000000001,1
4482-FTFFX,5,1,0,0,56.15,291.45,58.29,0
8859-DZTGQ,33,1,2,1,20.35,689.75,20.901515151515152,0
0440-MOGPM,41,1,1,0,80.55,3263.9,79.60731707317073,0
0020-JDNXP,34,0,1,1,61.25,1993.2,58.62352941176471,0
3752-CQSJI,13,1,0,1,20.45,254.5,19.576923076923077,0
5025-GOOKI,20,1,0,3,18.9,347.65,17.3825,0
4698-KVLLG,51,1,2,3,19.6,967.9,18.978431372549018,0
5095-AESKG,3,1,0,3,91.5,242.95,80.98333333333333,1
2887-JPYLU,41,1,0,2,45.2,1841.9,44.924390243902444,0
4770-QAZXN,13,1,0,3,19.45,232.1,17.853846153846153,0
4896-CPRPF,35,1,2,2,25.45,809.25,23.12142857142857,0
1871-MOWRM,12,1,0,2,80.85,866.45,72.20416666666667,1
9714-EDSUC,4,1,0,1,94.9,360.55,90.1375,0
2027-OAQQC,43,0,0,2,49.05,2076.2,48.283720930232555,1
0282-NVSJS,12,0,0,1,29.3,355.9,29.65833333333333,0
9090-SGQXL,68,1,0,0,105.3,7299.65,107.34779411764706,1
6595-YGXIT,25,1,0,0,88.95,2291.2,91.648,1
7353-YOWFP,7,1,1,1,20.25,129.15,18.45,0
9835-ZIITK,66,1,1,0,110.85,7491.75,113.51136363636364,1
8008-ESFLK,53,1,1,0,110.5,5835.5,110.10377358490567,0
7537-CBQUZ,63,1,0,2,109.4,7031.45,111.61031746031746,0
1555-DJEQW,70,1,2,2,114.2,7723.9,110.34142857142857,1
5649-TJHOV,27,0,0,2,36.5,1032.0,38.22222222222222,1
0519-XUZJU,1,1,0,1,70.75,70.75,70.75,1
3363-EWLGO,5,1,0,1,19.95,109.6,21.919999999999998,0
4750-UKWJK,37,1,1,1,19.6,727.8,19.67027027027027,0
6338-AVWCY,3,0,0,1,40.15,130.75,43.583333333333336,1
1689-YQBYY,12,1,0,0,76.6,893.0,74.41666666666667,0
4487-ZYJZK,38,1,1,3,19.6,763.1,20.08157894736842,0
2959-FENLU,9,1,0,3,85.3,781.4,86.82222222222222,0
0708-LGSMF,13,1,0,0,65.85,902.25,69.40384615384616,0
9253-QXKBE,29,1,0,0,94.45,2653.65,91.5051724137931,1
7634-HLQJR,47,1,2,3,20.05,1016.7,21.631914893617022,0
0487-RPVUM,61,1,0,2,99.4,5943.65,97.43688524590164,0
4079-ULGFR,16,1,0,1,20.0,275.7,17.23125,0
2516-XSJKX,41,1,2,0,78.45,3126.45,76.25487804878048,0
0057-QBUQH,43,1,2,0,25.1,1070.15,24.887209302325584,0
9445-SZLCH,36,1,0,2,97.35,3457.9,96.05277777777778,1
6599-SFQVE,6,1,0,0,55.0,340.4,56.73333333333333,0
8331-ZXFOE,58,1,1,3,71.1,4299.2,74.12413793103448,0
4003-FUSHP,19,1,0,3,61.55,1093.2,57.53684210526316,0
0356-ERHVT,11,1,0,2,45.9,521.9,47.445454545454545,0
7325-ENZFI,39,0,1,2,40.3,1630.4,41.805128205128206,0
4884-ZTHVF,8,1,0,0,87.1,713.6,89.2,0
3920-HIHMQ,26,1,0,1,49.5,1265.65,48.67884615384616,0
3055-OYMSE,53,1,0,3,73.8,4003.85,75.5443396226415,0
0613-WUXUM,70,1,2,1,19.2,1401.4,20.02,0
7568-PODML,1,0,0,1,45.3,45.3,45.3,1
4458-KVRBJ,59,1,2,1,25.0,1510.5,25.60169491525424,0
5349-IECLD,2,1,0,0,94.95,178.1,89.05,1
1397-XKKWR,7,0,1,1,35.3,264.8,37.82857142857143,0
3945-GFWQL,12,1,0,0,44.55,480.6,40.050000000000004,1
8097-OMULG,59,1,1,3,76.75,4541.9,76.98135593220339,0
6013-BHCAW,61,1,2,2,81.0,4976.15,81.57622950819672,0
0401-WDBXM,72,1,2,2,105.55,7542.25,104.75347222222223,0
3387-PLKUI,13,1,0,1,18.8,251.25,19.326923076923077,0
6096-EGVTU,64,1,1,1,24.9,1595.5,24.9296875,0
3797-VTIDR,1,0,0,0,23.45,23.45,23.45,1
5081-NWSUP,10,1,1,1,64.9,685.55,68.55499999999999,0
2580-ATZSQ,65,1,1,2,61.35,3874.1,59.60153846153846,0
8085-MSNLK,62,1,2,1,113.95,6891.4,111.1516129032258,0
9691-HKOVS,55,1,1,0,90.15,4916.95,89.3990909090909,0
9881-VCZEP,25,1,0,0,54.1,1373.0,54.92,0
9526-BIHHD,1,0,0,1,29.7,29.7,29.7,1
8757-TFHHJ,1,1,0,3,49.8,49.8,49.8,0
4523-WXCEF,59,1,0,0,101.1,6039.9,102.37118644067796,1
1468-DEFNC,64,1,2,2,24.4,1548.65,24.19765625,0
5119-KEPFY,36,1,0,2,95.0,3440.25,95.5625,0
8364-TRMMK,3,1,0,1,50.65,151.3,50.43333333333334,1
0916-KNFAJ,61,1,2,1,69.9,4226.7,69.29016393442623,0
8319-QBEHW,26,0,1,2,39.95,1023.75,39.375,0
3063-QFSZL,1,1,0,0,55.4,55.4,55.4,1
8775-LHDJH,1,1,0,0,90.6,90.6,90.6,1
9625-QNLUX,68,1,2,3,103.25,7074.4,104.03529411764706,0
3097-NQYSN,2,1,0,1,86.85,156.35,78.175,1
4024-CSNBY,72,1,2,2,94.25,6849.75,95.13541666666667,0
7110-BDTWG,71,0,2,0,47.05,3263.6,45.96619718309859,0
7493-GVFIO,57,1,2,3,20.55,1252.85,21.979824561403507,0
0690-SRQID,4,1,0,1,19.65,67.55,16.8875,0
9605-WGJVW,1,1,0,0,70.2,70.2,70.2,0
9114-DPSIA,72,1,2,3,81.0,5750.0,79.86111111111111,0
4700-UBQMV,21,1,1,2,75.9,1549.75,73.79761904761905,0
7711-GQBZC,71,1,2,2,24.7,1810.55,25.500704225352113,0
3565-UNOCC,29,1,0,2,99.05,2952.85,101.82241379310345,1
4627-MIHJH,69,1,2,3,110.25,7467.55,108.22536231884058,0
9795-NREXC,64,1,2,3,85.0,5484.4,85.69375,0
8573-CGOCC,16,1,0,3,19.75,294.9,18.43125,0
7356-AYNJP,4,1,1,0,23.9,97.5,24.375,0
9249-FXSCK,52,1,1,3,111.25,5916.45,113.77788461538461,1
5493-SDRDQ,2,1,0,1,55.1,113.35,56.675,1
6286-SUUWT,1,1,0,1,19.95,19.95,19.95,0
4819-HJPIW,18,0,0,1,25.15,476.8,26.48888888888889,0
8654-DHAOW,2,1,0,1,54.15,101.65,50.825,0
5438-QMDDL,19,1,0,1,59.8,1130.85,59.518421052631574,0
9812-GHVRI,40,1,0,2,83.85,3532.25,88.30625,0
5553-AOINX,66,1,1,0,104.9,6891.45,104.41590909090908,0
1228-ZLNBX,21,1,0,1,75.3,1570.7,74.79523809523809,0
4226-KKDON,8,1,0,0,66.65,520.95,65.11875,0
3831-YCPUO,72,1,2,3,109.5,7854.9,109.09583333333333,0
7445-WMRBW,48,1,1,2,73.85,3581.4,74.6125,0
3308-DGHKL,69,1,2,2,19.3,1447.9,20.984057971014494,0
9924-JPRMC,72,1,2,0,118.2,8547.15,118.71041666666666,0
0080-EMYVY,14,1,1,3,51.45,727.85,51.989285714285714,0
6218-KNUBD,6,1,0,0,59.45,357.6,59.6,0
7337-CINUD,8,1,2,2,19.5,159.35,19.91875,0
7609-NRNCA,17,1,1,1,19.55,280.85,16.52058823529412,0
0623-EJQEG,65,1,1,0,93.55,6069.25,93.37307692307692,0
7153-CHRBV,57,1,1,1,59.3,3274.35,57.444736842105264,0
0871-URUWO,13,1,0,3,102.25,1359.0,104.53846153846153,1
9190-MFJLN,19,1,0,3,95.9,1777.9,93.57368421052632,1
6198-PNNSZ,56,1,1,2,109.8,6109.65,109.10089285714285,0
3317-VLGQT,14,1,0,0,78.1,1122.4,80.17142857142858,0
4132-POCZS,52,0,0,0,39.9,2020.9,38.86346153846154,0
5614-DNZCE,58,1,2,3,64.9,3795.45,65.43879310344828,0
1095-JUDTC,47,1,0,0,95.05,4504.55,95.84148936170213,1
3896-RCYYE,67,0,0,3,53.4,3579.15,53.420149253731346,0
9638-JIQYA,2,0,0,3,24.9,49.7,24.85,0
3258-SANFR,6,1,0,3,44.7,276.5,46.083333333333336,0
3726-TBHQT,71,1,2,2,114.0,8175.9,115.15352112676055,0
3190-ITQXP,46,1,2,2,20.25,890.35,19.355434782608697,0
0870-VEMYL,5,1,0,3,53.85,259.8,51.96,1
4833-QTJNO,67,1,0,2,83.85,5588.8,83.41492537313434,0
3039-MJSLN,3,1,0,2,20.2,50.6,16.866666666666667,0
0178-CIIKR,3,1,0,1,19.95,58.0,19.333333333333332,0
5385-SUIRI,52,1,0,0,104.2,5568.35,107.08365384615385,1
3982-XWFZQ,42,1,0,0,50.25,2203.65,52.46785714285714,1
5774-QPLTF,50,1,1,1,20.35,938.95,18.779,0
2322-VCZHZ,23,1,0,0,90.0,2024.1,88.00434782608696,0
5010-IPEAQ,67,0,2,3,54.2,3623.95,54.08880597014925,0
4009-ALQFH,25,1,0,0,99.5,2369.05,94.762,1
6383-ZTSIW,39,1,1,1,99.1,3877.95,99.43461538461538,0
8990-YOZLV,69,1,2,1,66.9,4577.9,66.3463768115942,0
3069-SSVSN,1,0,1,1,25.85,25.85,25.85,0
5222-IMUKT,32,1,0,0,91.05,2871.5,89.734375,0
3627-FCRDW,9,1,0,0,71.0,672.55,74.72777777777777,1
7562-GSUHK,16,1,0,3,93.2,1573.7,98.35625,1
6685-XSHHU,60,1,2,2,20.95,1270.55,21.175833333333333,0
8901-UPRHR,72,1,2,2,109.2,7711.45,107.10347222222222,0
4903-UYAVB,5,1,0,1,19.35,126.05,25.21,1
0118-JPNOY,26,1,0,3,85.8,2193.65,84.37115384615385,0
6776-TLWOI,3,1,0,1,19.85,64.55,21.516666666666666,1
3845-FXCYS,2,1,0,0,19.65,31.2,15.6,0
5857-XRECV,2,1,1,2,20.5,38.25,19.125,0
0725-CXOTM,36,1,1,3,89.65,3348.1,93.00277777777778,0
4343-EJVQB,7,1,0,1,74.35,533.6,76.22857142857143,0
9000-PLFUZ,60,0,2,3,49.45,2907.55,48.45916666666667,0
3427-GGZZI,19,1,0,0,89.1,1620.8,85.30526315789473,0
7779-ORAEL,45,1,2,3,75.15,3480.35,77.3411111111111,0
0644-OQMDK,4,1,0,0,70.65,293.85,73.4625,0
4077-CROMM,31,1,0,0,104.2,3243.45,104.62741935483871,1
3154-CFSZG,47,1,0,0,90.05,4137.2,88.02553191489362,0
2868-MZAGQ,1,1,0,0,79.25,79.25,79.25,1
4847-QNOKA,1,1,0,2,44.9,44.9,44.9,1
2220-IAHLS,1,1,0,3,19.4,19.4,19.4,0
1658-XUHBX,59,1,0,3,88.75,5348.65,90.65508474576271,0
6379-RXJRQ,10,1,0,0,70.1,659.65,65.965,1
2378-HTWFW,35,1,0,3,91.0,3180.5,90.87142857142857,0
8650-RHRKE,4,0,0,0,29.65,118.5,29.625,1
4377-VDHYI,32,1,1,0,90.8,3023.85,94.4953125,0
0475-RIJEP,43,1,0,0,77.85,3365.85,78.27558139534884,1
1260-TTRXI,4,1,0,0,54.3,195.3,48.825,1
3719-TDVQB,54,1,2,1,18.95,1031.1,19.09444444444444,0
6328-ZPBGN,11,1,0,2,95.15,997.65,90.69545454545454,1
0201-MIBOL,66,1,2,2,102.4,6471.85,98.05833333333334,0
4937-QPZPO,61,1,1,0,99.9,6241.35,102.31721311475411,0
2925-VDZHY,72,1,2,3,88.7,6501.35,90.29652777777778,0
6981-TDRFT,44,0,1,0,54.3,2317.1,52.66136363636363,0
3413-CSSTH,41,1,0,2,55.7,2237.55,54.57439024390244,0
8033-VCZGH,50,1,1,0,103.95,5231.3,104.626,0
4789-KWMXN,47,1,1,3,110.85,5275.8,112.25106382978724,1
0224-NIJLP,8,1,2,1,20.15,165.5,20.6875,0
7542-CYDDM,18,1,0,1,20.05,358.5,19.916666666666668,0
4718-WXBGI,72,1,2,3,91.95,6614.9,91.8736111111111,0
2867-UIMSS,1,1,0,0,80.5,80.5,80.5,1
8495-PRWFH,42,1,0,0,55.65,2421.75,57.660714285714285,0
0439-IFYUN,18,1,0,0,74.7,1294.6,71.92222222222222,0
5716-LIBJC,13,1,1,3,104.15,1299.1,99.93076923076923,0
2868-LLSKM,68,1,1,2,83.65,5733.4,84.31470588235294,0
8111-RKSPX,4,1,0,2,72.2,305.55,76.3875,1
2988-QRAJY,69,1,2,3,110.05,7430.75,107.69202898550725,0
1585-MQSSU,17,1,0,1,51.5,900.5,52.970588235294116,1
0071-NDAFP,25,1,2,3,25.5,630.6,25.224,0
2856-NNASM,43,1,0,1,89.55,3856.75,89.69186046511628,1
7328-ZJAJO,59,1,2,3,19.5,1222.65,20.722881355932206,0
6458-CYIDZ,5,1,0,0,80.7,374.8,74.96000000000001,0
8559-CIZFV,21,1,1,1,77.5,1625.0,77.38095238095238,1
1090-PYKCI,69,1,1,3,105.1,7234.8,104.85217391304349,0
3058-WQDRE,13,0,0,2,25.15,331.85,25.52692307692308,0
7547-EKNFS,42,1,0,2,95.25,3959.35,94.2702380952381,1
2279-AXJJK,52,1,0,3,95.65,5088.4,97.85384615384615,0
6769-DYBQN,46,1,0,0,85.0,3969.4,86.29130434782608,1
0909-SELIE,61,1,2,2,80.8,4860.85,79.68606557377049,0
3417-TSCIC,29,0,1,1,24.85,788.05,27.17413793103448,0
1042-HFUCW,25,1,1,3,54.75,1266.35,50.653999999999996,0
4439-JMPMT,5,1,0,0,85.75,470.95,94.19,1
6537-OTKMY,15,0,1,0,50.75,688.2,45.88,0
8999-EXMNO,19,1,2,1,20.15,387.7,20.405263157894737,0
6725-TPKJO,44,1,2,1,20.05,845.25,19.210227272727273,0
2446-BEGGB,6,1,0,0,98.25,560.6,93.43333333333334,1
7162-WPHPM,58,1,2,3,71.6,4230.25,72.9353448275862,0
1599-MMYRQ,62,1,1,3,81.45,4983.05,80.37177419354839,0
8821-KVZKQ,70,0,1,2,58.4,4113.15,58.75928571428571,0
1496-GGSUK,1,0,0,1,25.7,25.7,25.7,1
6434-TTGJP,10,0,2,3,53.7,521.0,52.1,0
0042-JVWOJ,26,1,1,2,19.6,471.85,18.148076923076925,0
0130-SXOUN,66,1,0,3,89.4,5976.9,90.5590909090909,0
2575-GFSOE,7,1,0,0,69.0,506.9,72.41428571428571,1
2330-PQGDQ,51,1,1,2,84.2,4299.75,84.30882352941177,0
1452-UZOSF,72,1,2,3,106.1,7548.6,104.84166666666667,0
2097-YVPKN,65,1,2,1,25.75,1654.75,25.45769230769231,0
2842-JTCCU,2,1,0,2,46.05,80.35,40.175,1
8597-CTXVJ,70,1,1,2,64.95,4551.5,65.02142857142857,0
6631-HMANX,72,1,2,3,85.45,6227.5,86.49305555555556,0
9962-BFPDU,1,1,0,1,20.05,20.05,20.05,0
3296-SILRA,1,1,0,1,76.4,76.4,76.4,1
9681-OXGVC,5,1,0,0,100.5,514.0,102.8,1
6394-HHHZM,3,1,0,1,20.7,57.5,19.166666666666668,0
5995-LFTLE,58,1,2,3,25.3,1474.35,25.419827586206896,0
5180-UCIIQ,22,0,0,1,40.05,880.2,40.00909090909091,1
1932-UEDCX,33,1,0,2,100.6,3270.25,99.09848484848484,0
7153-OANIO,1,1,0,0,69.95,69.95,69.95,1
5188-HGMLP,54,1,0,2,74.0,3919.15,72.57685185185186,0
0665-XHDJU,72,1,2,0,99.4,7285.7,101.19027777777778,0
6521-YYTYI,1,1,0,0,93.3,93.3,93.3,1
8878-HMWBV,3,1,0,0,49.15,169.05,56.35,1
8265-HKSOW,72,1,2,3,107.45,7658.3,106.36527777777778,0
3544-FBCAS,72,1,2,3,83.6,5959.3,82.76805555555556,0
5331-RGMTT,54,1,0,3,99.05,5295.7,98.06851851851852,0
4759-PXTAN,59,1,1,0,80.1,4693.2,79.5457627118644,0
7054-DMVAS,54,1,2,2,65.3,3512.9,65.0537037037037,0
3428-MMGUB,60,1,2,0,89.55,5231.2,87.18666666666667,0
6549-BTYPG,60,0,2,3,60.8,3603.45,60.0575,0
7823-JSOAG,3,1,0,0,74.5,217.45,72.48333333333333,0
3705-RHRFR,69,1,2,2,99.15,6875.35,99.64275362318841,0
9374-YOLBJ,1,1,0,0,19.25,19.25,19.25,0
9074-KGVOX,50,0,0,3,39.45,2021.35,40.427,0
6128-DAFVY,56,0,0,3,44.85,2564.95,45.802678571428565,0
9933-QRGTX,60,1,2,0,97.2,5611.75,93.52916666666667,0
4476-OSWTN,69,1,1,1,110.55,7610.1,110.2913043478261,0
3751-KTZEL,1,0,0,1,35.05,35.05,35.05,1
1977-STDKI,1,1,0,0,73.0,73.0,73.0,1
5066-GFJMM,3,1,0,1,19.9,45.75,15.25,0
2661-GKBTK,60,1,2,2,76.95,4543.95,75.7325,0
0458-HEUZG,13,0,2,1,35.4,450.4,34.646153846153844,0
7268-WNTCP,62,1,2,2,20.45,1297.35,20.924999999999997,0
0824-VWDPO,45,1,1,2,96.75,4442.75,98.72777777777777,0
8409-WQJUX,25,0,1,0,54.2,1423.15,56.926,0
2578-JQPHZ,44,1,2,2,100.1,4378.35,99.50795454545455,0
3278-FSIXX,2,1,0,1,45.25,74.2,37.1,0
5813-UECBU,33,1,0,3,83.85,2716.3,82.31212121212121,1
0328-GRPMV,1,1,0,0,70.1,70.1,70.1,1
9746-UGFAC,22,1,1,2,20.85,450.65,20.48409090909091,0
2946-KIQSP,35,0,0,1,33.45,1175.85,33.59571428571428,0
0625-AFOHS,29,1,2,1,20.2,558.8,19.268965517241377,0
6726-WEXXK,27,1,1,0,85.9,2220.1,82.22592592592592,0
4636-OLWOE,54,1,1,0,61.0,3283.05,60.797222222222224,0
4342-HENTK,2,1,0,0,70.65,142.35,71.175,1
4685-ERGHK,57,1,1,0,86.9,4939.25,86.65350877192982,0
0885-HMGPY,62,1,2,2,69.4,4237.5,68.34677419354838,0
5003-OKNNK,15,1,1,3,20.35,335.95,22.396666666666665,0
4195-SMMNX,2,1,0,1,20.35,33.2,16.6,1
7208-PSIHR,70,1,2,2,104.3,7188.5,102.69285714285714,0
4012-ZTHBR,21,1,0,0,44.95,926.25,44.107142857142854,0
0489-WMEMG,23,1,1,0,49.45,1119.35,48.667391304347824,0
7435-ZNUYY,6,1,1,1,20.6,116.6,19.433333333333334,0
1354-YZFNB,4,1,2,3,19.55,68.8,17.2,0
6956-SMUCM,3,1,0,3,99.0,287.4,95.8,1
2985-FMWYF,23,1,0,0,93.5,2341.55,101.80652173913045,0
2812-ENYMO,26,0,1,3,54.55,1362.85,52.41730769230769,0
2717-HVIZY,8,1,0,1,20.05,163.6,20.45,0
3223-WZWJM,26,1,0,0,83.95,2254.2,86.69999999999999,1
3422-GALYP,2,1,0,0,79.45,145.15,72.575,0
9053-JZFKV,67,1,2,3,116.2,7752.3,115.70597014925373,1
2530-ENDWQ,71,1,2,2,93.7,6585.35,92.75140845070423,1
2890-WFBHU,59,1,1,3,79.85,4786.1,81.12033898305086,0
0327-WFZSY,39,1,1,0,100.0,3835.55,98.3474358974359,0
7977-HXJKU,21,1,2,1,19.6,397.0,18.904761904761905,0
6615-ZGEDR,1,1,0,1,19.7,19.7,19.7,1
7033-CLAMM,48,1,2,2,20.2,1027.25,21.401041666666668,0
4023-RTIQM,31,0,1,3,50.4,1580.1,50.97096774193548,0
0864-FVJNJ,64,1,1,0,113.35,7222.75,112.85546875,0
7356-IWLFW,46,1,0,2,80.0,3769.7,81.95,0
9541-PWTWO,52,1,2,2,80.95,4233.95,81.42211538461538,0
3967-VQOGC,67,1,2,1,24.9,1680.25,25.078358208955223,0
7872-RDDLZ,67,1,0,0,54.9,3725.5,55.6044776119403,0
9250-WYPLL,5,1,0,0,75.55,413.65,82.72999999999999,1
6308-CQRBU,71,1,2,0,109.25,7707.7,108.55915492957746,0
2754-XBHTB,9,1,0,2,77.65,714.15,79.35,1
1597-LHYNC,26,1,0,0,95.0,2497.2,96.04615384615384,1
0186-CAERR,71,1,1,2,116.3,8309.55,117.03591549295774,0
3043-SUDUA,32,1,0,2,19.9,601.55,18.7984375,0
5442-BHQNG,2,1,0,0,70.35,139.25,69.625,0
2169-RRLFW,71,1,2,3,25.6,1888.25,26.595070422535212,0
5872-OEQNH,60,0,1,0,44.45,2773.9,46.23166666666667,0
3162-KKZXO,55,1,1,0,100.15,5409.75,98.35909090909091,0
7055-VKGDA,54,1,1,3,105.4,5643.4,104.5074074074074,1
0754-UKWQP,2,1,0,0,95.85,197.7,98.85,1
8873-GLDMH,6,1,0,1,73.85,401.3,66.88333333333334,0
5696-JVVQY,48,1,2,3,70.1,3238.4,67.46666666666667,0
8946-BFWSG,63,1,2,1,25.25,1573.05,24.96904761904762,0
7493-TPUWZ,1,1,0,0,79.15,79.15,79.15,1
0547-HURJB,12,1,0,3,21.05,235.8,19.650000000000002,0
8904-OPDCK,54,0,0,2,24.95,1364.75,25.27314814814815,0
8845-LWKGE,30,1,1,0,64.5,1985.15,66.17166666666667,0
1577-HKTFG,30,1,0,2,19.65,655.85,21.861666666666668,1
8752-STIVR,4,1,0,0,79.0,303.15,75.7875,1
0691-NIKRI,40,1,1,3,105.95,4335.2,108.38,0
5022-JNQEQ,9,1,0,0,75.85,647.5,71.94444444444444,0
4558-FANTW,17,1,0,0,91.85,1574.45,92.61470588235295,1
3249-VHRIP,62,0,2,3,43.6,2748.7,44.33387096774193,0
3736-BLEPA,28,1,1,2,91.25,2483.65,88.70178571428572,0
4701-LKOZD,70,1,2,3,89.75,6367.2,90.96,0
6603-QWSPR,46,1,2,2,104.4,4904.2,106.61304347826086,0
9921-QFQUL,23,1,0,1,90.15,2044.95,88.9108695652174,0
1929-ZCBHE,47,0,1,0,40.3,1794.8,38.18723404255319,0
4378-MYPGO,68,1,2,2,105.25,7173.15,105.4875,0
8651-ENBZX,60,1,1,0,106.0,6441.4,107.35666666666665,1
4129-LYCOI,67,1,2,0,104.0,7039.05,105.06044776119403,0
7798-JVXYM,14,1,0,0,69.65,921.4,65.81428571428572,0
8647-SDTWQ,57,1,0,0,74.3,4018.35,70.49736842105263,0
2696-ECXKC,55,1,1,1,100.9,5448.6,99.06545454545456,0
2081-KJSQF,1,1,0,1,20.25,20.25,20.25,0
7623-TRNQN,1,1,0,1,49.9,49.9,49.9,1
3323-CPBWR,23,1,0,3,96.9,2085.45,90.67173913043477,0
9330-IJWIO,13,1,0,0,100.35,1358.85,104.52692307692307,1
3384-CTMSF,47,1,0,0,104.1,5135.15,109.25851063829786,0
0902-RFHOF,38,1,1,1,20.1,730.1,19.21315789473684,0
9286-DOJGF,38,1,0,2,74.95,2869.85,75.52236842105263,1
6048-QBXKL,2,1,0,3,56.55,118.25,59.125,0
9661-MHUMO,1,1,0,3,49.25,49.25,49.25,1
7718-RXDGG,15,1,0,2,68.6,1108.6,73.90666666666667,0
1025-FALIX,26,1,0,3,69.05,1815.65,69.83269230769231,0
3451-VAWLI,35,1,2,3,19.7,730.4,20.86857142857143,0
3407-QGWLG,3,1,0,1,20.05,75.45,25.150000000000002,0
1842-EZJMK,50,1,0,0,103.7,5071.05,101.421,1
2347-WKKAE,42,1,0,0,94.4,4014.6,95.58571428571429,0
8735-DCXNF,10,1,0,3,54.95,568.85,56.885000000000005,0
3214-IYUUQ,61,1,1,2,93.7,5860.7,96.07704918032786,0
1936-UAFEH,68,1,2,3,110.25,7279.35,107.04926470588236,0
3587-PMCOY,10,1,1,0,98.9,1064.95,106.495,0
8079-XRJRS,65,1,1,0,89.75,5769.6,88.76307692307692,1
1027-LKKQQ,72,1,2,2,80.45,5886.85,81.76180555555555,0
7148-XZPHA,55,1,0,0,79.4,4238.45,77.06272727272727,0
8073-IJDCM,1,1,0,1,20.3,20.3,20.3,1
5309-TAIKL,7,1,0,2,62.8,418.3,59.75714285714286,0
6856-RAURS,2,1,0,1,74.9,136.05,68.025,0
8778-LMWTJ,9,1,0,0,74.85,708.2,78.6888888888889,0
9717-IOAAF,27,1,2,3,25.85,788.55,29.205555555555552,0
8884-ADFVN,7,1,0,0,101.95,700.85,100.12142857142858,1
2845-KDHVX,64,1,2,1,68.3,4378.8,68.41875,0
0848-SOMKO,70,0,2,2,48.4,3442.8,49.182857142857145,0
2720-WGKHP,2,1,0,0,94.0,181.7,90.85,1
6734-FQAJX,67,1,2,0,105.05,7171.7,107.04029850746268,0
2869-ADAWR,45,1,0,3,89.3,4016.85,89.26333333333334,1
1535-VTJOQ,24,1,2,3,25.15,553.0,23.041666666666668,0
6368-TZZDT,4,1,2,3,19.5,96.85,24.2125,0
0943-ZQPXH,44,1,0,2,92.95,4122.9,93.70227272727271,0
1293-BSEUN,72,1,2,1,20.7,1482.3,20.5875,0
9894-EZEWG,1,1,0,3,74.3,74.3,74.3,1
1302-TPUBN,66,1,2,2,19.35,1240.8,18.8,0
7851-FLGGQ,1,0,0,1,44.65,44.65,44.65,1
0637-UBJRP,13,1,0,0,84.05,1095.3,84.25384615384615,1
0940-OUQEC,10,1,0,2,80.7,788.8,78.88,1
2378-VTKDH,65,1,0,0,104.35,6578.55,101.20846153846153,0
0927-CNGRH,1,1,0,1,19.55,19.55,19.55,0
8608-OZTLB,38,1,1,0,74.05,2802.3,73.74473684210527,0
2335-GSODA,23,0,2,1,40.1,857.75,37.29347826086956,0
1952-DVVSW,10,1,1,1,20.1,184.4,18.44,0
0702-PGIBZ,4,1,0,0,101.7,364.55,91.1375,1
6656-GULJQ,72,1,2,3,83.55,6093.3,84.62916666666666,0
9853-JFZDU,35,1,0,0,56.85,1861.1,53.17428571428571,0
1963-VAUKV,1,1,0,1,20.4,20.4,20.4,1
3777-XROBG,58,1,2,3,19.55,1079.65,18.614655172413794,0
6994-FGRHH,70,1,1,0,106.15,7475.1,106.78714285714287,0
4000-VGMQP,38,1,1,3,78.95,2862.55,75.33026315789475,0
3999-WRNGR,60,0,0,0,49.75,3069.45,51.1575,0
3466-RITXD,26,1,0,3,92.4,2349.8,90.37692307692308,0
2680-XKKNJ,8,1,1,2,58.2,469.25,58.65625,0
3058-HJCUY,41,1,1,0,102.6,4213.35,102.76463414634148,1
2974-GGUXS,36,1,0,3,91.95,3301.05,91.69583333333334,0
7994-XIRTR,54,1,1,2,65.25,3529.95,65.36944444444444,0
3259-FDWOY,71,1,2,2,106.0,7723.7,108.78450704225352,1
2101-RANCD,55,1,0,0,73.1,4144.9,75.36181818181818,0
7921-BEPCI,72,1,2,2,59.75,4265.0,59.236111111111114,0
0807-ZABDG,3,1,0,1,55.1,154.65,51.550000000000004,1
8510-TMWYB,54,1,2,2,59.8,3246.45,60.11944444444444,0
3258-ZKPAI,72,1,2,2,116.6,8337.45,115.79791666666668,0
1428-IEDPR,52,1,2,0,109.3,5731.4,110.21923076923076,0
5298-GSTLM,60,1,1,2,101.4,6176.6,102.94333333333334,0
4450-YOOHP,39,0,0,3,50.65,1905.4,48.85641025641026,0
6728-CZFEI,15,1,1,1,56.15,931.9,62.126666666666665,0
5748-RNCJT,69,1,2,2,106.5,7348.8,106.50434782608696,1
3653-NCRDJ,43,1,1,1,19.2,776.25,18.052325581395348,0
6121-TNHBO,63,1,1,2,83.0,5243.05,83.22301587301588,0
5119-NZPTV,2,1,0,0,70.1,141.65,70.825,0
6519-ZHPXP,72,1,2,2,108.3,7679.65,106.66180555555555,0
7739-LAXOG,32,1,0,2,91.05,2954.5,92.328125,1
3472-QPRCH,40,1,2,3,25.25,1006.9,25.1725,0
8224-UAXBZ,58,0,1,0,45.35,2540.1,43.79482758620689,0
9610-WCESF,67,0,2,0,43.9,3097.2,46.22686567164179,0
9776-CLUJA,51,1,0,0,77.5,3807.35,74.65392156862745,1
2486-WYVVE,31,1,1,1,79.3,2484.0,80.12903225806451,0
3865-ZYKAD,69,1,0,3,84.9,5785.65,83.85,0
1422-DGUBX,32,1,1,0,79.25,2619.15,81.8484375,0
2999-AANRQ,21,1,2,3,71.05,1524.85,72.61190476190475,0
8668-KNZTI,52,1,1,0,53.75,2790.65,53.666346153846156,0
0480-KYJVA,72,1,2,3,24.25,1784.5,24.78472222222222,0
6034-ZRYCV,72,0,2,0,54.2,3937.45,54.68680555555555,1
9746-YKGXB,52,0,1,2,44.25,2276.1,43.771153846153844,0
3926-YZVVX,41,1,1,2,50.05,2029.05,49.4890243902439,0
6000-UKLWI,41,1,2,1,20.15,802.35,19.569512195121952,0
2079-FBMZK,6,1,0,1,69.25,418.4,69.73333333333333,1
6332-FBZRI,67,1,1,3,69.35,4653.25,69.45149253731343,0
2096-XOTMO,16,1,0,1,19.35,275.9,17.24375,0
3266-FTKHB,17,1,2,1,19.15,343.45,20.20294117647059,0
8221-EQDGL,35,1,0,1,61.0,2130.45,60.87,0
2346-LOCWC,58,1,2,3,20.5,1191.4,20.54137931034483,0
6608-QQLVK,1,1,0,0,50.5,50.5,50.5,1
0298-XACET,52,0,2,1,50.2,2554.0,49.11538461538461,0
7560-QJAVJ,70,1,2,2,79.6,5589.45,79.84928571428571,0
2995-YWTCD,19,1,2,2,24.9,467.7,24.61578947368421,0
3551-HUAZH,1,1,0,0,74.4,74.4,74.4,1
9137-UIYPG,35,1,0,0,106.9,3756.45,107.32714285714285,0
2809-ZMYOQ,32,1,0,0,101.35,3334.9,104.215625,0
5084-OOVCJ,17,1,0,3,55.35,920.5,54.14705882352941,0
0254-WWRKD,67,1,1,3,50.55,3431.75,51.22014925373134,0
7727-SHVZV,9,1,0,2,19.5,150.35,16.705555555555556,0
6302-JGYRJ,31,1,1,1,79.45,2587.7,83.47419354838709,1
5339-PXDVH,4,1,0,0,90.65,367.95,91.9875,0
2205-LPVGL,58,1,1,2,89.85,5125.75,88.375,0
8782-NUUOL,60,1,1,1,79.0,4801.1,80.01833333333335,0
3685-YLCMQ,58,1,1,0,104.65,6219.6,107.2344827586207,1
7601-WFVZV,1,1,0,1,19.55,19.55,19.55,0
4609-KNNWG,27,1,2,1,19.9,550.1,20.374074074074073,0
4868-AADLV,66,1,1,0,116.25,7862.25,119.125,0
9529-OFXHY,15,1,0,2,87.75,1242.2,82.81333333333333,0
8634-MPHTR,47,1,0,0,100.05,4871.05,103.63936170212766,1
2669-QVCRG,41,1,0,3,81.3,3190.65,77.82073170731708,0
2478-EEWWM,59,0,0,0,44.3,2666.75,45.19915254237288,0
9174-IHETN,50,1,2,3,70.35,3533.6,70.672,0
2233-TXSIU,17,0,1,3,44.45,792.15,46.59705882352941,0
9644-UMGQA,6,1,0,0,49.15,295.65,49.275,0
3256-EZDBI,51,0,0,3,29.45,1459.35,28.61470588235294,0
8761-NSOBC,44,1,0,0,100.55,4398.15,99.95795454545454,1
0419-YAAPX,49,1,0,3,85.3,4297.95,87.71326530612245,0
8413-VONUO,2,1,0,0,95.65,167.3,83.65,1
0872-CASZJ,59,1,1,1,69.1,4096.9,69.43898305084745,0
4726-DLWQN,50,1,0,2,70.35,3454.6,69.092,0
8164-OCKUJ,59,1,2,1,20.6,1286.0,21.796610169491526,0
3094-JOJAI,18,1,0,1,74.15,1387.0,77.05555555555556,0
9494-MRNYX,10,1,0,0,75.05,786.3,78.63,0
2599-CZABP,14,1,1,0,44.6,641.25,45.80357142857143,0
7945-PRBVF,35,1,2,2,21.45,705.45,20.155714285714286,0
4544-RXFMG,8,1,1,1,43.45,345.5,43.1875,0
0859-YGKFW,18,1,1,2,20.05,345.9,19.216666666666665,0
1150-FTQGN,60,1,1,2,94.15,5811.8,96.86333333333333,0
9223-UCPVT,1,1,0,0,94.4,94.4,94.4,1
7196-LIWRH,6,1,2,1,19.55,124.45,20.741666666666667,0
5448-VWNAM,19,1,0,1,75.9,1375.6,72.39999999999999,0
1177-XZBJL,53,1,1,2,64.15,3491.55,65.87830188679246,0
3518-FSTWG,72,1,2,2,109.55,7920.7,110.00972222222222,0
9330-VOFSZ,60,1,2,3,110.8,6640.7,110.67833333333333,0
4351-QLCSU,1,1,0,3,55.0,55.0,55.0,1
0939-EREMR,13,1,0,1,53.45,718.1,55.23846153846154,0
9389-ACWBI,5,1,0,3,69.95,320.4,64.08,0
5419-JPRRN,1,1,0,0,101.45,101.45,101.45,1
3644-QXEHN,13,1,0,0,97.0,1334.45,102.65,0
2911-IJORQ,37,1,1,2,90.6,3358.65,90.77432432432433,0
5921-NGYRH,64,1,0,1,73.55,4764.0,74.4375,0
2100-BDNSN,5,1,0,2,67.95,350.3,70.06,1
5998-DZLYR,61,1,2,2,94.35,5703.0,93.49180327868852,0
0488-GSLFR,1,1,0,0,69.5,69.5,69.5,1
9318-NKNFC,1,1,0,1,18.85,18.85,18.85,1
3985-HOYPM,26,1,1,1,19.4,525.55,20.213461538461537,0
9728-FTTVZ,1,1,0,0,69.2,69.2,69.2,1
9548-LERKT,24,1,2,1,19.75,483.15,20.131249999999998,0
6576-FBXOJ,17,0,1,0,54.6,934.8,54.98823529411764,0
4310-KEDTB,26,0,0,1,29.8,786.5,30.25,0
7254-IQWOZ,1,1,0,0,69.65,69.65,69.65,1
2474-BRUCM,40,1,0,0,101.85,4086.3,102.1575,1
4062-HBMOS,52,1,0,0,103.05,5364.8,103.16923076923078,0
0742-NXBGR,1,1,0,0,82.3,82.3,82.3,1
2676-ISHSF,1,1,0,1,20.3,20.3,20.3,0
9236-NDUCW,21,0,2,1,35.1,770.4,36.68571428571428,0
4753-PADAS,67,1,1,2,105.7,6816.95,101.7455223880597,0
6103-QCKFX,44,1,0,2,56.25,2419.55,54.98977272727273,0
7781-EWARA,70,0,1,0,60.35,4138.7,59.12428571428571,0
6110-OHIHY,3,1,0,0,79.25,267.6,89.2,1
7018-FPXHH,56,1,2,2,59.8,3457.45,61.740178571428565,0
5889-LFOLL,13,1,0,0,84.6,1115.2,85.78461538461539,1
5708-EVONK,58,1,0,2,93.4,5435.6,93.71724137931035,1
8708-XPXHZ,42,1,0,0,94.2,4186.3,99.67380952380952,1
0616-ATFGB,1,0,0,0,25.05,25.05,25.05,1
0572-ZJKLT,46,1,2,1,99.65,4630.2,100.65652173913043,0
5135-RDDQL,63,1,2,2,50.65,3221.25,51.13095238095238,0
1353-LJWEM,11,1,0,0,60.9,688.5,62.59090909090909,0
1794-SWWKL,15,1,0,2,59.65,867.1,57.806666666666665,0
6166-YIPFO,72,0,2,0,64.7,4746.05,65.91736111111112,0
7016-BPGEU,29,0,0,3,25.1,712.85,24.58103448275862,1
6876-ADESB,1,1,0,0,48.95,48.95,48.95,1
9332-GYWLO,6,1,0,0,54.85,355.1,59.18333333333334,0
1963-SVUCV,1,1,0,0,45.3,45.3,45.3,1
4184-VODJZ,63,1,1,0,91.35,5764.7,91.5031746031746,0
0220-EBGCE,2,1,0,0,85.85,167.3,83.65,1
1092-WPIVQ,18,1,2,1,25.1,428.45,23.802777777777777,0
7233-IOQNP,43,0,0,2,34.0,1505.35,35.00813953488372,0
2834-JKOOW,15,0,1,1,45.9,693.45,46.230000000000004,0
2754-VDLTR,10,1,0,0,95.2,930.4,93.03999999999999,1
2400-FEQME,55,1,2,1,20.5,1177.95,21.417272727272728,0
3190-XFANI,49,1,1,2,100.6,5069.65,103.46224489795918,1
7551-DACSP,6,1,0,1,55.3,324.25,54.041666666666664,1
4957-SREEC,70,1,2,3,20.35,1458.1,20.83,0
7235-NXZCP,2,1,0,1,74.85,156.4,78.2,1
0230-UBYPQ,63,0,1,2,36.1,2298.9,36.490476190476194,0
4923-ADWXJ,25,1,0,2,65.8,1679.65,67.186,0
1763-KUAAW,18,1,1,2,20.35,369.6,20.533333333333335,0
1104-TNLZA,28,1,0,0,105.8,2998.0,107.07142857142857,0
5195-KPUNQ,53,1,1,1,96.75,5206.55,98.23679245283019,0
0520-FDVVT,35,1,1,2,102.35,3626.1,103.60285714285715,1
3439-GVUSX,1,0,0,1,24.4,24.4,24.4,0
1444-VVSGW,70,1,1,3,115.65,7968.85,113.84071428571428,1
5712-PTIWW,2,1,0,0,79.85,152.45,76.225,1
5949-HGVJL,26,1,0,0,73.05,1959.5,75.36538461538461,0
5203-XEHAX,34,1,1,0,64.35,2053.05,60.38382352941177,0
1635-HDGFT,19,1,2,1,20.5,398.55,20.976315789473684,0
3315-TOTBP,15,1,0,1,76.0,1130.85,75.39,1
8050-XGRVL,62,1,1,3,54.75,3425.35,55.247580645161285,0
6661-HBGWL,42,1,0,2,104.75,4323.45,102.93928571428572,1
1518-VOWAV,9,1,0,0,74.65,703.55,78.17222222222222,1
9828-QHFBK,24,1,0,0,51.15,1275.7,53.15416666666667,0
3908-MKIMJ,68,0,2,0,41.95,2965.75,43.6139705882353,0
5012-YSPJJ,31,1,0,1,54.35,1647.0,53.12903225806452,0
5909-ECHUI,1,1,0,0,56.25,56.25,56.25,1
1309-BXVOQ,21,1,0,0,106.1,2249.95,107.14047619047618,1
6728-VOIFY,63,1,1,0,96.0,6109.75,96.98015873015873,0
9317-WZPGV,2,1,0,2,79.75,159.4,79.7,1
4891-NLUBA,61,0,2,2,61.45,3751.15,61.49426229508197,0
2856-HYAPG,1,1,0,0,68.65,68.65,68.65,1
8969-PRHFK,18,1,1,1,19.65,411.25,22.84722222222222,0
0661-KQHNK,6,1,1,3,19.0,105.5,17.583333333333332,0
8709-KRDVL,33,1,0,0,100.0,3320.6,100.62424242424242,0
4488-PSYCG,16,1,0,2,20.25,327.45,20.465625,1
1427-VERSM,56,1,0,0,98.7,5669.5,101.24107142857143,0
9801-NOSHQ,23,1,1,1,19.8,465.45,20.23695652173913,0
6339-YPSAH,9,1,0,0,73.8,704.3,78.25555555555555,0
3621-CEOVK,14,1,0,0,100.2,1369.8,97.84285714285714,1
6906-ANDWJ,15,1,0,2,74.9,1107.25,73.81666666666666,1
2159-TURXX,5,1,0,3,20.05,95.55,19.11,0
1548-FEHVL,61,1,0,0,106.2,6375.2,104.51147540983607,0
3795-CAWEX,70,1,2,3,116.55,8152.3,116.46142857142857,0
6215-NQCPY,15,1,0,0,99.7,1566.75,104.45,0
5647-URDKA,8,1,2,1,19.7,130.25,16.28125,0
2229-DPMBI,8,1,2,1,19.5,162.15,20.26875,0
9626-WEQRM,4,0,0,1,29.15,110.05,27.5125,0
2188-SXWVT,34,1,1,1,55.0,1885.15,55.44558823529412,0
6258-PVZWJ,68,1,2,3,90.8,6302.85,92.68897058823529,0
1094-BKOSX,45,0,1,2,51.0,2264.5,50.32222222222222,0
6969-MVBAI,9,1,0,0,90.1,816.8,90.75555555555555,0
2978-XXSOG,22,1,0,1,59.05,1253.5,56.97727272727273,0
2342-CKIAO,2,1,0,1,20.3,41.2,20.6,0
6953-PBDIN,70,1,2,2,72.95,5265.55,75.22214285714286,0
3898-BSJYF,10,1,1,3,73.55,693.3,69.33,0
3938-YFPXD,72,1,2,3,84.3,5997.1,83.29305555555555,0
7696-AMHOD,49,1,1,3,78.0,3824.2,78.04489795918367,0
2453-SAFNS,54,1,1,1,72.1,3886.05,71.96388888888889,0
9558-IHEZX,71,1,2,3,106.75,7283.25,102.58098591549296,0
9617-UDPEU,22,1,1,1,19.25,412.55,18.75227272727273,0
6340-DACFT,50,1,2,3,20.55,1070.25,21.405,0
4955-VCWBI,43,1,1,1,20.0,817.95,19.022093023255817,0
6813-GZQCG,45,1,2,3,24.65,1171.3,26.028888888888886,0
7426-GSWPO,64,1,0,2,103.5,6548.65,102.32265625,0
3389-KTRXV,23,1,2,1,23.85,625.65,27.202173913043477,0
3118-UHVVQ,68,1,2,3,25.8,1911.5,28.110294117647058,0
1031-IIDEO,1,1,0,0,70.85,70.85,70.85,1
5832-XKAES,2,1,0,3,69.8,134.7,67.35,1
3205-MXZRA,26,1,1,3,59.45,1507.0,57.96153846153846,0
4701-AHWMW,55,0,0,2,54.55,2978.3,54.150909090909096,1
8317-BVKSO,14,1,0,0,20.05,299.3,21.37857142857143,0
5702-KVQRD,71,1,2,0,82.55,5832.65,82.14999999999999,0
0083-PIVIK,64,1,1,0,81.25,5567.55,86.99296875,0
9210-IAHGH,7,1,0,3,70.75,450.8,64.4,1
6169-PGNCD,57,1,2,3,74.3,4166.35,73.09385964912282,0
0023-XUOPT,13,1,0,0,94.1,1215.6,93.5076923076923,1
4592-IWTJI,3,0,0,3,29.7,91.7,30.566666666666666,1
4909-JOUPP,72,1,2,3,109.7,7898.45,109.70069444444444,0
4657-FWVFY,40,1,0,3,96.35,3915.4,97.885,0
2257-BOVXD,14,1,0,3,66.6,979.5,69.96428571428571,0
7729-JTEEC,2,1,0,0,44.5,90.05,45.025,0
7632-MNYOY,66,1,1,3,110.9,7432.05,112.60681818181818,1
6518-LGAOV,38,1,0,0,105.0,4026.4,105.9578947368421,1
7242-QZLXF,1,0,0,0,25.3,25.3,25.3,1
4576-CSAJH,22,1,1,3,55.15,1193.05,54.22954545454545,1
1000-AJSLD,1,1,0,1,20.1,20.1,20.1,1
9696-RMYBA,5,1,0,1,80.1,398.55,79.71000000000001,0
8690-UPCZI,29,1,1,2,69.05,1958.45,67.53275862068966,0
1062-LHZOD,1,1,0,1,69.9,69.9,69.9,1
9770-LXDBK,3,1,0,1,20.4,63.15,21.05,0
4086-WITJG,71,1,2,3,19.7,1301.1,18.325352112676054,0
8344-WFMFH,9,1,0,0,50.1,484.05,53.78333333333333,0
9600-NAXZN,43,1,0,0,101.4,4528.0,105.30232558139535,1
8822-KNBHV,48,1,1,3,83.45,3887.85,80.996875,0
8404-FYDIB,26,1,0,3,86.65,2208.75,84.95192307692308,0
2791-SFVEW,9,1,0,2,20.15,238.15,26.461111111111112,0
6457-USBER,1,1,0,0,80.8,80.8,80.8,1
6762-NSODU,46,1,2,3,19.4,958.15,20.829347826086956,0
4662-EKDPQ,2,1,0,2,62.05,118.3,59.15,1
9248-OJYKK,1,1,0,0,76.45,76.45,76.45,1
9888-ZCUMM,64,0,2,2,60.05,3845.45,60.08515625,0
3398-FSHON,12,1,0,0,91.3,1094.5,91.20833333333333,1
3319-DWOEP,6,1,0,0,95.75,573.75,95.625,1
1074-WVEVG,59,1,1,1,20.35,1267.0,21.47457627118644,0
9979-RGMZT,7,1,1,1,94.05,633.45,90.49285714285715,0
6437-UDQJM,72,1,2,3,84.1,6129.65,85.13402777777777,0
1226-IENZN,16,1,0,0,78.75,1218.25,76.140625,0
2108-GLPQB,25,1,0,3,55.55,1405.3,56.211999999999996,0
9259-PACGQ,34,1,0,0,62.65,2274.9,66.90882352941176,1
4415-IJZTP,1,1,0,0,74.5,74.5,74.5,1
1465-VINDH,10,1,0,3,102.1,1068.85,106.88499999999999,1
5474-LAMUQ,24,1,1,1,20.1,533.9,22.245833333333334,0
3468-DRVQJ,10,1,1,0,70.3,676.15,67.615,0
1122-YJBCS,69,1,1,3,53.65,3804.4,55.13623188405797,0
4990-ALDGW,57,1,2,1,20.75,1118.8,19.628070175438594,0
4816-OKWNX,50,1,1,2,103.4,5236.4,104.728,0
3315-IKYZQ,28,0,1,1,50.8,1386.8,49.528571428571425,0
2810-FTLEM,16,1,0,0,50.15,762.25,47.640625,1
4747-LCAQL,25,1,0,1,79.0,1902.0,76.08,0
3411-WLRSQ,3,1,0,2,74.6,239.05,79.68333333333334,0
0898-XCGTF,61,1,1,2,96.5,5673.7,93.01147540983607,0
8006-PYCSW,2,1,0,1,20.1,39.8,19.9,0
8249-THVEC,51,1,1,1,19.4,997.75,19.563725490196077,0
8722-PRFDV,71,1,2,3,77.55,5574.35,78.51197183098591,0
2164-SOQXL,20,1,0,1,20.05,406.05,20.302500000000002,0
4020-KIUDI,6,1,0,3,19.85,138.85,23.141666666666666,0
5850-BDWCY,6,1,0,1,20.2,123.65,20.608333333333334,0
2038-YSEZE,29,1,0,1,67.45,1801.1,62.106896551724134,0
0827-ITJPH,36,1,2,3,18.55,689.0,19.13888888888889,0
8799-OXZMD,28,0,0,1,29.75,790.7,28.239285714285717,0
1925-TIBLE,7,1,0,0,86.5,582.5,83.21428571428571,1
1705-GUHPV,63,1,2,1,24.2,1618.2,25.685714285714287,0
4779-ZGICK,48,1,2,1,23.55,1173.35,24.444791666666664,0
0048-PIHNL,49,1,1,2,20.45,900.9,18.385714285714286,0
0818-OCPZO,27,1,0,0,81.45,2122.05,78.59444444444445,1
3967-KXAPS,72,1,2,3,92.3,6719.9,93.33194444444445,0
1447-GIQMR,1,1,0,0,69.15,69.15,69.15,1
3704-IEAXF,72,0,2,3,53.65,3784.0,52.55555555555556,0
6810-VCAEX,47,0,1,3,39.65,1798.65,38.26914893617022,0
0674-EYYZV,1,1,0,0,54.65,54.65,54.65,0
4480-MBMLB,36,1,1,2,104.8,3886.45,107.95694444444445,0
1395-OFUWC,43,0,0,3,29.3,1224.05,28.46627906976744,0
0822-QGCXA,27,1,0,0,83.85,2310.2,85.56296296296296,0
0872-NXJYS,9,1,0,0,79.55,723.4,80.37777777777778,1
2832-KJCRD,38,1,0,0,103.65,3988.5,104.96052631578948,0
3588-WSTTJ,35,1,0,0,99.05,3554.6,101.56,0
5090-EMGTC,59,1,2,1,100.05,6034.85,102.285593220339,0
2346-CZYIL,27,1,2,3,20.35,531.6,19.68888888888889,0
3798-EPWRR,2,1,0,0,43.95,85.1,42.55,0
6258-NGCNG,7,1,0,1,23.5,173.0,24.714285714285715,0
4186-ZBUEW,36,1,1,1,70.7,2511.95,69.77638888888889,0
5274-XHAKY,41,1,0,2,94.3,3893.6,94.96585365853659,0
1442-BQPVU,13,0,0,0,29.15,357.15,27.47307692307692,0
3978-YNKDD,19,1,2,3,20.85,467.5,24.605263157894736,0
4940-KHCWD,60,0,2,2,37.7,2288.7,38.144999999999996,0
9412-ARGBX,48,1,2,1,95.5,4627.85,96.41354166666667,1
1389-CXMLU,3,1,0,0,91.05,289.1,96.36666666666667,1
9589-ABEPT,69,1,2,1,92.45,6460.55,93.63115942028986,0
9388-ZEYVT,43,0,1,0,44.15,1931.3,44.913953488372094,0
0305-SQECB,11,0,1,1,36.05,402.6,36.6,0
7605-SNLQG,45,1,0,3,50.25,2221.55,49.36777777777778,0
4670-TABXH,72,1,2,3,109.75,7758.9,107.76249999999999,0
5561-NWEVX,2,1,0,0,79.2,172.85,86.425,1
0064-SUDOG,12,1,2,2,20.3,224.5,18.708333333333332,0
8561-NMTBD,67,1,1,3,112.35,7388.45,110.27537313432836,0
5161-XEUVX,37,1,2,1,94.3,3460.95,93.53918918918919,0
8292-FRFZQ,39,0,1,2,41.15,1700.9,43.61282051282051,0
8591-NXRCV,41,1,0,2,74.65,3090.65,75.38170731707318,0
7895-VONWT,25,0,0,0,48.25,1293.8,51.751999999999995,0
4526-RMTLL,8,1,2,3,76.15,645.8,80.725,0
6253-GNHWH,71,1,2,1,71.1,5224.95,73.59084507042253,0
4566-NECEV,5,1,0,0,96.55,500.1,100.02000000000001,0
8080-POTJR,30,1,1,3,79.3,2427.1,80.90333333333334,0
6906-MPARY,40,1,1,3,89.6,3488.15,87.20375,0
3662-FXJFO,54,1,2,1,20.5,1035.7,19.17962962962963,0
8107-RZLNV,72,1,2,2,106.3,7565.35,105.07430555555555,0
0516-OOHAR,28,1,1,2,100.35,2799.0,99.96428571428571,0
2027-CWDNU,18,1,0,0,85.6,1601.5,88.97222222222223,0
2737-WFVYW,2,0,0,0,45.25,85.5,42.75,1
9912-OMZDS,59,1,1,0,106.15,6256.2,106.03728813559322,0
3733-ZEECP,22,1,0,0,51.1,1232.9,56.040909090909096,0
7878-RTCZG,1,1,0,1,19.9,19.9,19.9,0
2452-MRMZF,72,1,2,3,25.7,1937.4,26.908333333333335,0
2272-QAGFO,14,1,0,0,74.3,1096.25,78.30357142857143,1
7103-IPXPJ,50,1,1,0,99.4,5059.75,101.195,0
4342-HFXWS,48,1,1,2,69.7,3023.65,62.99270833333333,0
3545-CNWRG,49,1,0,0,98.35,4889.2,99.7795918367347,0
1785-BPHTP,28,1,0,0,85.45,2289.9,81.78214285714286,0
4989-LIXVT,68,1,0,0,95.9,6503.2,95.63529411764705,0
7315-WYOAW,13,1,0,0,100.75,1313.25,101.01923076923077,0
1173-XZPYF,11,1,0,0,89.2,990.3,90.02727272727272,0
9850-OWRHQ,3,1,0,3,74.1,228.0,76.0,1
3768-NLUBH,57,1,0,0,100.6,5746.15,100.80964912280702,1
8676-TRMJS,3,1,0,1,75.0,209.1,69.7,1
2509-TFPJU,72,1,2,3,25.75,1864.2,25.891666666666666,0
9530-GRMJG,70,1,2,0,84.1,5979.7,85.42428571428572,0
6898-RBTLU,49,1,2,2,79.3,3902.45,79.64183673469387,0
5481-NTDOH,67,1,1,3,107.05,7142.5,106.6044776119403,0
2068-WWXQZ,46,1,2,2,20.05,902.0,19.608695652173914,0
7359-SSBJK,64,1,2,3,70.2,4481.0,70.015625,1
2061-VVFST,37,1,0,2,19.5,805.2,21.762162162162163,0
0685-MLYYM,2,1,0,0,70.75,154.85,77.425,1
0749-IRGQE,13,0,0,0,45.3,528.45,40.650000000000006,0
2380-DAMQP,72,1,2,0,115.15,8349.7,115.96805555555557,0
2256-YLYLP,68,1,2,2,72.95,4953.25,72.84191176470588,0
1272-ILHFG,15,1,1,1,19.65,332.65,22.176666666666666,0
0164-XAIRP,24,1,2,2,19.55,470.2,19.591666666666665,0
5666-CYCYZ,24,1,0,0,89.55,2259.35,94.13958333333333,0
4011-ARPHK,27,1,0,1,50.35,1411.35,52.27222222222222,0
8182-PNAGI,12,1,0,2,50.25,593.75,49.479166666666664,1
6365-HITVU,71,1,2,3,87.25,6328.7,89.13661971830986,0
7558-IMLMT,67,1,2,1,20.8,1411.9,21.07313432835821,0
9488-FYQAU,63,1,2,2,109.25,6841.4,108.59365079365078,0
3590-TCXTB,1,1,0,1,20.35,20.35,20.35,0
6994-KERXL,4,1,0,0,55.9,238.5,59.625,0
7957-RYHQD,40,1,0,3,79.2,3233.85,80.84625,1
2180-DXNEG,12,1,0,0,96.0,1062.1,88.50833333333333,1
1960-UOTYM,52,1,2,0,79.2,4016.3,77.23653846153846,0
2740-JFBOK,10,1,0,0,24.0,226.55,22.655,0
6500-JVEGC,68,1,1,2,101.35,7110.75,104.56985294117646,0
5515-AKOAJ,54,1,0,0,100.1,5440.9,100.7574074074074,1
8976-OQHGT,4,1,0,1,56.5,235.1,58.775,1
5245-VDBUR,52,0,1,1,35.45,1958.95,37.67211538461539,0
6230-BSUXY,1,1,0,0,85.0,85.0,85.0,1
8469-SNFFH,70,1,1,2,79.4,5528.9,78.9842857142857,0
2144-ESWKO,43,0,1,3,35.2,1463.7,34.03953488372093,0
1241-FPMOF,52,1,2,1,19.65,1025.05,19.7125,0
9928-BZVLZ,12,0,2,1,49.85,552.1,46.00833333333333,0
4114-QMKVN,56,1,1,2,68.75,3815.4,68.13214285714285,0
9003-CPATH,42,1,0,0,79.9,3313.4,78.89047619047619,0
1754-GKYPY,22,1,0,2,89.75,1938.9,88.13181818181819,0
5294-CDGWY,51,0,1,0,59.3,3014.65,59.11078431372549,1
7956-XQWGU,27,1,0,3,19.4,460.25,17.046296296296298,0
1591-MQJTP,51,1,1,2,93.65,4839.15,94.88529411764705,0
5295-PCJOO,4,1,0,0,49.4,184.4,46.1,1
2369-FEVNO,1,1,0,1,19.9,19.9,19.9,0
9863-JZAIC,35,1,0,1,55.0,2010.55,57.44428571428571,1
7471-MQPOS,71,1,1,2,72.9,5139.65,72.38943661971831,0
7660-HDPJV,1,1,0,0,69.2,69.2,69.2,1
5115-SQAAU,69,1,2,2,25.6,1673.4,24.252173913043478,0
9845-QOMAD,14,1,1,1,19.75,309.35,22.09642857142857,0
7672-VFMXZ,57,1,0,0,55.7,3171.6,55.642105263157895,0
9739-JLPQJ,72,1,2,3,117.5,8670.1,120.41805555555555,0
9916-AYHTC,48,1,2,3,19.85,916.0,19.083333333333332,0
3855-ONCAR,4,1,0,1,78.9,299.75,74.9375,0
1488-SYSFC,31,1,0,0,20.65,702.05,22.646774193548385,0
7931-PXHFC,38,1,1,1,62.3,2354.8,61.968421052631584,1
3990-QYKBE,37,1,0,0,92.5,3473.4,93.87567567567568,1
0970-QXPXW,1,1,0,1,19.65,19.65,19.65,0
3259-KNMRR,57,1,2,2,79.75,4438.2,77.86315789473684,0
6120-RJKLU,62,1,2,3,79.95,4819.75,77.73790322580645,0
9572-WUKSB,3,0,0,0,29.9,92.25,30.75,0
5893-KCLGT,72,1,2,1,19.75,1567.0,21.76388888888889,0
0076-LVEPS,29,0,0,1,45.0,1242.45,42.84310344827586,0
3640-JQGJG,13,1,0,2,44.8,559.2,43.01538461538462,0
4919-MOAVT,3,1,0,0,69.65,220.1,73.36666666666666,1
1596-OQSPS,11,1,0,0,51.1,531.15,48.28636363636363,0
9867-XOBQA,21,0,2,1,53.15,1183.2,56.34285714285714,0
9546-KDTRB,19,1,0,2,24.7,465.85,24.51842105263158,0
3090-HAWSU,61,1,2,3,111.6,6876.05,112.72213114754099,1
9820-RMCQV,11,1,0,3,48.55,501.0,45.54545454545455,1
3174-RKMOW,35,1,0,0,109.95,3782.4,108.06857142857143,0
1760-CAZHT,25,1,0,1,20.8,460.2,18.408,0
7839-QRKXN,1,1,0,1,20.2,20.2,20.2,1
8441-SHIPE,67,1,2,2,25.6,1790.35,26.721641791044775,0
5204-QZXPU,19,0,0,0,39.65,733.35,38.597368421052636,1
4597-ELFTS,56,1,1,0,24.9,1334.0,23.821428571428573,1
1320-GVNHT,72,1,2,3,108.4,7767.25,107.87847222222223,0
1047-RNXZV,43,1,2,1,19.55,876.15,20.375581395348835,0
3541-ZNUHK,55,1,0,0,85.1,4600.95,83.65363636363637,0
8450-JOVAH,2,1,0,1,56.7,113.55,56.775,1
8725-JEDFD,27,1,0,1,69.05,1793.25,66.41666666666667,0
7562-UXTPG,13,1,0,1,70.15,886.7,68.20769230769231,0
8071-SBTRN,70,1,2,1,111.15,7737.55,110.53642857142857,0
1113-IUJYX,14,1,1,1,105.95,1348.9,96.35000000000001,1
6668-CNMFP,19,1,1,2,89.35,1686.85,88.78157894736842,0
5626-MGTUK,20,1,0,2,89.1,1879.25,93.9625,0
5681-LLOEI,43,1,1,3,91.25,4013.8,93.34418604651164,0
8212-DJRCH,5,1,0,1,90.35,434.5,86.9,0
4323-OHFOW,70,1,1,2,105.55,7195.35,102.79071428571429,0
4933-BSAIP,40,1,2,1,19.1,780.1,19.5025,0
2030-BTZRO,6,1,2,3,20.4,107.6,17.933333333333334,0
1116-DXXDF,39,1,2,0,100.45,3801.7,97.47948717948718,0
9274-CNFMO,4,1,0,0,74.95,308.7,77.175,1
7758-XKCBS,15,0,0,0,29.7,438.25,29.216666666666665,1
8992-JQYUN,1,0,0,0,50.35,50.35,50.35,1
6563-VNPMN,45,1,0,2,85.7,3778.1,83.95777777777778,0
0617-AQNWT,64,0,2,0,47.85,3147.5,49.1796875,1
2267-WTPYD,57,1,0,3,94.0,5438.95,95.42017543859649,0
0270-THENM,72,1,2,2,69.85,5102.35,70.86597222222223,0
2446-PLQVO,1,1,0,0,70.3,70.3,70.3,1
4707-MAXGU,72,1,2,3,25.85,1872.2,26.00277777777778,0
2710-WYVXG,3,1,2,1,71.1,213.35,71.11666666666666,0
3005-NFMTA,55,1,0,0,98.8,5617.75,102.14090909090909,1
6300-BWMJX,59,1,0,0,93.35,5386.5,91.29661016949153,0
8784-CGILN,18,1,0,2,99.85,1776.95,98.71944444444445,1
5389-FFVKB,32,1,0,3,80.3,2483.05,77.5953125,1
7009-LGECI,4,1,0,2,50.55,235.65,58.9125,0
8444-WRIDW,66,1,0,3,80.45,5224.35,79.15681818181818,1
5022-KVDQT,27,1,0,0,81.3,2272.8,84.17777777777779,0
7976-CICYS,4,1,0,3,20.7,83.75,20.9375,0
1036-GUDCL,60,1,0,3,79.05,4663.4,77.72333333333333,0
2005-DWQZJ,8,1,2,1,19.05,201.7,25.2125,0
8148-WOCMK,8,1,2,3,19.6,125.0,15.625,0
7815-PDTHL,35,1,2,1,20.2,684.4,19.554285714285715,0
9451-LPGOO,7,1,0,0,86.8,620.35,88.62142857142858,1
9173-IVZVP,53,1,2,1,20.9,1146.05,21.623584905660376,0
9129-UXERG,18,1,0,3,103.6,1806.35,100.35277777777777,0
3635-JBPSG,15,0,2,1,38.8,603.0,40.2,0
7964-ZRKKG,67,1,1,2,88.4,5798.3,86.54179104477612,0
5868-YWPDW,6,1,0,0,84.2,519.15,86.52499999999999,1
6229-LSCKB,6,1,0,0,79.7,497.6,82.93333333333334,0
2025-JKFWI,13,1,0,1,99.0,1301.7,100.13076923076923,1
4078-SAYYN,11,1,0,0,100.75,1129.75,102.70454545454545,1
1724-IQWNM,1,1,0,1,19.3,19.3,19.3,0
8217-QYOHV,5,1,0,1,55.75,266.95,53.39,0
5546-QUERU,13,1,1,1,19.95,257.0,19.76923076923077,0
9940-HPQPG,9,1,0,2,91.75,865.8,96.19999999999999,1
6897-UUBNU,29,1,0,1,89.65,2623.65,90.47068965517242,0
6127-IYJOZ,1,1,0,1,45.85,45.85,45.85,0
6618-RYATB,1,1,0,1,79.55,79.55,79.55,1
8930-XOTDP,18,1,0,1,55.95,1082.8,60.15555555555555,0
5916-QEWPT,2,1,0,3,69.0,147.8,73.9,0
5060-TQUQN,30,1,0,2,83.55,2570.2,85.67333333333333,0
0531-XBKMM,66,1,2,2,65.7,4378.9,66.3469696969697,0
8465-SBRXP,38,1,2,2,94.9,3616.25,95.16447368421052,0
2408-PSJVE,44,1,0,1,61.9,2924.05,66.45568181818182,0
9079-YEXQJ,54,1,0,0,111.1,6014.85,111.38611111111112,1
9700-ZCLOT,2,1,0,1,20.0,32.7,16.35,0
8738-JOKAR,42,1,1,1,67.7,2882.25,68.625,0
4534-WGCIR,58,1,2,3,25.15,1509.9,26.032758620689656,0
1930-WNXSB,58,1,0,0,92.85,5305.05,91.46637931034483,0
2685-SREOM,25,1,0,0,89.1,2368.4,94.736,1
3508-CFVZL,71,1,2,1,111.3,7985.9,112.47746478873239,0
0402-CQAJN,37,1,0,2,101.9,3545.35,95.82027027027027,1
6692-UDPJC,14,1,0,0,91.65,1301.0,92.92857142857143,1
1273-MTETI,4,1,0,0,88.85,372.45,93.1125,1
0657-DOGUM,48,1,1,2,60.6,2985.25,62.192708333333336,0
5480-HPRRX,3,0,0,0,25.3,77.75,25.916666666666668,1
8792-AOROI,8,1,2,1,65.5,564.35,70.54375,0
0295-PPHDO,1,1,0,0,95.45,95.45,95.45,1
5146-YYFRZ,67,1,2,2,19.95,1311.75,19.578358208955223,0
1195-OIYEJ,13,1,0,0,91.1,1135.7,87.36153846153846,1
5906-CVLHP,45,1,1,3,54.15,2319.8,51.55111111111111,1
3452-SRFEG,49,1,0,2,74.6,3720.35,75.92551020408163,0
4070-OKWVH,52,1,0,2,94.6,5025.8,96.65,0
5297-MDOIR,63,1,1,3,81.15,5224.5,82.92857142857143,0
6369-MCAKO,68,1,2,2,89.05,6185.8,90.96764705882353,0
4926-UMJZD,31,1,0,1,49.2,1498.55,48.34032258064516,0
6848-HJTXY,64,1,2,3,19.45,1208.6,18.884375,0
6341-AEVKX,62,1,1,0,104.3,6613.65,106.67177419354839,0
4501-EQDRN,1,1,0,2,69.7,69.7,69.7,1
2990-HWIML,6,1,0,0,89.5,573.3,95.55,1
0682-USIXD,21,1,0,0,86.05,1818.9,86.61428571428571,0
6976-BWGLQ,72,1,2,2,25.2,1787.35,24.824305555555554,0
7078-NVFAM,32,0,0,0,35.15,1051.05,32.8453125,0
8065-QBYTO,71,1,1,3,99.65,7181.25,101.1443661971831,0
2133-TSRRM,34,1,0,2,105.35,3688.6,108.48823529411764,0
7384-GHBPI,3,0,0,0,35.15,99.75,33.25,1
7603-USHJS,12,1,0,3,73.75,871.4,72.61666666666666,1
7234-FECYN,8,1,0,0,101.35,780.5,97.5625,1
2511-ALLCS,35,1,2,2,24.3,821.6,23.474285714285713,0
3191-CSNMG,3,1,0,0,80.7,239.45,79.81666666666666,0
7952-OBOYL,3,1,0,1,89.85,244.45,81.48333333333333,0
7470-DYNOE,53,1,1,0,61.1,3357.9,63.35660377358491,0
7853-OETYL,4,0,0,0,29.05,129.6,32.4,0
1545-ACTAS,48,1,1,2,99.7,4977.2,103.69166666666666,0
5876-HZVZM,6,1,0,3,55.9,365.35,60.89166666666667,1
1400-MMYXY,3,1,0,0,105.9,334.65,111.55,1
5126-RCXYW,54,0,2,3,46.0,2424.05,44.88981481481482,0
3085-QUOZK,1,1,0,1,43.95,43.95,43.95,1
2363-BJLSL,62,1,0,2,80.4,4981.15,80.34112903225805,0
1956-YIFGE,22,1,1,1,100.05,2090.25,95.01136363636364,0
3926-CUQZX,1,1,0,2,45.1,45.1,45.1,1
7921-LMDFQ,51,1,1,2,94.0,4905.75,96.19117647058823,0
2925-MXLSX,30,1,1,3,68.95,2038.7,67.95666666666666,0
5820-PTRYM,56,1,1,3,68.45,4014.0,71.67857142857143,0
9609-BENEA,35,1,1,0,69.0,2441.7,69.76285714285714,0
6211-WHMYA,64,0,0,0,43.85,2751.0,42.984375,0
4459-BBGHE,30,0,0,0,44.5,1307.8,43.593333333333334,0
9945-PSVIP,25,1,2,1,18.7,383.65,15.345999999999998,0
1041-RXHRA,41,1,0,2,70.25,2868.05,69.95243902439024,1
1750-CSKKM,9,1,0,0,55.35,449.75,49.97222222222222,1
9108-EJFJP,1,1,0,1,53.55,53.55,53.55,0
0530-IJVDB,70,1,2,0,114.6,7882.5,112.60714285714286,0
0508-SQWPL,57,1,2,2,20.1,1087.7,19.082456140350878,0
2215-ZAFGX,9,1,0,0,85.5,791.7,87.96666666666667,0
8213-TAZPM,69,1,1,2,108.75,7493.05,108.59492753623189,0
7142-HVGBG,43,1,0,0,103.0,4414.3,102.65813953488373,1
1304-SEGFY,72,1,2,0,97.85,6841.3,95.01805555555556,0
7242-EDTYC,44,1,2,2,19.55,819.95,18.635227272727274,0
2904-GGUAZ,72,1,2,2,84.05,6052.25,84.05902777777777,0
8267-ZNYVZ,33,1,1,0,103.75,3361.05,101.85000000000001,1
5136-GFPMB,54,1,0,3,89.4,4869.5,90.17592592592592,0
2595-KIWPV,27,1,2,3,19.7,509.3,18.862962962962964,0
5243-SAOTC,54,1,0,2,79.85,4308.25,79.7824074074074,0
9398-MMQTO,3,1,0,3,74.45,221.1,73.7,0
7619-PLRLP,53,1,1,2,74.1,3833.95,72.33867924528302,0
6457-GIRWB,1,1,0,0,69.35,69.35,69.35,1
6508-NJYRO,15,1,1,1,18.8,294.95,19.663333333333334,0
1450-SKCVI,56,1,0,0,73.85,4092.85,73.08660714285715,1
4710-NKCAW,5,1,0,3,64.4,316.9,63.379999999999995,0
5306-BVTKJ,48,1,1,3,55.8,2651.2,55.23333333333333,0
0357-NVCRI,25,1,0,3,20.05,471.7,18.868,0
5570-PTWEH,3,1,0,3,75.15,216.75,72.25,1
2371-KFUOG,58,1,1,2,99.15,5720.95,98.63706896551724,0
0463-ZSDNT,10,1,0,2,56.75,503.25,50.325,0
6502-MJQAE,1,1,0,0,69.6,69.6,69.6,1
6257-DTAYD,71,1,2,3,104.15,7365.3,103.73661971830987,0
4616-ULAOA,65,1,2,3,110.8,7245.9,111.47538461538461,0
7693-LCKZL,5,1,0,0,80.15,385.0,77.0,1
7746-AWNQW,28,0,0,1,35.75,961.4,34.33571428571428,0
5996-EBTKM,67,1,2,2,69.9,4615.9,68.89402985074626,0
2758-RNWXS,35,1,1,0,89.2,3251.3,92.89428571428572,0
2314-TNDJQ,72,0,2,3,55.65,3880.05,53.889583333333334,0
2405-LBMUW,61,0,1,2,50.7,3088.75,50.635245901639344,0
3454-JFUBC,68,1,2,3,20.0,1396.0,20.529411764705884,0
0032-PGELS,1,0,0,2,30.5,30.5,30.5,1
9039-ZVJDC,3,1,0,1,19.1,53.05,17.683333333333334,0
6797-LNAQX,70,1,2,2,98.3,6859.5,97.99285714285715,1
9013-AQORL,48,0,0,3,45.55,2108.35,43.92395833333333,0
2898-MRKPI,68,1,1,3,101.05,6770.5,99.56617647058823,0
2750-BJLSB,47,1,1,0,103.7,4730.6,100.65106382978725,0
3648-GZPHF,32,0,1,1,36.25,1151.05,35.9703125,0
2075-RMJIK,5,1,0,1,49.4,232.55,46.510000000000005,0
9588-YRFHY,49,1,2,3,19.9,1022.6,20.869387755102043,0
6394-MFYNG,48,1,0,2,107.4,5121.3,106.69375000000001,1
1564-NTYXF,13,1,0,0,82.0,1127.2,86.70769230769231,1
9364-YKUVW,15,1,0,1,19.8,309.4,20.626666666666665,0
5392-AKEMH,12,1,0,0,45.05,523.1,43.59166666666667,0
2451-YMUXS,67,1,2,2,64.55,4250.1,63.43432835820896,0
3914-FDRHP,9,1,0,0,86.25,770.5,85.61111111111111,0
3078-ZKNTS,13,1,2,2,19.75,246.7,18.976923076923075,0
1024-KPRBB,38,1,1,1,89.1,3342.0,87.94736842105263,0
4690-PKDQG,42,1,0,0,95.55,3930.6,93.58571428571429,0
8155-IBNHG,24,1,0,3,75.4,1747.85,72.82708333333333,1
0886-QGENL,27,1,0,0,101.25,2754.45,102.01666666666667,1
9547-ITEFG,9,1,0,3,102.6,897.75,99.75,0
1264-FUHCX,49,0,1,3,56.3,2780.6,56.7469387755102,0
7789-CRUVC,61,1,0,3,94.2,5895.45,96.6467213114754,0
6598-KELSS,50,0,1,2,43.05,2208.05,44.161,0
8739-WWKDU,25,1,0,0,89.5,2196.15,87.846,1
8685-WHQPW,22,1,0,2,74.4,1692.6,76.93636363636364,1
4745-LSPLO,1,1,0,1,20.5,20.5,20.5,1
8083-YTZES,4,1,0,0,74.35,265.35,66.3375,1
7240-FQLHE,18,1,0,2,99.75,1836.25,102.01388888888889,1
6664-FPDAC,56,1,1,0,111.95,6418.9,114.62321428571428,1
9972-VAFJJ,53,1,1,0,94.0,4871.45,91.91415094339622,0
0422-UXFAP,51,1,1,0,98.85,4947.55,97.0107843137255,0
1904-WAJAA,24,1,2,0,64.35,1558.65,64.94375000000001,0
5130-YPIRV,62,1,2,3,72.0,4284.2,69.1,0
2843-CQMEG,24,1,0,1,49.7,1218.25,50.760416666666664,0
6439-PKTRR,70,1,2,0,80.7,5617.95,80.25642857142857,0
5351-QESIO,1,0,0,1,24.2,24.2,24.2,0
0786-VSSUD,16,0,0,1,39.0,679.85,42.490625,1
5568-DMXZS,8,1,0,0,65.45,554.45,69.30625,0
8468-FZTOE,72,1,2,0,74.35,5237.4,72.74166666666666,0
6633-SYEUS,23,1,0,2,83.2,2032.3,88.36086956521739,0
6447-GORXK,31,0,0,3,25.0,789.2,25.458064516129035,0
6967-PEJLL,37,0,1,0,40.2,1525.35,41.225675675675674,0
3976-BWUCK,30,1,0,3,94.1,2804.45,93.48166666666665,1
5981-ZVXOT,35,1,1,0,108.35,3726.15,106.46142857142857,0
1684-FLBGS,23,1,0,3,69.5,1652.1,71.83043478260869,0
1389-WNUIB,20,1,1,2,76.0,1588.75,79.4375,0
0376-OIWME,36,1,0,0,93.6,3366.05,93.5013888888889,0
3585-ISXZP,8,1,0,2,95.65,778.1,97.2625,1
0218-QNVAS,71,1,1,2,100.55,7113.75,100.19366197183099,0
6583-QGCSI,50,1,0,0,88.05,4367.35,87.34700000000001,1
0804-YGEQV,43,1,1,2,24.45,993.15,23.096511627906978,0
7164-BPTUT,57,1,2,1,89.55,5012.35,87.93596491228071,0
4174-LPGTI,41,1,1,2,66.5,2728.6,66.55121951219512,1
2523-EWWZL,27,1,0,0,76.1,2093.4,77.53333333333333,0
0928-XUTSN,13,1,0,0,80.5,1011.8,77.83076923076922,0
2108-XWMPY,3,0,0,1,35.45,106.85,35.61666666666667,1
0052-YNYOT,67,1,1,0,20.55,1343.4,20.050746268656717,0
6304-IJFSQ,3,1,0,1,49.9,130.1,43.36666666666667,1
9586-JGQKH,64,1,2,2,105.4,6794.75,106.16796875,0
4501-VCPFK,26,0,0,0,35.75,1022.5,39.32692307692308,0
6075-SLNIL,38,1,0,3,95.1,3691.2,97.13684210526316,0
9347-AERRL,23,1,1,3,19.3,486.2,21.139130434782608,0
0093-XWZFY,40,1,0,3,104.5,4036.85,100.92125,1
2274-XUATA,72,0,2,2,63.1,4685.55,65.07708333333333,0
1980-KXVPM,3,1,0,3,75.05,256.25,85.41666666666667,1
7703-ZEKEF,23,1,0,0,81.0,1917.1,83.35217391304347,1
0723-DRCLG,1,1,0,0,74.45,74.45,74.45,1
5482-NUPNA,4,1,0,1,60.4,272.15,68.0375,1
6691-CCIHA,62,1,2,0,84.95,5150.55,83.0733870967742,0
1685-BQULA,40,1,0,2,93.4,3756.4,93.91,0
9053-EJUNL,41,1,0,0,89.2,3645.75,88.92073170731707,0
0666-UXTJO,34,1,0,3,85.2,2874.45,84.54264705882352,0
1471-GIQKQ,1,1,0,0,49.95,49.95,49.95,0
4807-IZYOZ,51,1,2,2,20.65,1020.75,20.014705882352942,0
1122-JWTJW,1,1,0,1,70.65,70.65,70.65,1
9710-NJERN,39,1,2,1,20.15,826.0,21.17948717948718,0
9837-FWLCH,12,1,0,0,19.2,239.0,19.916666666666668,0
1699-HPSBG,12,1,1,0,59.8,727.8,60.65,1
7203-OYKCT,72,1,1,0,104.95,7544.3,104.78194444444445,0
1035-IPQPU,63,1,0,0,103.5,6479.4,102.84761904761905,0
7398-LXGYX,44,1,0,3,84.8,3626.35,82.41704545454546,0
2823-LKABH,18,1,0,2,95.05,1679.4,93.30000000000001,0
8775-CEBBJ,9,1,0,2,44.2,403.35,44.81666666666667,1
0550-DCXLH,13,1,0,1,73.35,931.55,71.6576923076923,0
9281-CEDRU,68,1,2,2,64.1,4326.25,63.62132352941177,0
2235-DWLJU,6,0,0,0,44.4,263.05,43.84166666666667,0
0871-OPBXW,2,1,0,1,20.05,39.25,19.625,0
3605-JISKB,55,1,1,3,60.0,3316.1,60.29272727272727,0
6894-LFHLY,1,1,0,0,75.75,75.75,75.75,1
9767-FFLEM,38,1,0,3,69.5,2625.25,69.08552631578948,0
0639-TSIQW,67,1,0,3,102.95,6886.25,102.77985074626865,1
8456-QDAVC,19,1,0,2,78.7,1495.1,78.68947368421053,0
7750-EYXWZ,12,0,1,0,60.65,743.3,61.94166666666666,0
2569-WGERO,72,1,2,2,21.15,1419.4,19.71388888888889,0
6840-RESVB,24,1,1,1,84.8,1990.5,82.9375,0
2234-XADUH,72,1,1,3,103.2,7362.9,102.26249999999999,0
4801-JZAZL,11,0,0,0,29.6,346.45,31.495454545454546,0
8361-LTMKD,4,1,0,1,74.4,306.6,76.65,1
3186-AJIEK,66,1,2,2,105.65,6844.5,103.70454545454545,0
